timeStamp,elapsed,label,responseCode,threadName,success,bytes,sentBytes,grpThreads,allThreads,Latency,Connect
1774965799162,301,Login,200,Cenario 1 - Carga Basica 1-2,true,718,235,2,2,301,1
1774965798754,391,Login,200,Cenario 1 - Carga Basica 1-1,true,719,235,1,1,388,26
1774965799870,102,GET Articles,200,Cenario 1 - Carga Basica 1-1,true,708073,293,3,3,99,0
1774965799870,170,GET Articles,200,Cenario 1 - Carga Basica 1-2,true,708074,293,3,3,168,0
1774965799662,377,Login,200,Cenario 1 - Carga Basica 1-3,true,718,235,3,3,377,0
1774965800041,77,GET Articles,200,Cenario 1 - Carga Basica 1-3,true,708072,293,3,3,74,0
1774965799973,366,Login,200,Cenario 1 - Carga Basica 1-1,true,718,235,4,4,366,0
1774965800041,310,Login,200,Cenario 1 - Carga Basica 1-2,true,718,235,4,4,310,0
1774965800340,46,GET Articles,200,Cenario 1 - Carga Basica 1-1,true,708072,293,4,4,44,0
1774965800119,298,Login,200,Cenario 1 - Carga Basica 1-3,true,718,235,4,4,298,0
1774965800352,67,GET Articles,200,Cenario 1 - Carga Basica 1-2,true,708072,293,4,4,64,0
1774965800419,54,GET Articles,200,Cenario 1 - Carga Basica 1-3,true,708072,293,4,4,52,0
1774965800160,457,Login,200,Cenario 1 - Carga Basica 1-4,true,718,235,4,4,457,1
1774965800387,302,Login,200,Cenario 1 - Carga Basica 1-1,true,718,235,5,5,302,0
1774965800618,125,GET Articles,200,Cenario 1 - Carga Basica 1-4,true,708072,293,5,5,122,0
1774965800420,322,Login,200,Cenario 1 - Carga Basica 1-2,true,718,235,5,5,322,0
1774965800690,112,GET Articles,200,Cenario 1 - Carga Basica 1-1,true,708072,293,5,5,110,0
1774965800474,410,Login,200,Cenario 1 - Carga Basica 1-3,true,718,235,5,5,410,0
1774965800743,177,GET Articles,200,Cenario 1 - Carga Basica 1-2,true,708072,293,5,5,175,0
1774965800661,353,Login,200,Cenario 1 - Carga Basica 1-5,true,718,235,5,5,353,0
1774965800885,165,GET Articles,200,Cenario 1 - Carga Basica 1-3,true,708072,293,5,5,163,0
1774965800743,321,Login,200,Cenario 1 - Carga Basica 1-4,true,718,235,5,5,321,0
1774965801015,78,GET Articles,200,Cenario 1 - Carga Basica 1-5,true,708072,293,5,5,76,0
1774965800803,379,Login,200,Cenario 1 - Carga Basica 1-1,true,718,235,6,6,379,0
1774965801065,146,GET Articles,200,Cenario 1 - Carga Basica 1-4,true,708072,293,6,6,145,0
1774965800920,394,Login,200,Cenario 1 - Carga Basica 1-2,true,718,235,6,6,394,0
1774965801051,304,Login,200,Cenario 1 - Carga Basica 1-3,true,718,235,6,6,304,0
1774965801185,221,GET Articles,200,Cenario 1 - Carga Basica 1-1,true,708072,293,6,6,219,0
1774965801094,381,Login,200,Cenario 1 - Carga Basica 1-5,true,718,235,6,6,381,0
1774965801316,187,GET Articles,200,Cenario 1 - Carga Basica 1-2,true,708072,293,6,6,185,0
1774965801356,173,GET Articles,200,Cenario 1 - Carga Basica 1-3,true,708072,293,6,6,171,0
1774965801160,419,Login,200,Cenario 1 - Carga Basica 1-6,true,718,235,6,6,419,1
1774965801476,153,GET Articles,200,Cenario 1 - Carga Basica 1-5,true,708072,293,6,6,151,0
1774965801212,456,Login,200,Cenario 1 - Carga Basica 1-4,true,718,235,7,7,455,0
1774965801406,381,Login,200,Cenario 1 - Carga Basica 1-1,true,718,235,7,7,381,0
1774965801581,257,GET Articles,200,Cenario 1 - Carga Basica 1-6,true,708072,293,7,7,255,0
1774965801503,381,Login,200,Cenario 1 - Carga Basica 1-2,true,718,235,7,7,381,0
1774965801530,396,Login,200,Cenario 1 - Carga Basica 1-3,true,718,235,7,7,396,0
1774965801669,286,GET Articles,200,Cenario 1 - Carga Basica 1-4,true,708072,293,7,7,284,0
1774965801788,193,GET Articles,200,Cenario 1 - Carga Basica 1-1,true,708072,293,7,7,191,0
1774965801630,470,Login,200,Cenario 1 - Carga Basica 1-5,true,718,235,7,7,470,0
1774965801661,509,Login,200,Cenario 1 - Carga Basica 1-7,true,718,235,8,8,509,0
1774965801885,286,GET Articles,200,Cenario 1 - Carga Basica 1-2,true,708072,293,8,8,284,0
1774965801928,296,GET Articles,200,Cenario 1 - Carga Basica 1-3,true,708072,293,8,8,294,0
1774965801838,398,Login,200,Cenario 1 - Carga Basica 1-6,true,718,235,8,8,398,0
1774965802101,186,GET Articles,200,Cenario 1 - Carga Basica 1-5,true,708072,293,8,8,184,0
1774965801956,477,Login,200,Cenario 1 - Carga Basica 1-4,true,718,235,8,8,477,0
1774965802171,312,GET Articles,200,Cenario 1 - Carga Basica 1-7,true,708072,293,8,8,310,0
1774965801982,501,Login,200,Cenario 1 - Carga Basica 1-1,true,718,235,8,8,501,0
1774965802160,386,Login,200,Cenario 1 - Carga Basica 1-8,true,718,235,8,8,386,1
1774965802237,344,GET Articles,200,Cenario 1 - Carga Basica 1-6,true,708072,293,8,8,342,0
1774965802224,518,Login,200,Cenario 1 - Carga Basica 1-3,true,718,235,9,9,518,0
1774965802172,598,Login,200,Cenario 1 - Carga Basica 1-2,true,718,235,9,9,598,0
1774965802434,337,GET Articles,200,Cenario 1 - Carga Basica 1-4,true,708072,293,9,9,335,0
1774965802484,341,GET Articles,200,Cenario 1 - Carga Basica 1-1,true,708072,293,9,9,339,0
1774965802287,572,Login,200,Cenario 1 - Carga Basica 1-5,true,718,235,9,9,572,0
1774965802547,313,GET Articles,200,Cenario 1 - Carga Basica 1-8,true,708072,293,9,9,311,0
1774965802484,544,Login,200,Cenario 1 - Carga Basica 1-7,true,718,235,9,9,544,0
1774965802743,336,GET Articles,200,Cenario 1 - Carga Basica 1-3,true,708072,293,9,9,334,0
1774965802771,357,GET Articles,200,Cenario 1 - Carga Basica 1-2,true,708072,293,9,9,355,0
1774965802661,468,Login,200,Cenario 1 - Carga Basica 1-9,true,718,235,9,9,468,0
1774965802582,548,Login,200,Cenario 1 - Carga Basica 1-6,true,718,235,9,9,548,0
1774965802860,330,GET Articles,200,Cenario 1 - Carga Basica 1-5,true,708072,293,10,10,328,0
1774965802771,628,Login,200,Cenario 1 - Carga Basica 1-4,true,718,235,10,10,628,0
1774965802826,578,Login,200,Cenario 1 - Carga Basica 1-1,true,718,235,10,10,578,0
1774965803029,402,GET Articles,200,Cenario 1 - Carga Basica 1-7,true,708072,293,10,10,400,0
1774965802861,591,Login,200,Cenario 1 - Carga Basica 1-8,true,718,235,10,10,591,0
1774965803130,374,GET Articles,200,Cenario 1 - Carga Basica 1-9,true,708072,293,10,10,371,0
1774965803131,424,GET Articles,200,Cenario 1 - Carga Basica 1-6,true,708072,293,10,10,422,0
1774965803079,622,Login,200,Cenario 1 - Carga Basica 1-3,true,718,235,10,10,621,0
1774965803128,575,Login,200,Cenario 1 - Carga Basica 1-2,true,718,235,10,10,575,0
1774965803400,336,GET Articles,200,Cenario 1 - Carga Basica 1-4,true,708072,293,10,10,334,0
1774965803405,360,GET Articles,200,Cenario 1 - Carga Basica 1-1,true,708072,293,10,10,358,0
1774965803162,662,Login,200,Cenario 1 - Carga Basica 1-10,true,718,235,10,10,662,1
1774965803453,462,GET Articles,200,Cenario 1 - Carga Basica 1-8,true,708072,293,10,10,460,0
1774965803190,787,Login,200,Cenario 1 - Carga Basica 1-5,true,718,235,10,10,787,0
1774965803432,602,Login,200,Cenario 1 - Carga Basica 1-7,true,718,235,10,10,602,0
1774965803702,386,GET Articles,200,Cenario 1 - Carga Basica 1-3,true,708072,293,10,10,384,0
1774965803704,436,GET Articles,200,Cenario 1 - Carga Basica 1-2,true,708072,293,10,10,434,0
1774965803504,684,Login,200,Cenario 1 - Carga Basica 1-9,true,718,235,10,10,684,0
1774965803555,697,Login,200,Cenario 1 - Carga Basica 1-6,true,718,235,10,10,697,0
1774965803825,465,GET Articles,200,Cenario 1 - Carga Basica 1-10,true,708072,293,10,10,463,0
1774965803737,674,Login,200,Cenario 1 - Carga Basica 1-4,true,718,235,10,10,674,0
1774965803978,468,GET Articles,200,Cenario 1 - Carga Basica 1-5,true,708072,293,10,10,467,0
1774965803765,713,Login,200,Cenario 1 - Carga Basica 1-1,true,718,235,10,10,713,0
1774965804036,443,GET Articles,200,Cenario 1 - Carga Basica 1-7,true,708072,293,10,10,441,0
1774965803916,639,Login,200,Cenario 1 - Carga Basica 1-8,true,718,235,10,10,639,0
1774965804189,419,GET Articles,200,Cenario 1 - Carga Basica 1-9,true,708072,293,10,10,417,0
1774965804253,406,GET Articles,200,Cenario 1 - Carga Basica 1-6,true,708072,293,10,10,404,0
1774965804140,603,Login,200,Cenario 1 - Carga Basica 1-2,true,718,235,10,10,603,0
1774965804089,655,Login,200,Cenario 1 - Carga Basica 1-3,true,718,235,10,10,655,0
1774965804412,366,GET Articles,200,Cenario 1 - Carga Basica 1-4,true,708072,293,10,10,364,0
1774965804479,325,GET Articles,200,Cenario 1 - Carga Basica 1-1,true,708072,293,10,10,323,0
1774965804291,629,Login,200,Cenario 1 - Carga Basica 1-10,true,718,235,10,10,629,0
1774965804556,417,GET Articles,200,Cenario 1 - Carga Basica 1-8,true,708072,293,10,10,415,0
1774965804447,564,Login,200,Cenario 1 - Carga Basica 1-5,true,718,235,10,10,564,0
1774965804479,585,Login,200,Cenario 1 - Carga Basica 1-7,true,718,235,10,10,585,0
1774965804744,349,GET Articles,200,Cenario 1 - Carga Basica 1-2,true,708072,293,10,10,347,0
1774965804745,375,GET Articles,200,Cenario 1 - Carga Basica 1-3,true,708072,293,10,10,373,0
1774965804609,623,Login,200,Cenario 1 - Carga Basica 1-9,true,718,235,10,10,623,0
1774965804659,614,Login,200,Cenario 1 - Carga Basica 1-6,true,718,235,10,10,614,0
1774965804921,385,GET Articles,200,Cenario 1 - Carga Basica 1-10,true,708072,293,10,10,383,0
1774965804778,597,Login,200,Cenario 1 - Carga Basica 1-4,true,718,235,10,10,597,0
1774965805012,414,GET Articles,200,Cenario 1 - Carga Basica 1-5,true,708072,293,10,10,413,0
1774965805065,412,GET Articles,200,Cenario 1 - Carga Basica 1-7,true,708072,293,10,10,410,0
1774965804804,688,Login,200,Cenario 1 - Carga Basica 1-1,true,718,235,10,10,688,0
1774965804973,591,Login,200,Cenario 1 - Carga Basica 1-8,true,718,235,10,10,591,0
1774965805233,387,GET Articles,200,Cenario 1 - Carga Basica 1-9,true,708072,293,10,10,386,0
1774965805274,375,GET Articles,200,Cenario 1 - Carga Basica 1-6,true,708072,293,10,10,372,0
1774965805093,645,Login,200,Cenario 1 - Carga Basica 1-2,true,718,235,10,10,645,0
1774965805121,660,Login,200,Cenario 1 - Carga Basica 1-3,true,718,235,10,10,660,0
1774965805376,406,GET Articles,200,Cenario 1 - Carga Basica 1-4,true,708072,293,10,10,404,0
1774965805306,601,Login,200,Cenario 1 - Carga Basica 1-10,true,718,235,10,10,601,0
1774965805493,465,GET Articles,200,Cenario 1 - Carga Basica 1-1,true,708072,293,10,10,463,0
1774965805565,446,GET Articles,200,Cenario 1 - Carga Basica 1-8,true,708072,293,10,10,443,0
1774965805477,566,Login,200,Cenario 1 - Carga Basica 1-7,true,718,235,10,10,566,0
1774965805427,620,Login,200,Cenario 1 - Carga Basica 1-5,true,718,235,10,10,620,0
1774965805739,337,GET Articles,200,Cenario 1 - Carga Basica 1-2,true,708072,293,10,10,335,0
1774965805782,322,GET Articles,200,Cenario 1 - Carga Basica 1-3,true,708072,293,10,10,320,0
1774965805621,660,Login,200,Cenario 1 - Carga Basica 1-9,true,718,235,10,10,660,0
1774965805649,685,Login,200,Cenario 1 - Carga Basica 1-6,true,718,235,10,10,684,0
1774965805908,427,GET Articles,200,Cenario 1 - Carga Basica 1-10,true,708072,293,10,10,425,0
1774965805782,592,Login,200,Cenario 1 - Carga Basica 1-4,true,718,235,10,10,592,0
1774965806044,370,GET Articles,200,Cenario 1 - Carga Basica 1-7,true,708072,293,10,10,368,0
1774965806048,414,GET Articles,200,Cenario 1 - Carga Basica 1-5,true,708072,293,10,10,412,0
1774965806011,592,Login,200,Cenario 1 - Carga Basica 1-8,true,718,235,10,10,592,0
1774965805958,646,Login,200,Cenario 1 - Carga Basica 1-1,true,718,235,10,10,646,0
1774965806282,379,GET Articles,200,Cenario 1 - Carga Basica 1-9,true,708072,293,10,10,377,0
1774965806335,355,GET Articles,200,Cenario 1 - Carga Basica 1-6,true,708072,293,10,10,353,0
1774965806077,645,Login,200,Cenario 1 - Carga Basica 1-2,true,718,235,10,10,645,0
1774965806375,387,GET Articles,200,Cenario 1 - Carga Basica 1-4,true,708072,293,10,10,385,0
1774965806105,767,Login,200,Cenario 1 - Carga Basica 1-3,true,718,235,10,10,767,0
1774965806335,616,Login,200,Cenario 1 - Carga Basica 1-10,true,718,235,10,10,616,0
1774965806604,381,GET Articles,200,Cenario 1 - Carga Basica 1-8,true,708072,293,10,10,375,0
1774965806605,408,GET Articles,200,Cenario 1 - Carga Basica 1-1,true,708072,293,10,10,407,0
1774965806414,605,Login,200,Cenario 1 - Carga Basica 1-7,true,718,235,10,10,605,0
1774965806463,671,Login,200,Cenario 1 - Carga Basica 1-5,true,718,235,10,10,671,0
1774965806723,463,GET Articles,200,Cenario 1 - Carga Basica 1-2,true,708072,293,10,10,462,0
1774965806661,613,Login,200,Cenario 1 - Carga Basica 1-9,true,718,235,10,10,613,0
1774965806691,590,Login,200,Cenario 1 - Carga Basica 1-6,true,718,235,10,10,590,0
1774965806873,456,GET Articles,200,Cenario 1 - Carga Basica 1-3,true,708072,293,10,10,454,0
1774965806952,464,GET Articles,200,Cenario 1 - Carga Basica 1-10,true,708072,293,10,10,463,0
1774965806763,687,Login,200,Cenario 1 - Carga Basica 1-4,true,718,235,10,10,687,0
1774965807020,482,GET Articles,200,Cenario 1 - Carga Basica 1-7,true,708072,293,10,10,481,0
1774965807135,419,GET Articles,200,Cenario 1 - Carga Basica 1-5,true,708072,293,10,10,418,0
1774965806985,625,Login,200,Cenario 1 - Carga Basica 1-8,true,718,235,10,10,625,0
1774965807275,372,GET Articles,200,Cenario 1 - Carga Basica 1-9,true,708072,293,10,10,371,0
1774965807282,398,GET Articles,200,Cenario 1 - Carga Basica 1-6,true,708072,293,10,10,397,0
1774965807013,676,Login,200,Cenario 1 - Carga Basica 1-1,true,718,235,10,10,676,0
1774965807187,646,Login,200,Cenario 1 - Carga Basica 1-2,true,718,235,10,10,646,0
1774965807451,417,GET Articles,200,Cenario 1 - Carga Basica 1-4,true,708072,293,10,10,416,0
1774965807329,624,Login,200,Cenario 1 - Carga Basica 1-3,true,718,235,10,10,624,0
1774965807417,546,Login,200,Cenario 1 - Carga Basica 1-10,true,718,235,10,10,546,0
1774965807611,405,GET Articles,200,Cenario 1 - Carga Basica 1-8,true,708072,293,10,10,404,0
1774965807502,632,Login,200,Cenario 1 - Carga Basica 1-7,true,718,235,10,10,632,0
1774965807555,665,Login,200,Cenario 1 - Carga Basica 1-5,true,718,235,10,10,665,0
1774965807690,560,GET Articles,200,Cenario 1 - Carga Basica 1-1,true,708072,293,10,10,559,0
1774965807834,470,GET Articles,200,Cenario 1 - Carga Basica 1-2,true,708072,293,10,10,468,0
1774965807648,656,Login,200,Cenario 1 - Carga Basica 1-9,true,718,235,10,10,656,0
1774965807954,395,GET Articles,200,Cenario 1 - Carga Basica 1-3,true,708072,293,10,10,394,0
1774965807964,437,GET Articles,200,Cenario 1 - Carga Basica 1-10,true,708072,293,10,10,436,0
1774965807681,723,Login,200,Cenario 1 - Carga Basica 1-6,true,718,235,10,10,723,0
1774965808135,326,GET Articles,200,Cenario 1 - Carga Basica 1-7,true,708072,293,10,10,324,0
1774965808221,292,GET Articles,200,Cenario 1 - Carga Basica 1-5,true,708072,293,10,10,291,0
1774965807868,720,Login,200,Cenario 1 - Carga Basica 1-4,true,718,235,10,10,720,0
1774965808016,664,Login,200,Cenario 1 - Carga Basica 1-8,true,718,235,10,10,664,0
1774965808305,407,GET Articles,200,Cenario 1 - Carga Basica 1-9,true,708072,293,10,10,406,0
1774965808251,537,Login,200,Cenario 1 - Carga Basica 1-1,true,718,235,10,10,537,0
1774965808304,562,Login,200,Cenario 1 - Carga Basica 1-2,true,718,235,10,10,561,0
1774965808405,490,GET Articles,200,Cenario 1 - Carga Basica 1-6,true,708072,293,10,10,489,0
1774965808350,636,Login,200,Cenario 1 - Carga Basica 1-3,true,718,235,10,10,636,0
1774965808402,660,Login,200,Cenario 1 - Carga Basica 1-10,true,718,235,10,10,660,0
1774965808589,527,GET Articles,200,Cenario 1 - Carga Basica 1-4,true,708072,293,10,10,525,0
1774965808681,524,GET Articles,200,Cenario 1 - Carga Basica 1-8,true,708072,293,10,10,522,0
1774965808461,744,Login,200,Cenario 1 - Carga Basica 1-7,true,718,235,10,10,743,0
1774965808789,475,GET Articles,200,Cenario 1 - Carga Basica 1-1,true,708072,293,10,10,474,0
1774965808514,750,Login,200,Cenario 1 - Carga Basica 1-5,true,718,235,10,10,750,0
1774965808866,456,GET Articles,200,Cenario 1 - Carga Basica 1-2,true,708072,293,10,10,455,0
1774965808988,386,GET Articles,200,Cenario 1 - Carga Basica 1-3,true,708072,293,10,10,385,0
1774965809063,358,GET Articles,200,Cenario 1 - Carga Basica 1-10,true,708072,293,10,10,357,0
1774965808713,771,Login,200,Cenario 1 - Carga Basica 1-9,true,718,235,10,10,771,0
1774965808896,646,Login,200,Cenario 1 - Carga Basica 1-6,true,718,235,10,10,646,0
1774965809205,388,GET Articles,200,Cenario 1 - Carga Basica 1-7,true,708072,293,10,10,387,0
1774965809116,573,Login,200,Cenario 1 - Carga Basica 1-4,true,718,235,10,10,573,0
1774965809265,476,GET Articles,200,Cenario 1 - Carga Basica 1-5,true,708072,293,10,10,475,0
1774965809205,545,Login,200,Cenario 1 - Carga Basica 1-8,true,718,235,10,10,545,0
1774965809264,597,Login,200,Cenario 1 - Carga Basica 1-1,true,718,235,10,10,597,0
1774965809322,682,Login,200,Cenario 1 - Carga Basica 1-2,true,718,235,10,10,682,0
1774965809374,670,Login,200,Cenario 1 - Carga Basica 1-3,true,718,235,10,10,670,0
1774965809485,560,GET Articles,200,Cenario 1 - Carga Basica 1-9,true,708072,293,10,10,558,0
1774965809543,555,GET Articles,200,Cenario 1 - Carga Basica 1-6,true,708072,293,10,10,554,0
1774965809690,459,GET Articles,200,Cenario 1 - Carga Basica 1-4,true,708072,293,10,10,457,0
1774965809421,728,Login,200,Cenario 1 - Carga Basica 1-10,true,718,235,10,10,728,0
1774965809751,457,GET Articles,200,Cenario 1 - Carga Basica 1-8,true,708072,293,10,10,455,0
1774965809862,381,GET Articles,200,Cenario 1 - Carga Basica 1-1,true,708072,293,10,10,379,0
1774965810006,271,GET Articles,200,Cenario 1 - Carga Basica 1-2,true,708072,293,10,10,269,0
1774965810045,284,GET Articles,200,Cenario 1 - Carga Basica 1-3,true,708072,293,10,10,282,0
1774965809594,735,Login,200,Cenario 1 - Carga Basica 1-7,true,718,235,10,10,735,0
1774965809742,683,Login,200,Cenario 1 - Carga Basica 1-5,true,718,235,10,10,683,0
1774965810099,496,Login,200,Cenario 1 - Carga Basica 1-6,true,718,235,10,10,495,0
1774965810045,555,Login,200,Cenario 1 - Carga Basica 1-9,true,718,235,10,10,555,0
1774965810150,477,GET Articles,200,Cenario 1 - Carga Basica 1-10,true,708072,293,10,10,476,0
1774965810149,533,Login,200,Cenario 1 - Carga Basica 1-4,true,718,235,10,10,533,0
1774965810243,640,Login,200,Cenario 1 - Carga Basica 1-1,true,718,235,10,10,640,0
1774965810208,680,Login,200,Cenario 1 - Carga Basica 1-8,true,718,235,10,10,680,0
1774965810330,607,GET Articles,200,Cenario 1 - Carga Basica 1-7,true,708072,293,10,10,606,0
1774965810277,661,Login,200,Cenario 1 - Carga Basica 1-2,true,718,235,10,10,661,0
1774965810595,376,GET Articles,200,Cenario 1 - Carga Basica 1-6,true,708072,293,10,10,375,0
1774965810426,599,GET Articles,200,Cenario 1 - Carga Basica 1-5,true,708073,293,10,10,598,0
1774965810601,475,GET Articles,200,Cenario 1 - Carga Basica 1-9,true,708072,293,10,10,474,0
1774965810683,443,GET Articles,200,Cenario 1 - Carga Basica 1-4,true,708072,293,10,10,441,0
1774965810884,275,GET Articles,200,Cenario 1 - Carga Basica 1-1,true,708072,293,10,10,274,0
1774965810329,830,Login,200,Cenario 1 - Carga Basica 1-3,true,718,235,10,10,830,0
1774965810889,306,GET Articles,200,Cenario 1 - Carga Basica 1-8,true,708072,293,10,10,305,0
1774965810939,283,GET Articles,200,Cenario 1 - Carga Basica 1-2,true,708072,293,10,10,282,0
1774965810627,663,Login,200,Cenario 1 - Carga Basica 1-10,true,718,235,10,10,663,0
1774965810938,489,Login,200,Cenario 1 - Carga Basica 1-7,true,718,235,10,10,489,0
1774965810971,510,Login,200,Cenario 1 - Carga Basica 1-6,true,718,235,10,10,510,0
1774965811026,524,Login,200,Cenario 1 - Carga Basica 1-5,true,718,235,10,10,524,0
1774965811076,613,Login,200,Cenario 1 - Carga Basica 1-9,true,718,235,10,10,613,0
1774965811159,567,GET Articles,200,Cenario 1 - Carga Basica 1-3,true,708072,293,10,10,566,0
1774965811126,608,Login,200,Cenario 1 - Carga Basica 1-4,true,718,235,10,10,608,0
1774965811159,643,Login,200,Cenario 1 - Carga Basica 1-1,true,718,235,10,10,643,0
1774965811291,537,GET Articles,200,Cenario 1 - Carga Basica 1-10,true,708072,293,10,10,536,0
1774965811428,435,GET Articles,200,Cenario 1 - Carga Basica 1-7,true,708072,293,10,10,434,0
1774965811482,408,GET Articles,200,Cenario 1 - Carga Basica 1-6,true,708072,293,10,10,406,0
1774965811551,366,GET Articles,200,Cenario 1 - Carga Basica 1-5,true,708072,293,10,10,365,0
1774965811690,253,GET Articles,200,Cenario 1 - Carga Basica 1-9,true,708072,293,10,10,252,0
1774965811195,786,Login,200,Cenario 1 - Carga Basica 1-8,true,718,235,10,10,786,0
1774965811735,280,GET Articles,200,Cenario 1 - Carga Basica 1-4,true,708072,293,10,10,279,0
1774965811222,793,Login,200,Cenario 1 - Carga Basica 1-2,true,718,235,10,10,793,0
1774965811803,269,GET Articles,200,Cenario 1 - Carga Basica 1-1,true,708072,293,10,10,268,0
1774965811726,483,Login,200,Cenario 1 - Carga Basica 1-3,true,718,235,10,10,483,0
1774965811829,459,Login,200,Cenario 1 - Carga Basica 1-10,true,718,235,10,10,459,0
1774965811864,470,Login,200,Cenario 1 - Carga Basica 1-7,true,718,235,10,10,470,0
1774965811890,576,Login,200,Cenario 1 - Carga Basica 1-6,true,718,235,10,10,576,0
1774965811981,514,GET Articles,200,Cenario 1 - Carga Basica 1-8,true,708072,293,10,10,512,0
1774965811917,631,Login,200,Cenario 1 - Carga Basica 1-5,true,718,235,10,10,631,0
1774965812016,558,GET Articles,200,Cenario 1 - Carga Basica 1-2,true,708072,293,10,10,557,0
1774965811944,647,Login,200,Cenario 1 - Carga Basica 1-9,true,718,235,10,10,647,0
1774965812210,432,GET Articles,200,Cenario 1 - Carga Basica 1-3,true,708072,293,10,10,431,0
1774965812289,436,GET Articles,200,Cenario 1 - Carga Basica 1-10,true,708073,293,10,10,435,0
1774965812016,751,Login,200,Cenario 1 - Carga Basica 1-4,true,718,235,10,10,751,0
1774965812335,433,GET Articles,200,Cenario 1 - Carga Basica 1-7,true,708072,293,10,10,432,0
1774965812467,335,GET Articles,200,Cenario 1 - Carga Basica 1-6,true,708072,293,10,10,334,0
1774965812548,286,GET Articles,200,Cenario 1 - Carga Basica 1-5,true,708072,293,10,10,285,0
1774965812072,763,Login,200,Cenario 1 - Carga Basica 1-1,true,718,235,10,10,763,0
1774965812592,276,GET Articles,200,Cenario 1 - Carga Basica 1-9,true,708072,293,10,10,275,0
1774965812495,547,Login,200,Cenario 1 - Carga Basica 1-8,true,718,235,10,10,547,0
1774965812574,528,Login,200,Cenario 1 - Carga Basica 1-2,true,718,235,10,10,528,0
1774965812768,377,GET Articles,200,Cenario 1 - Carga Basica 1-4,true,708072,293,10,10,376,0
1774965812642,502,Login,200,Cenario 1 - Carga Basica 1-3,true,718,235,10,10,502,0
1774965812726,575,Login,200,Cenario 1 - Carga Basica 1-10,true,718,235,10,10,575,0
1774965812802,602,Login,200,Cenario 1 - Carga Basica 1-6,true,718,235,10,10,602,0
1774965812768,640,Login,200,Cenario 1 - Carga Basica 1-7,true,718,235,10,10,640,0
1774965812836,603,GET Articles,200,Cenario 1 - Carga Basica 1-1,true,708072,293,10,10,601,0
1774965813043,428,GET Articles,200,Cenario 1 - Carga Basica 1-8,true,708072,293,10,10,426,0
1774965813103,395,GET Articles,200,Cenario 1 - Carga Basica 1-2,true,708072,293,10,10,394,0
1774965812835,724,Login,200,Cenario 1 - Carga Basica 1-5,true,718,235,10,10,724,0
1774965813145,463,GET Articles,200,Cenario 1 - Carga Basica 1-3,true,708072,293,10,10,462,0
1774965813302,341,GET Articles,200,Cenario 1 - Carga Basica 1-10,true,708072,293,10,10,339,0
1774965813404,281,GET Articles,200,Cenario 1 - Carga Basica 1-6,true,708072,293,10,10,279,0
1774965813409,325,GET Articles,200,Cenario 1 - Carga Basica 1-7,true,708072,293,10,10,323,0
1774965812869,865,Login,200,Cenario 1 - Carga Basica 1-9,true,718,235,10,10,864,0
1774965813145,622,Login,200,Cenario 1 - Carga Basica 1-4,true,718,235,10,10,622,0
1774965813439,570,Login,200,Cenario 1 - Carga Basica 1-1,true,718,235,10,10,570,0
1774965813471,538,Login,200,Cenario 1 - Carga Basica 1-8,true,718,235,10,10,538,0
1774965813498,552,Login,200,Cenario 1 - Carga Basica 1-2,true,718,235,10,10,552,0
1774965813560,491,GET Articles,200,Cenario 1 - Carga Basica 1-5,true,708072,293,10,10,489,0
1774965813609,675,Login,200,Cenario 1 - Carga Basica 1-3,true,718,235,10,10,675,0
1774965813643,682,Login,200,Cenario 1 - Carga Basica 1-10,true,718,235,10,10,682,0
1774965813685,641,Login,200,Cenario 1 - Carga Basica 1-6,true,718,235,10,10,641,0
1774965813734,628,GET Articles,200,Cenario 1 - Carga Basica 1-9,true,708072,293,10,10,626,0
1774965813768,619,GET Articles,200,Cenario 1 - Carga Basica 1-4,true,708073,293,10,10,617,0
1774965814009,436,GET Articles,200,Cenario 1 - Carga Basica 1-1,true,708072,293,10,10,434,0
1774965814010,518,GET Articles,200,Cenario 1 - Carga Basica 1-8,true,708074,293,10,10,516,0
1774965814051,535,GET Articles,200,Cenario 1 - Carga Basica 1-2,true,708072,293,10,10,533,0
1774965813734,851,Login,200,Cenario 1 - Carga Basica 1-7,true,718,235,10,10,851,0
1774965814285,359,GET Articles,200,Cenario 1 - Carga Basica 1-3,true,708072,293,10,10,357,0
1774965814326,366,GET Articles,200,Cenario 1 - Carga Basica 1-10,true,708073,293,10,10,364,0
1774965814327,422,GET Articles,200,Cenario 1 - Carga Basica 1-6,true,708072,293,10,10,420,0
1774965814051,758,Login,200,Cenario 1 - Carga Basica 1-5,true,718,235,10,10,758,0
1774965814362,619,Login,200,Cenario 1 - Carga Basica 1-9,true,718,235,10,10,619,0
1774965814387,642,Login,200,Cenario 1 - Carga Basica 1-4,true,718,235,10,10,642,0
1774965814586,499,GET Articles,200,Cenario 1 - Carga Basica 1-7,true,708072,293,10,10,497,0
1774965814445,649,Login,200,Cenario 1 - Carga Basica 1-1,true,718,235,10,10,649,0
1774965814528,755,Login,200,Cenario 1 - Carga Basica 1-8,true,718,235,10,10,755,0
1774965814586,787,Login,200,Cenario 1 - Carga Basica 1-2,true,718,235,10,10,787,0
1774965814644,754,Login,200,Cenario 1 - Carga Basica 1-3,true,718,235,10,10,754,0
1774965814810,623,GET Articles,200,Cenario 1 - Carga Basica 1-5,true,708072,293,10,10,621,0
1774965814982,483,GET Articles,200,Cenario 1 - Carga Basica 1-9,true,708072,293,10,10,481,0
1774965815030,479,GET Articles,200,Cenario 1 - Carga Basica 1-4,true,708072,293,10,10,477,0
1774965814693,890,Login,200,Cenario 1 - Carga Basica 1-10,true,718,235,10,10,890,0
1774965815095,527,GET Articles,200,Cenario 1 - Carga Basica 1-1,true,708072,293,10,10,525,0
1774965815284,372,GET Articles,200,Cenario 1 - Carga Basica 1-8,true,708072,293,10,10,370,0
1774965814750,955,Login,200,Cenario 1 - Carga Basica 1-6,true,718,235,10,10,955,0
1774965815374,332,GET Articles,200,Cenario 1 - Carga Basica 1-2,true,708072,293,10,10,330,0
1774965815399,351,GET Articles,200,Cenario 1 - Carga Basica 1-3,true,708072,293,10,10,349,0
1774965815086,715,Login,200,Cenario 1 - Carga Basica 1-7,true,718,235,10,10,715,0
1774965815433,558,Login,200,Cenario 1 - Carga Basica 1-5,true,718,235,10,10,558,0
1774965815584,446,GET Articles,200,Cenario 1 - Carga Basica 1-10,true,708072,293,10,10,444,0
1774965815465,565,Login,200,Cenario 1 - Carga Basica 1-9,true,718,235,10,10,565,0
1774965815510,562,Login,200,Cenario 1 - Carga Basica 1-4,true,718,235,10,10,562,0
1774965815706,417,GET Articles,200,Cenario 1 - Carga Basica 1-6,true,708072,293,10,10,416,0
1774965815623,682,Login,200,Cenario 1 - Carga Basica 1-1,true,718,235,10,10,682,0
1774965815656,655,Login,200,Cenario 1 - Carga Basica 1-8,true,718,235,10,10,655,0
1774965815802,562,GET Articles,200,Cenario 1 - Carga Basica 1-7,true,708072,293,10,10,560,0
1774965815706,722,Login,200,Cenario 1 - Carga Basica 1-2,true,718,235,10,10,722,0
1774965815992,437,GET Articles,200,Cenario 1 - Carga Basica 1-5,true,708072,293,10,10,435,0
1774965816031,454,GET Articles,200,Cenario 1 - Carga Basica 1-9,true,708072,293,10,10,453,0
1774965816073,463,GET Articles,200,Cenario 1 - Carga Basica 1-4,true,708072,293,10,10,461,0
1774965815750,830,Login,200,Cenario 1 - Carga Basica 1-3,true,718,235,10,10,830,0
1774965816306,308,GET Articles,200,Cenario 1 - Carga Basica 1-1,true,708072,293,10,10,306,0
1774965816312,334,GET Articles,200,Cenario 1 - Carga Basica 1-8,true,708072,293,10,10,332,0
1774965816030,677,Login,200,Cenario 1 - Carga Basica 1-10,true,718,235,10,10,677,0
1774965816429,331,GET Articles,200,Cenario 1 - Carga Basica 1-2,true,708072,293,10,10,329,0
1774965816124,686,Login,200,Cenario 1 - Carga Basica 1-6,true,718,235,10,10,686,0
1774965816365,550,Login,200,Cenario 1 - Carga Basica 1-7,true,718,235,10,10,550,0
1774965816429,598,Login,200,Cenario 1 - Carga Basica 1-5,true,718,235,10,10,598,0
1774965816581,498,GET Articles,200,Cenario 1 - Carga Basica 1-3,true,708072,293,10,10,496,0
1774965816486,593,Login,200,Cenario 1 - Carga Basica 1-9,true,718,235,10,10,593,0
1774965816537,641,Login,200,Cenario 1 - Carga Basica 1-4,true,718,235,10,10,641,0
1774965816708,522,GET Articles,200,Cenario 1 - Carga Basica 1-10,true,708072,293,10,10,520,0
1774965816615,730,Login,200,Cenario 1 - Carga Basica 1-1,true,718,235,10,10,730,0
1774965816646,702,Login,200,Cenario 1 - Carga Basica 1-8,true,718,235,10,10,702,0
1774965816811,589,GET Articles,200,Cenario 1 - Carga Basica 1-6,true,708072,293,10,10,587,0
1774965816916,536,GET Articles,200,Cenario 1 - Carga Basica 1-7,true,708072,293,10,10,535,0
1774965816760,742,Login,200,Cenario 1 - Carga Basica 1-2,true,718,235,10,10,742,0
1774965817028,474,GET Articles,200,Cenario 1 - Carga Basica 1-5,true,708072,293,10,10,473,0
1774965817179,370,GET Articles,200,Cenario 1 - Carga Basica 1-4,true,708072,293,10,10,368,0
1774965817080,493,GET Articles,200,Cenario 1 - Carga Basica 1-9,true,708073,293,10,10,491,0
1774965817346,281,GET Articles,200,Cenario 1 - Carga Basica 1-1,true,708072,293,10,10,279,0
1774965817348,318,GET Articles,200,Cenario 1 - Carga Basica 1-8,true,708072,293,10,10,317,0
1774965817079,693,Login,200,Cenario 1 - Carga Basica 1-3,true,718,235,10,10,693,0
1774965817230,610,Login,200,Cenario 1 - Carga Basica 1-10,true,718,235,10,10,610,0
1774965817401,534,Login,200,Cenario 1 - Carga Basica 1-6,true,718,235,10,10,534,0
1774965817503,462,GET Articles,200,Cenario 1 - Carga Basica 1-2,true,708072,293,10,10,461,0
1774965817453,587,Login,200,Cenario 1 - Carga Basica 1-7,true,718,235,10,10,587,0
1774965817503,607,Login,200,Cenario 1 - Carga Basica 1-5,true,718,235,10,10,607,0
1774965817549,686,Login,200,Cenario 1 - Carga Basica 1-4,true,718,235,10,10,686,0
1774965817573,742,Login,200,Cenario 1 - Carga Basica 1-9,true,718,235,10,10,742,0
1774965817773,596,GET Articles,200,Cenario 1 - Carga Basica 1-3,true,708072,293,10,10,594,0
1774965817627,795,Login,200,Cenario 1 - Carga Basica 1-1,true,718,235,10,10,795,0
1774965817841,582,GET Articles,200,Cenario 1 - Carga Basica 1-10,true,708072,293,10,10,580,0
1774965817667,850,Login,200,Cenario 1 - Carga Basica 1-8,true,718,235,10,10,850,0
1774965817936,582,GET Articles,200,Cenario 1 - Carga Basica 1-6,true,708073,293,10,10,580,0
1774965818041,511,GET Articles,200,Cenario 1 - Carga Basica 1-7,true,708072,293,10,10,510,0
1774965818111,468,GET Articles,200,Cenario 1 - Carga Basica 1-5,true,708073,293,10,10,465,0
1774965818237,379,GET Articles,200,Cenario 1 - Carga Basica 1-4,true,708072,293,10,10,378,0
1774965818316,339,GET Articles,200,Cenario 1 - Carga Basica 1-9,true,708073,293,10,10,338,0
1774965818423,275,GET Articles,200,Cenario 1 - Carga Basica 1-1,true,708072,293,10,10,274,0
1774965817966,736,Login,200,Cenario 1 - Carga Basica 1-2,true,718,235,10,10,736,0
1774965818518,238,GET Articles,200,Cenario 1 - Carga Basica 1-8,true,708072,293,10,10,237,0
1774965818370,573,Login,200,Cenario 1 - Carga Basica 1-3,true,718,235,10,10,573,0
1774965818423,549,Login,200,Cenario 1 - Carga Basica 1-10,true,718,235,10,10,549,0
1774965818518,518,Login,200,Cenario 1 - Carga Basica 1-6,true,718,235,10,10,518,0
1774965818553,661,Login,200,Cenario 1 - Carga Basica 1-7,true,718,235,10,10,661,0
1774965818580,663,Login,200,Cenario 1 - Carga Basica 1-5,true,718,235,10,10,663,0
1774965818616,688,Login,200,Cenario 1 - Carga Basica 1-4,true,718,235,10,10,688,0
1774965818703,653,GET Articles,200,Cenario 1 - Carga Basica 1-2,true,708072,293,10,10,652,0
1774965818655,833,Login,200,Cenario 1 - Carga Basica 1-9,true,718,235,10,10,833,0
1774965818944,594,GET Articles,200,Cenario 1 - Carga Basica 1-3,true,708072,293,10,10,593,0
1774965818698,840,Login,200,Cenario 1 - Carga Basica 1-1,true,718,235,10,10,840,0
1774965818973,623,GET Articles,200,Cenario 1 - Carga Basica 1-10,true,708072,293,10,10,622,0
1774965819037,599,GET Articles,200,Cenario 1 - Carga Basica 1-6,true,708073,293,10,10,598,0
1774965818756,880,Login,200,Cenario 1 - Carga Basica 1-8,true,718,235,10,10,880,0
1774965819214,467,GET Articles,200,Cenario 1 - Carga Basica 1-7,true,708072,293,10,10,466,0
1774965819305,408,GET Articles,200,Cenario 1 - Carga Basica 1-4,true,708073,293,10,10,407,0
1774965819244,524,GET Articles,200,Cenario 1 - Carga Basica 1-5,true,708074,293,10,10,524,0
1774965819489,329,GET Articles,200,Cenario 1 - Carga Basica 1-9,true,708072,293,10,10,328,0
1774965819539,333,GET Articles,200,Cenario 1 - Carga Basica 1-1,true,708072,293,10,10,332,0
1774965819356,625,Login,200,Cenario 1 - Carga Basica 1-2,true,718,235,10,10,625,0
1774965819538,545,Login,200,Cenario 1 - Carga Basica 1-3,true,718,235,10,10,545,0
1774965819637,522,GET Articles,200,Cenario 1 - Carga Basica 1-8,true,708073,293,10,10,521,0
1774965819596,563,Login,200,Cenario 1 - Carga Basica 1-10,true,718,235,10,10,563,0
1774965819637,608,Login,200,Cenario 1 - Carga Basica 1-6,true,718,235,10,10,608,0
1774965819713,714,Login,200,Cenario 1 - Carga Basica 1-4,true,718,235,10,10,714,0
1774965819681,752,Login,200,Cenario 1 - Carga Basica 1-7,true,718,235,10,10,752,0
1774965819769,744,Login,200,Cenario 1 - Carga Basica 1-5,true,718,235,10,10,744,0
1774965819982,560,GET Articles,200,Cenario 1 - Carga Basica 1-2,true,708072,293,10,10,560,0
1774965820084,486,GET Articles,200,Cenario 1 - Carga Basica 1-3,true,708072,293,10,10,485,0
1774965819872,824,Login,200,Cenario 1 - Carga Basica 1-1,true,718,235,10,10,824,0
1774965819819,882,Login,200,Cenario 1 - Carga Basica 1-9,true,718,235,10,10,882,0
1774965820160,591,GET Articles,200,Cenario 1 - Carga Basica 1-10,true,708072,293,10,10,590,0
1774965820246,562,GET Articles,200,Cenario 1 - Carga Basica 1-6,true,708072,293,10,10,561,0
1774965820428,427,GET Articles,200,Cenario 1 - Carga Basica 1-4,true,708073,293,10,10,426,0
1774965820159,696,Login,200,Cenario 1 - Carga Basica 1-8,true,718,235,10,10,696,0
1774965820434,473,GET Articles,200,Cenario 1 - Carga Basica 1-7,true,708072,293,10,10,472,0
1774965820514,440,GET Articles,200,Cenario 1 - Carga Basica 1-5,true,708073,293,10,10,440,0
1774965820696,312,GET Articles,200,Cenario 1 - Carga Basica 1-1,true,708072,293,10,10,311,0
1774965820701,358,GET Articles,200,Cenario 1 - Carga Basica 1-9,true,708072,293,10,10,357,0
1774965820543,589,Login,200,Cenario 1 - Carga Basica 1-2,true,718,235,10,10,589,0
1774965820570,657,Login,200,Cenario 1 - Carga Basica 1-3,true,718,235,10,10,657,0
1774965820751,571,Login,200,Cenario 1 - Carga Basica 1-10,true,718,235,10,10,571,0
1774965820856,518,GET Articles,200,Cenario 1 - Carga Basica 1-8,true,708072,293,10,10,517,0
1774965820808,589,Login,200,Cenario 1 - Carga Basica 1-6,true,718,235,10,10,589,0
1774965820856,638,Login,200,Cenario 1 - Carga Basica 1-4,true,718,235,10,10,638,0
1774965820908,729,Login,200,Cenario 1 - Carga Basica 1-7,true,718,235,10,10,729,0
1774965820955,709,Login,200,Cenario 1 - Carga Basica 1-5,true,718,235,10,10,709,0
1774965821133,582,GET Articles,200,Cenario 1 - Carga Basica 1-2,true,708072,293,10,10,582,0
1774965821228,535,GET Articles,200,Cenario 1 - Carga Basica 1-3,true,708072,293,10,10,534,0
1774965821009,754,Login,200,Cenario 1 - Carga Basica 1-1,true,718,235,10,10,754,0
1774965821323,494,GET Articles,200,Cenario 1 - Carga Basica 1-10,true,708072,293,10,10,493,0
1774965821398,469,GET Articles,200,Cenario 1 - Carga Basica 1-6,true,708072,293,10,10,468,0
1774965821495,430,GET Articles,200,Cenario 1 - Carga Basica 1-4,true,708072,293,10,10,429,0
1774965821059,866,Login,200,Cenario 1 - Carga Basica 1-9,true,718,235,10,10,866,0
1774965821637,326,GET Articles,200,Cenario 1 - Carga Basica 1-7,true,708072,293,10,10,325,0
1774965821665,328,GET Articles,200,Cenario 1 - Carga Basica 1-5,true,708073,293,10,10,327,0
1774965821763,274,GET Articles,200,Cenario 1 - Carga Basica 1-1,true,708072,293,10,10,273,0
1774965821374,663,Login,200,Cenario 1 - Carga Basica 1-8,true,718,235,10,10,663,0
1774965821716,544,Login,200,Cenario 1 - Carga Basica 1-2,true,718,235,10,10,544,0
1774965821817,486,Login,200,Cenario 1 - Carga Basica 1-10,true,718,235,10,10,486,0
1774965821763,541,Login,200,Cenario 1 - Carga Basica 1-3,true,718,235,10,10,541,0
1774965821926,434,GET Articles,200,Cenario 1 - Carga Basica 1-9,true,708072,293,10,10,433,0
1774965821867,651,Login,200,Cenario 1 - Carga Basica 1-6,true,718,235,10,10,651,0
1774965821925,638,Login,200,Cenario 1 - Carga Basica 1-4,true,718,235,10,10,638,0
1774965821963,655,Login,200,Cenario 1 - Carga Basica 1-7,true,718,235,10,10,655,0
1774965822038,607,GET Articles,200,Cenario 1 - Carga Basica 1-8,true,708072,293,10,10,606,0
1774965822260,412,GET Articles,200,Cenario 1 - Carga Basica 1-2,true,708072,293,10,10,411,0
1774965822304,396,GET Articles,200,Cenario 1 - Carga Basica 1-10,true,708072,293,10,10,395,0
1774965822305,422,GET Articles,200,Cenario 1 - Carga Basica 1-3,true,708072,293,10,10,421,0
1774965821993,782,Login,200,Cenario 1 - Carga Basica 1-5,true,718,235,10,10,782,0
1774965822519,307,GET Articles,200,Cenario 1 - Carga Basica 1-6,true,708072,293,10,10,306,0
1774965822037,790,Login,200,Cenario 1 - Carga Basica 1-1,true,718,235,10,10,790,0
1774965822564,300,GET Articles,200,Cenario 1 - Carga Basica 1-4,true,708072,293,10,10,299,0
1774965822619,270,GET Articles,200,Cenario 1 - Carga Basica 1-7,true,708073,293,10,10,270,0
1774965822360,628,Login,200,Cenario 1 - Carga Basica 1-9,true,718,235,10,10,628,0
1774965822672,481,Login,200,Cenario 1 - Carga Basica 1-2,true,718,235,10,10,481,0
1774965822645,511,Login,200,Cenario 1 - Carga Basica 1-8,true,718,235,10,10,511,0
1774965822776,433,GET Articles,200,Cenario 1 - Carga Basica 1-5,true,708072,293,10,10,432,0
1774965822700,544,Login,200,Cenario 1 - Carga Basica 1-10,true,718,235,10,10,544,0
1774965822828,449,GET Articles,200,Cenario 1 - Carga Basica 1-1,true,708072,293,10,10,449,0
1774965822727,689,Login,200,Cenario 1 - Carga Basica 1-3,true,718,235,10,10,689,0
1774965822827,645,Login,200,Cenario 1 - Carga Basica 1-6,true,718,235,10,10,645,0
1774965822988,512,GET Articles,200,Cenario 1 - Carga Basica 1-9,true,708072,293,10,10,512,0
1774965823153,408,GET Articles,200,Cenario 1 - Carga Basica 1-2,true,708072,293,10,10,408,0
1774965822864,697,Login,200,Cenario 1 - Carga Basica 1-4,true,718,235,10,10,697,0
1774965823157,440,GET Articles,200,Cenario 1 - Carga Basica 1-8,true,708072,293,10,10,439,0
1774965823245,385,GET Articles,200,Cenario 1 - Carga Basica 1-10,true,708072,293,10,10,384,0
1774965822890,794,Login,200,Cenario 1 - Carga Basica 1-7,true,718,235,10,10,794,0
1774965823417,298,GET Articles,200,Cenario 1 - Carga Basica 1-3,true,708072,293,10,10,298,0
1774965823473,273,GET Articles,200,Cenario 1 - Carga Basica 1-6,true,708072,293,10,10,272,0
1774965823209,629,Login,200,Cenario 1 - Carga Basica 1-5,true,718,235,10,10,629,0
1774965823278,627,Login,200,Cenario 1 - Carga Basica 1-1,true,718,235,10,10,627,0
1774965823562,377,GET Articles,200,Cenario 1 - Carga Basica 1-4,true,708072,293,10,10,377,0
1774965823501,518,Login,200,Cenario 1 - Carga Basica 1-9,true,718,235,10,10,518,0
1774965823562,546,Login,200,Cenario 1 - Carga Basica 1-2,true,718,235,10,10,546,0
1774965823686,453,GET Articles,200,Cenario 1 - Carga Basica 1-7,true,708072,293,10,10,452,0
1774965823597,611,Login,200,Cenario 1 - Carga Basica 1-8,true,718,235,10,10,611,0
1774965823630,656,Login,200,Cenario 1 - Carga Basica 1-10,true,718,235,10,10,656,0
1774965823839,498,GET Articles,200,Cenario 1 - Carga Basica 1-5,true,708072,293,10,10,497,0
1774965823905,482,GET Articles,200,Cenario 1 - Carga Basica 1-1,true,708072,293,10,10,481,0
1774965823716,688,Login,200,Cenario 1 - Carga Basica 1-3,true,718,235,10,10,688,0
1774965824020,421,GET Articles,200,Cenario 1 - Carga Basica 1-9,true,708072,293,10,10,420,0
1774965824109,359,GET Articles,200,Cenario 1 - Carga Basica 1-2,true,708072,293,10,10,358,0
1774965823747,725,Login,200,Cenario 1 - Carga Basica 1-6,true,718,235,10,10,725,0
1774965824209,316,GET Articles,200,Cenario 1 - Carga Basica 1-8,true,708072,293,10,10,315,0
1774965824287,289,GET Articles,200,Cenario 1 - Carga Basica 1-10,true,708072,293,10,10,288,0
1774965823940,714,Login,200,Cenario 1 - Carga Basica 1-4,true,718,235,10,10,714,0
1774965824139,595,Login,200,Cenario 1 - Carga Basica 1-7,true,718,235,10,10,595,0
1774965824404,358,GET Articles,200,Cenario 1 - Carga Basica 1-3,true,708072,293,10,10,357,0
1774965824337,503,Login,200,Cenario 1 - Carga Basica 1-5,true,718,235,10,10,503,0
1774965824387,525,Login,200,Cenario 1 - Carga Basica 1-1,true,718,235,10,10,525,0
1774965824473,466,GET Articles,200,Cenario 1 - Carga Basica 1-6,true,708072,293,10,10,465,0
1774965824441,576,Login,200,Cenario 1 - Carga Basica 1-9,true,718,235,10,10,576,0
1774965824468,636,Login,200,Cenario 1 - Carga Basica 1-2,true,718,235,10,10,636,0
1774965824655,503,GET Articles,200,Cenario 1 - Carga Basica 1-4,true,708072,293,10,10,502,0
1774965824735,449,GET Articles,200,Cenario 1 - Carga Basica 1-7,true,708072,293,10,10,448,0
1774965824525,670,Login,200,Cenario 1 - Carga Basica 1-8,true,718,235,10,10,670,0
1774965824841,389,GET Articles,200,Cenario 1 - Carga Basica 1-5,true,708072,293,10,10,388,0
1774965824913,345,GET Articles,200,Cenario 1 - Carga Basica 1-1,true,708072,293,10,10,344,0
1774965824576,699,Login,200,Cenario 1 - Carga Basica 1-10,true,718,235,10,10,699,0
1774965825018,286,GET Articles,200,Cenario 1 - Carga Basica 1-9,true,708072,293,10,10,284,0
1774965825104,251,GET Articles,200,Cenario 1 - Carga Basica 1-2,true,708072,293,10,10,250,0
1774965824762,689,Login,200,Cenario 1 - Carga Basica 1-3,true,718,235,10,10,689,0
1774965824939,584,Login,200,Cenario 1 - Carga Basica 1-6,true,718,235,10,10,584,0
1774965825196,364,GET Articles,200,Cenario 1 - Carga Basica 1-8,true,708072,293,10,10,363,0
1774965825158,462,Login,200,Cenario 1 - Carga Basica 1-4,true,718,235,10,10,462,0
1774965825185,525,Login,200,Cenario 1 - Carga Basica 1-7,true,718,235,10,10,525,0
1774965825276,474,GET Articles,200,Cenario 1 - Carga Basica 1-10,true,708072,293,10,10,473,0
1774965825230,584,Login,200,Cenario 1 - Carga Basica 1-5,true,718,235,10,10,584,0
1774965825258,624,Login,200,Cenario 1 - Carga Basica 1-1,true,718,235,10,10,624,0
1774965825452,482,GET Articles,200,Cenario 1 - Carga Basica 1-3,true,708072,293,10,10,481,0
1774965825524,461,GET Articles,200,Cenario 1 - Carga Basica 1-6,true,708072,293,10,10,459,0
1774965825304,698,Login,200,Cenario 1 - Carga Basica 1-9,true,718,235,10,10,698,0
1774965825621,415,GET Articles,200,Cenario 1 - Carga Basica 1-4,true,708072,293,10,10,413,0
1774965825711,357,GET Articles,200,Cenario 1 - Carga Basica 1-7,true,708072,293,10,10,355,0
1774965825355,713,Login,200,Cenario 1 - Carga Basica 1-2,true,718,235,10,10,713,0
1774965825815,285,GET Articles,200,Cenario 1 - Carga Basica 1-5,true,708072,293,10,10,284,0
1774965825883,249,GET Articles,200,Cenario 1 - Carga Basica 1-1,true,708072,293,10,10,247,0
1774965825561,686,Login,200,Cenario 1 - Carga Basica 1-8,true,718,235,10,10,686,0
1774965825750,582,Login,200,Cenario 1 - Carga Basica 1-10,true,718,235,10,10,582,0
1774965826003,361,GET Articles,200,Cenario 1 - Carga Basica 1-9,true,708072,293,10,10,360,0
1774965825935,453,Login,200,Cenario 1 - Carga Basica 1-3,true,718,235,10,10,453,0
1774965825985,526,Login,200,Cenario 1 - Carga Basica 1-6,true,718,235,10,10,526,0
1774965826070,492,GET Articles,200,Cenario 1 - Carga Basica 1-2,true,708072,293,10,10,491,0
1774965826036,588,Login,200,Cenario 1 - Carga Basica 1-4,true,718,235,10,10,588,0
1774965826068,575,Login,200,Cenario 1 - Carga Basica 1-7,true,718,235,10,10,575,0
1774965826248,451,GET Articles,200,Cenario 1 - Carga Basica 1-8,true,708072,293,10,10,450,0
1774965826333,392,GET Articles,200,Cenario 1 - Carga Basica 1-10,true,708072,293,10,10,391,0
1774965826101,724,Login,200,Cenario 1 - Carga Basica 1-5,true,718,235,10,10,724,0
1774965826388,476,GET Articles,200,Cenario 1 - Carga Basica 1-3,true,708072,293,10,10,475,0
1774965826132,765,Login,200,Cenario 1 - Carga Basica 1-1,true,718,235,10,10,765,0
1774965826511,386,GET Articles,200,Cenario 1 - Carga Basica 1-6,true,708072,293,10,10,385,0
1774965826624,306,GET Articles,200,Cenario 1 - Carga Basica 1-4,true,708072,293,10,10,305,0
1774965826644,313,GET Articles,200,Cenario 1 - Carga Basica 1-7,true,708072,293,10,10,312,0
1774965826365,620,Login,200,Cenario 1 - Carga Basica 1-9,true,718,235,10,10,620,0
1774965826563,601,Login,200,Cenario 1 - Carga Basica 1-2,true,718,235,10,10,601,0
1774965826825,389,GET Articles,200,Cenario 1 - Carga Basica 1-5,true,708072,293,10,10,388,0
1774965826699,516,Login,200,Cenario 1 - Carga Basica 1-8,true,718,235,10,10,516,0
1774965826898,366,GET Articles,200,Cenario 1 - Carga Basica 1-1,true,708072,293,10,10,364,0
1774965826725,539,Login,200,Cenario 1 - Carga Basica 1-10,true,718,235,10,10,539,0
1774965826865,612,Login,200,Cenario 1 - Carga Basica 1-3,true,718,235,10,10,612,0
1774965826930,589,Login,200,Cenario 1 - Carga Basica 1-4,true,718,235,10,10,589,0
1774965826898,625,Login,200,Cenario 1 - Carga Basica 1-6,true,718,235,10,10,625,0
1774965826986,567,GET Articles,200,Cenario 1 - Carga Basica 1-9,true,708072,293,10,10,566,0
1774965827165,427,GET Articles,200,Cenario 1 - Carga Basica 1-2,true,708072,293,10,10,426,0
1774965827215,404,GET Articles,200,Cenario 1 - Carga Basica 1-8,true,708072,293,10,10,403,0
1774965826957,770,Login,200,Cenario 1 - Carga Basica 1-7,true,718,235,10,10,770,0
1774965827265,492,GET Articles,200,Cenario 1 - Carga Basica 1-10,true,708072,293,10,10,491,0
1774965827477,307,GET Articles,200,Cenario 1 - Carga Basica 1-3,true,708072,293,10,10,306,0
1774965827520,290,GET Articles,200,Cenario 1 - Carga Basica 1-4,true,708072,293,10,10,289,0
1774965827523,314,GET Articles,200,Cenario 1 - Carga Basica 1-6,true,708072,293,10,10,313,0
1774965827214,630,Login,200,Cenario 1 - Carga Basica 1-5,true,718,235,10,10,629,0
1774965827264,612,Login,200,Cenario 1 - Carga Basica 1-1,true,718,235,10,10,612,0
1774965827553,543,Login,200,Cenario 1 - Carga Basica 1-9,true,718,235,10,10,543,0
1774965827592,511,Login,200,Cenario 1 - Carga Basica 1-2,true,718,235,10,10,511,0
1774965827728,398,GET Articles,200,Cenario 1 - Carga Basica 1-7,true,708072,293,10,10,397,0
1774965827619,523,Login,200,Cenario 1 - Carga Basica 1-8,true,718,235,10,10,523,0
1774965827784,596,Login,200,Cenario 1 - Carga Basica 1-3,true,718,235,10,10,596,0
1774965827757,625,Login,200,Cenario 1 - Carga Basica 1-10,true,718,235,10,10,625,0
1774965827811,603,Login,200,Cenario 1 - Carga Basica 1-4,true,718,235,10,10,603,0
1774965827844,571,GET Articles,200,Cenario 1 - Carga Basica 1-5,true,708072,293,10,10,570,0
1774965828097,363,GET Articles,200,Cenario 1 - Carga Basica 1-9,true,708072,293,10,10,362,0
1774965827876,644,GET Articles,200,Cenario 1 - Carga Basica 1-1,true,708073,293,10,10,643,0
1774965828103,471,GET Articles,200,Cenario 1 - Carga Basica 1-2,true,708072,293,10,10,470,0
1774965828143,467,GET Articles,200,Cenario 1 - Carga Basica 1-8,true,708072,293,10,10,466,0
1774965828381,263,GET Articles,200,Cenario 1 - Carga Basica 1-3,true,708072,293,10,10,262,0
1774965827837,832,Login,200,Cenario 1 - Carga Basica 1-6,true,718,235,10,10,832,0
1774965828382,292,GET Articles,200,Cenario 1 - Carga Basica 1-10,true,708072,293,10,10,291,0
1774965828415,295,GET Articles,200,Cenario 1 - Carga Basica 1-4,true,708072,293,10,10,293,0
1774965828127,663,Login,200,Cenario 1 - Carga Basica 1-7,true,718,235,10,10,663,0
1774965828415,534,Login,200,Cenario 1 - Carga Basica 1-5,true,718,235,10,10,534,0
1774965828460,517,Login,200,Cenario 1 - Carga Basica 1-9,true,718,235,10,10,517,0
1774965828520,541,Login,200,Cenario 1 - Carga Basica 1-1,true,718,235,10,10,541,0
1774965828574,637,Login,200,Cenario 1 - Carga Basica 1-2,true,718,235,10,10,637,0
1774965828670,569,GET Articles,200,Cenario 1 - Carga Basica 1-6,true,708072,293,10,10,568,0
1774965828611,629,Login,200,Cenario 1 - Carga Basica 1-8,true,718,235,10,10,629,0
1774965828645,679,Login,200,Cenario 1 - Carga Basica 1-3,true,718,235,10,10,679,0
1774965828791,584,GET Articles,200,Cenario 1 - Carga Basica 1-7,true,708072,293,10,10,583,0
1774965828950,475,GET Articles,200,Cenario 1 - Carga Basica 1-5,true,708072,293,10,10,474,0
1774965828978,496,GET Articles,200,Cenario 1 - Carga Basica 1-9,true,708072,293,10,10,495,0
1774965829062,460,GET Articles,200,Cenario 1 - Carga Basica 1-1,true,708072,293,10,10,459,0
1774965828674,848,Login,200,Cenario 1 - Carga Basica 1-10,true,718,235,10,10,848,0
1774965828710,813,Login,200,Cenario 1 - Carga Basica 1-4,true,718,235,10,10,813,0
1774965829240,321,GET Articles,200,Cenario 1 - Carga Basica 1-8,true,708072,293,10,10,320,0
1774965829212,380,GET Articles,200,Cenario 1 - Carga Basica 1-2,true,708073,293,10,10,379,0
1774965829325,321,GET Articles,200,Cenario 1 - Carga Basica 1-3,true,708072,293,10,10,320,0
1774965829240,550,Login,200,Cenario 1 - Carga Basica 1-6,true,718,235,10,10,550,0
1774965829375,480,Login,200,Cenario 1 - Carga Basica 1-7,true,718,235,10,10,480,0
1774965829523,367,GET Articles,200,Cenario 1 - Carga Basica 1-10,true,708072,293,10,10,363,0
1774965829425,483,Login,200,Cenario 1 - Carga Basica 1-5,true,718,235,10,10,483,0
1774965829524,435,GET Articles,200,Cenario 1 - Carga Basica 1-4,true,708072,293,10,10,434,0
1774965829475,575,Login,200,Cenario 1 - Carga Basica 1-9,true,718,235,10,10,575,0
1774965829523,628,Login,200,Cenario 1 - Carga Basica 1-1,true,718,235,10,10,628,0
1774965829562,656,Login,200,Cenario 1 - Carga Basica 1-8,true,718,235,10,10,656,0
1774965829791,482,GET Articles,200,Cenario 1 - Carga Basica 1-6,true,708073,293,10,10,481,0
1774965829856,444,GET Articles,200,Cenario 1 - Carga Basica 1-7,true,708072,293,10,10,444,0
1774965829593,716,Login,200,Cenario 1 - Carga Basica 1-2,true,718,235,10,10,716,0
1774965829909,451,GET Articles,200,Cenario 1 - Carga Basica 1-5,true,708072,293,10,10,450,0
1774965829646,771,Login,200,Cenario 1 - Carga Basica 1-3,true,718,235,10,10,771,0
1774965830050,419,GET Articles,200,Cenario 1 - Carga Basica 1-9,true,708072,293,10,10,418,0
1774965830152,358,GET Articles,200,Cenario 1 - Carga Basica 1-1,true,708072,293,10,10,358,0
1774965830219,342,GET Articles,200,Cenario 1 - Carga Basica 1-8,true,708072,293,10,10,341,0
1774965829890,680,Login,200,Cenario 1 - Carga Basica 1-10,true,718,235,10,10,680,0
1774965829959,663,Login,200,Cenario 1 - Carga Basica 1-4,true,718,235,10,10,663,0
1774965830310,363,GET Articles,200,Cenario 1 - Carga Basica 1-2,true,708072,293,10,10,362,0
1774965830273,557,Login,200,Cenario 1 - Carga Basica 1-6,true,718,235,10,10,557,0
1774965830418,441,GET Articles,200,Cenario 1 - Carga Basica 1-3,true,708072,293,10,10,441,0
1774965830301,558,Login,200,Cenario 1 - Carga Basica 1-7,true,718,235,10,10,558,0
1774965830360,576,Login,200,Cenario 1 - Carga Basica 1-5,true,718,235,10,10,576,0
1774965830469,652,Login,200,Cenario 1 - Carga Basica 1-9,true,718,235,10,10,652,0
1774965830511,610,Login,200,Cenario 1 - Carga Basica 1-1,true,718,235,10,10,610,0
1774965830623,534,GET Articles,200,Cenario 1 - Carga Basica 1-4,true,708072,293,10,10,533,0
1774965830571,612,GET Articles,200,Cenario 1 - Carga Basica 1-10,true,708073,293,10,10,611,0
1774965830831,405,GET Articles,200,Cenario 1 - Carga Basica 1-6,true,708072,293,10,10,404,0
1774965830561,675,Login,200,Cenario 1 - Carga Basica 1-8,true,718,235,10,10,675,0
1774965830860,432,GET Articles,200,Cenario 1 - Carga Basica 1-7,true,708072,293,10,10,431,0
1774965830937,406,GET Articles,200,Cenario 1 - Carga Basica 1-5,true,708072,293,10,10,405,0
1774965831122,270,GET Articles,200,Cenario 1 - Carga Basica 1-9,true,708072,293,10,10,269,0
1774965831122,321,GET Articles,200,Cenario 1 - Carga Basica 1-1,true,708072,293,10,10,320,0
1774965830674,771,Login,200,Cenario 1 - Carga Basica 1-2,true,718,235,10,10,771,0
1774965830860,646,Login,200,Cenario 1 - Carga Basica 1-3,true,718,235,10,10,646,0
1774965831157,552,Login,200,Cenario 1 - Carga Basica 1-4,true,718,235,10,10,552,0
1774965831183,529,Login,200,Cenario 1 - Carga Basica 1-10,true,718,235,10,10,529,0
1774965831237,529,GET Articles,200,Cenario 1 - Carga Basica 1-8,true,708072,293,10,10,528,0
1774965831236,533,Login,200,Cenario 1 - Carga Basica 1-6,true,718,235,10,10,533,0
1774965831343,683,Login,200,Cenario 1 - Carga Basica 1-5,true,718,235,10,10,683,0
1774965831292,735,Login,200,Cenario 1 - Carga Basica 1-7,true,719,235,10,10,735,0
1774965831393,637,Login,200,Cenario 1 - Carga Basica 1-9,true,718,235,10,10,637,0
1774965831446,622,GET Articles,200,Cenario 1 - Carga Basica 1-2,true,708072,293,10,10,621,0
1774965831506,586,GET Articles,200,Cenario 1 - Carga Basica 1-3,true,708073,293,10,10,585,0
1774965831710,442,GET Articles,200,Cenario 1 - Carga Basica 1-4,true,708072,293,10,10,441,0
1774965831713,485,GET Articles,200,Cenario 1 - Carga Basica 1-10,true,708073,293,10,10,484,0
1774965831770,482,GET Articles,200,Cenario 1 - Carga Basica 1-6,true,708072,293,10,10,481,0
1774965832027,252,GET Articles,200,Cenario 1 - Carga Basica 1-5,true,708072,293,10,10,251,0
1774965832028,283,GET Articles,200,Cenario 1 - Carga Basica 1-7,true,708072,293,10,10,282,0
1774965831443,868,Login,200,Cenario 1 - Carga Basica 1-1,true,718,235,10,10,868,0
1774965832031,313,GET Articles,200,Cenario 1 - Carga Basica 1-9,true,708072,293,10,10,312,0
1774965831766,699,Login,200,Cenario 1 - Carga Basica 1-8,true,718,235,10,10,699,0
1774965832068,509,Login,200,Cenario 1 - Carga Basica 1-2,true,718,235,10,10,509,0
1774965832092,509,Login,200,Cenario 1 - Carga Basica 1-3,true,718,235,10,10,509,0
1774965832152,569,Login,200,Cenario 1 - Carga Basica 1-4,true,718,235,10,10,569,0
1774965832199,632,Login,200,Cenario 1 - Carga Basica 1-10,true,718,235,10,10,631,0
1774965832252,603,Login,200,Cenario 1 - Carga Basica 1-6,true,718,235,10,10,603,0
1774965832311,593,GET Articles,200,Cenario 1 - Carga Basica 1-1,true,708072,293,10,10,592,0
1774965832279,690,Login,200,Cenario 1 - Carga Basica 1-5,true,718,235,10,10,690,0
1774965832466,532,GET Articles,200,Cenario 1 - Carga Basica 1-8,true,708072,293,10,10,531,0
1774965832578,451,GET Articles,200,Cenario 1 - Carga Basica 1-2,true,708072,293,10,10,450,0
1774965832602,456,GET Articles,200,Cenario 1 - Carga Basica 1-3,true,708072,293,10,10,455,0
1774965832722,377,GET Articles,200,Cenario 1 - Carga Basica 1-4,true,708072,293,10,10,376,0
1774965832311,788,Login,200,Cenario 1 - Carga Basica 1-7,true,718,235,10,10,788,0
1774965832831,311,GET Articles,200,Cenario 1 - Carga Basica 1-10,true,708072,293,10,10,311,0
1774965832856,312,GET Articles,200,Cenario 1 - Carga Basica 1-6,true,708073,293,10,10,312,0
1774965832344,825,Login,200,Cenario 1 - Carga Basica 1-9,true,718,235,10,10,825,0
1774965832970,260,GET Articles,200,Cenario 1 - Carga Basica 1-5,true,708072,293,10,10,259,0
1774965832904,536,Login,200,Cenario 1 - Carga Basica 1-1,true,718,235,10,10,536,0
1774965832998,446,Login,200,Cenario 1 - Carga Basica 1-8,true,718,235,10,10,446,0
1774965833029,469,Login,200,Cenario 1 - Carga Basica 1-2,true,718,235,10,10,469,0
1774965833100,428,GET Articles,200,Cenario 1 - Carga Basica 1-7,true,708072,293,10,10,428,0
1774965833058,648,Login,200,Cenario 1 - Carga Basica 1-3,true,718,235,10,10,648,0
1774965833099,618,Login,200,Cenario 1 - Carga Basica 1-4,true,718,235,10,10,618,0
1774965833169,578,GET Articles,200,Cenario 1 - Carga Basica 1-9,true,708072,293,10,10,577,0
1774965833143,654,Login,200,Cenario 1 - Carga Basica 1-10,true,718,235,10,10,654,0
1774965833441,414,GET Articles,200,Cenario 1 - Carga Basica 1-1,true,708073,293,10,10,413,0
1774965833444,441,GET Articles,200,Cenario 1 - Carga Basica 1-8,true,708072,293,10,10,440,0
1774965833498,416,GET Articles,200,Cenario 1 - Carga Basica 1-2,true,708072,293,10,10,415,0
1774965833169,811,Login,200,Cenario 1 - Carga Basica 1-6,true,718,235,10,10,811,0
1774965833707,325,GET Articles,200,Cenario 1 - Carga Basica 1-3,true,708072,293,10,10,324,0
1774965833230,802,Login,200,Cenario 1 - Carga Basica 1-5,true,718,235,10,10,802,0
1774965833719,370,GET Articles,200,Cenario 1 - Carga Basica 1-4,true,708072,293,10,10,369,0
1774965833796,345,GET Articles,200,Cenario 1 - Carga Basica 1-10,true,708072,293,10,10,344,0
1774965833529,662,Login,200,Cenario 1 - Carga Basica 1-7,true,718,235,10,10,662,0
1774965833746,559,Login,200,Cenario 1 - Carga Basica 1-9,true,718,235,10,10,559,0
1774965833855,552,Login,200,Cenario 1 - Carga Basica 1-1,true,718,235,10,10,552,0
1774965833980,456,GET Articles,200,Cenario 1 - Carga Basica 1-6,true,708072,293,10,10,455,0
1774965834032,438,GET Articles,200,Cenario 1 - Carga Basica 1-5,true,708072,293,10,10,438,0
1774965833884,587,Login,200,Cenario 1 - Carga Basica 1-8,true,718,235,10,10,587,0
1774965833914,654,Login,200,Cenario 1 - Carga Basica 1-2,true,718,235,10,10,654,0
1774965834088,646,Login,200,Cenario 1 - Carga Basica 1-4,true,718,235,10,10,646,0
1774965834032,704,Login,200,Cenario 1 - Carga Basica 1-3,true,718,235,10,10,704,0
1774965834190,600,GET Articles,200,Cenario 1 - Carga Basica 1-7,true,708072,293,10,10,599,0
1774965834305,528,GET Articles,200,Cenario 1 - Carga Basica 1-9,true,708072,293,10,10,527,0
1774965834141,692,Login,200,Cenario 1 - Carga Basica 1-10,true,718,235,10,10,692,0
1774965834407,484,GET Articles,200,Cenario 1 - Carga Basica 1-1,true,708072,293,10,10,483,0
1774965834472,470,GET Articles,200,Cenario 1 - Carga Basica 1-8,true,708072,293,10,10,469,0
1774965834568,423,GET Articles,200,Cenario 1 - Carga Basica 1-2,true,708072,293,10,10,422,0
1774965834734,307,GET Articles,200,Cenario 1 - Carga Basica 1-4,true,708072,293,10,10,306,0
1774965834737,356,GET Articles,200,Cenario 1 - Carga Basica 1-3,true,708072,293,10,10,355,0
1774965834471,631,Login,200,Cenario 1 - Carga Basica 1-5,true,718,235,10,10,631,0
1774965834436,672,Login,200,Cenario 1 - Carga Basica 1-6,true,718,235,10,10,672,0
1774965834833,309,GET Articles,200,Cenario 1 - Carga Basica 1-10,true,708072,293,10,10,308,0
1774965834790,566,Login,200,Cenario 1 - Carga Basica 1-7,true,718,235,10,10,566,0
1774965834833,535,Login,200,Cenario 1 - Carga Basica 1-9,true,718,235,10,10,535,0
1774965834891,515,Login,200,Cenario 1 - Carga Basica 1-1,true,718,235,10,10,515,0
1774965834942,678,Login,200,Cenario 1 - Carga Basica 1-8,true,718,235,10,10,678,0
1774965834991,642,Login,200,Cenario 1 - Carga Basica 1-2,true,718,235,10,10,642,0
1774965835103,600,GET Articles,200,Cenario 1 - Carga Basica 1-5,true,708074,293,10,10,599,0
1774965835042,661,Login,200,Cenario 1 - Carga Basica 1-4,true,718,235,10,10,661,0
1774965835109,653,GET Articles,200,Cenario 1 - Carga Basica 1-6,true,708072,293,10,10,652,0
1774965835357,458,GET Articles,200,Cenario 1 - Carga Basica 1-7,true,708072,293,10,10,457,0
1774965835369,497,GET Articles,200,Cenario 1 - Carga Basica 1-9,true,708072,293,10,10,496,0
1774965835407,512,GET Articles,200,Cenario 1 - Carga Basica 1-1,true,708072,293,10,10,511,0
1774965835093,826,Login,200,Cenario 1 - Carga Basica 1-3,true,718,235,10,10,826,0
1774965835620,358,GET Articles,200,Cenario 1 - Carga Basica 1-8,true,708072,293,10,10,357,0
1774965835634,371,GET Articles,200,Cenario 1 - Carga Basica 1-2,true,708073,293,10,10,370,0
1774965835142,863,Login,200,Cenario 1 - Carga Basica 1-10,true,718,235,10,10,863,0
1774965835704,366,GET Articles,200,Cenario 1 - Carga Basica 1-4,true,708072,293,10,10,366,0
1774965835704,580,Login,200,Cenario 1 - Carga Basica 1-5,true,718,235,10,10,580,0
1774965835763,525,Login,200,Cenario 1 - Carga Basica 1-6,true,718,235,10,10,525,0
1774965835815,528,Login,200,Cenario 1 - Carga Basica 1-7,true,718,235,10,10,528,0
1774965835919,477,GET Articles,200,Cenario 1 - Carga Basica 1-3,true,708072,293,10,10,477,0
1774965835866,684,Login,200,Cenario 1 - Carga Basica 1-9,true,718,235,10,10,684,0
1774965835919,636,Login,200,Cenario 1 - Carga Basica 1-1,true,718,235,10,10,636,0
1774965836006,576,GET Articles,200,Cenario 1 - Carga Basica 1-10,true,708072,293,10,10,576,0
1774965835978,688,Login,200,Cenario 1 - Carga Basica 1-8,true,718,235,10,10,688,0
1774965836285,434,GET Articles,200,Cenario 1 - Carga Basica 1-5,true,708072,293,10,10,433,0
1774965836289,482,GET Articles,200,Cenario 1 - Carga Basica 1-6,true,708072,293,10,10,481,0
1774965836344,480,GET Articles,200,Cenario 1 - Carga Basica 1-7,true,708072,293,10,10,479,0
1774965836005,820,Login,200,Cenario 1 - Carga Basica 1-2,true,718,235,10,10,820,0
1774965836550,333,GET Articles,200,Cenario 1 - Carga Basica 1-9,true,708072,293,10,10,332,0
1774965836071,811,Login,200,Cenario 1 - Carga Basica 1-4,true,718,235,10,10,811,0
1774965836556,369,GET Articles,200,Cenario 1 - Carga Basica 1-1,true,708072,293,10,10,368,0
1774965836667,309,GET Articles,200,Cenario 1 - Carga Basica 1-8,true,708072,293,10,10,308,0
1774965836397,703,Login,200,Cenario 1 - Carga Basica 1-3,true,718,235,10,10,703,0
1774965836583,573,Login,200,Cenario 1 - Carga Basica 1-10,true,718,235,10,10,573,0
1774965836720,520,Login,200,Cenario 1 - Carga Basica 1-5,true,718,235,10,10,520,0
1774965836825,473,GET Articles,200,Cenario 1 - Carga Basica 1-2,true,708072,293,10,10,472,0
1774965836771,603,Login,200,Cenario 1 - Carga Basica 1-6,true,718,235,10,10,603,0
1774965836883,544,GET Articles,200,Cenario 1 - Carga Basica 1-4,true,708072,293,10,10,543,0
1774965836824,614,Login,200,Cenario 1 - Carga Basica 1-7,true,718,235,10,10,614,0
1774965836883,693,Login,200,Cenario 1 - Carga Basica 1-9,true,718,235,10,10,693,0
1774965837101,564,GET Articles,200,Cenario 1 - Carga Basica 1-3,true,708073,293,10,10,563,0
1774965837157,560,GET Articles,200,Cenario 1 - Carga Basica 1-10,true,708072,293,10,10,559,0
1774965836925,792,Login,200,Cenario 1 - Carga Basica 1-1,true,718,235,10,10,792,0
1774965836976,747,Login,200,Cenario 1 - Carga Basica 1-8,true,718,235,10,10,746,0
1774965837241,536,GET Articles,200,Cenario 1 - Carga Basica 1-5,true,708072,293,10,10,535,0
1774965837375,438,GET Articles,200,Cenario 1 - Carga Basica 1-6,true,708072,293,10,10,437,0
1774965837439,427,GET Articles,200,Cenario 1 - Carga Basica 1-7,true,708072,293,10,10,426,0
1774965837576,342,GET Articles,200,Cenario 1 - Carga Basica 1-9,true,708072,293,10,10,341,0
1774965837298,701,Login,200,Cenario 1 - Carga Basica 1-2,true,718,235,10,10,701,0
1774965837428,657,Login,200,Cenario 1 - Carga Basica 1-4,true,718,235,10,10,657,0
1774965837718,418,GET Articles,200,Cenario 1 - Carga Basica 1-1,true,708072,293,10,10,418,0
1774965837723,463,GET Articles,200,Cenario 1 - Carga Basica 1-8,true,708072,293,10,10,462,0
1774965837665,526,Login,200,Cenario 1 - Carga Basica 1-3,true,718,235,10,10,526,0
1774965837717,550,Login,200,Cenario 1 - Carga Basica 1-10,true,718,235,10,10,550,0
1774965837813,643,Login,200,Cenario 1 - Carga Basica 1-6,true,718,235,10,10,643,0
1774965837777,684,Login,200,Cenario 1 - Carga Basica 1-5,true,718,235,10,10,684,0
1774965838000,516,GET Articles,200,Cenario 1 - Carga Basica 1-2,true,708072,293,10,10,515,0
1774965838086,478,GET Articles,200,Cenario 1 - Carga Basica 1-4,true,708072,293,10,10,477,0
1774965837866,698,Login,200,Cenario 1 - Carga Basica 1-7,true,718,235,10,10,698,0
1774965837919,814,Login,200,Cenario 1 - Carga Basica 1-9,true,718,235,10,10,814,0
1774965838191,597,GET Articles,200,Cenario 1 - Carga Basica 1-3,true,708072,293,10,10,595,0
1774965838268,573,GET Articles,200,Cenario 1 - Carga Basica 1-10,true,708072,293,10,10,572,0
1774965838187,658,Login,200,Cenario 1 - Carga Basica 1-8,true,718,235,10,10,658,0
1774965838137,711,Login,200,Cenario 1 - Carga Basica 1-1,true,718,235,10,10,711,0
1774965838457,430,GET Articles,200,Cenario 1 - Carga Basica 1-6,true,708072,293,10,10,429,0
1774965838461,460,GET Articles,200,Cenario 1 - Carga Basica 1-5,true,708072,293,10,10,459,0
1774965838565,409,GET Articles,200,Cenario 1 - Carga Basica 1-7,true,708072,293,10,10,408,0
1774965838734,292,GET Articles,200,Cenario 1 - Carga Basica 1-9,true,708072,293,10,10,291,0
1774965838517,645,Login,200,Cenario 1 - Carga Basica 1-2,true,718,235,10,10,645,0
1774965838564,626,Login,200,Cenario 1 - Carga Basica 1-4,true,718,235,10,10,626,0
1774965838846,372,GET Articles,200,Cenario 1 - Carga Basica 1-8,true,708072,293,10,10,372,0
1774965838849,425,GET Articles,200,Cenario 1 - Carga Basica 1-1,true,708072,293,10,10,425,0
1774965838788,508,Login,200,Cenario 1 - Carga Basica 1-3,true,718,235,10,10,508,0
1774965838841,590,Login,200,Cenario 1 - Carga Basica 1-10,true,718,235,10,10,590,0
1774965838888,653,Login,200,Cenario 1 - Carga Basica 1-6,true,718,235,10,10,653,0
1774965838921,647,Login,200,Cenario 1 - Carga Basica 1-5,true,718,235,10,10,647,0
1774965839162,457,GET Articles,200,Cenario 1 - Carga Basica 1-2,true,708072,293,10,10,456,0
1774965839191,477,GET Articles,200,Cenario 1 - Carga Basica 1-4,true,708072,293,10,10,477,0
1774965838974,718,Login,200,Cenario 1 - Carga Basica 1-7,true,718,235,10,10,718,0
1774965839027,773,Login,200,Cenario 1 - Carga Basica 1-9,true,718,235,10,10,773,0
1774965839297,553,GET Articles,200,Cenario 1 - Carga Basica 1-3,true,708072,293,10,10,552,0
1774965839432,467,GET Articles,200,Cenario 1 - Carga Basica 1-10,true,708072,293,10,10,466,0
1774965839541,401,GET Articles,200,Cenario 1 - Carga Basica 1-6,true,708072,293,10,10,400,0
1774965839219,723,Login,200,Cenario 1 - Carga Basica 1-8,true,718,235,10,10,723,0
1774965839275,678,Login,200,Cenario 1 - Carga Basica 1-1,true,718,235,10,10,678,0
1774965839569,416,GET Articles,200,Cenario 1 - Carga Basica 1-5,true,708072,293,10,10,415,0
1774965839693,325,GET Articles,200,Cenario 1 - Carga Basica 1-7,true,708072,293,10,10,325,0
1774965839801,267,GET Articles,200,Cenario 1 - Carga Basica 1-9,true,708072,293,10,10,266,0
1774965839619,593,Login,200,Cenario 1 - Carga Basica 1-2,true,718,235,10,10,593,0
1774965839669,582,Login,200,Cenario 1 - Carga Basica 1-4,true,718,235,10,10,582,0
1774965839850,483,Login,200,Cenario 1 - Carga Basica 1-3,true,718,235,10,10,483,0
1774965839942,441,GET Articles,200,Cenario 1 - Carga Basica 1-8,true,708072,293,10,10,440,0
1774965839953,461,GET Articles,200,Cenario 1 - Carga Basica 1-1,true,708072,293,10,10,460,0
1774965839899,575,Login,200,Cenario 1 - Carga Basica 1-10,true,718,235,10,10,575,0
1774965839942,572,Login,200,Cenario 1 - Carga Basica 1-6,true,718,235,10,10,572,0
1774965839985,688,Login,200,Cenario 1 - Carga Basica 1-5,true,718,235,10,10,688,0
1774965840212,489,GET Articles,200,Cenario 1 - Carga Basica 1-2,true,708072,293,10,10,489,0
1774965840251,478,GET Articles,200,Cenario 1 - Carga Basica 1-4,true,708072,293,10,10,477,0
1774965840334,424,GET Articles,200,Cenario 1 - Carga Basica 1-3,true,708072,293,10,10,424,0
1774965840020,739,Login,200,Cenario 1 - Carga Basica 1-7,true,718,235,10,10,739,0
1774965840069,708,Login,200,Cenario 1 - Carga Basica 1-9,true,718,235,10,10,708,0
1774965840475,335,GET Articles,200,Cenario 1 - Carga Basica 1-10,true,708072,293,10,10,335,0
1774965840515,374,GET Articles,200,Cenario 1 - Carga Basica 1-6,true,708072,293,10,10,373,0
1774965840673,267,GET Articles,200,Cenario 1 - Carga Basica 1-5,true,708072,293,10,10,266,0
1774965840414,620,Login,200,Cenario 1 - Carga Basica 1-1,true,718,235,10,10,620,0
1774965840383,652,Login,200,Cenario 1 - Carga Basica 1-8,true,718,235,10,10,652,0
1774965840702,507,Login,200,Cenario 1 - Carga Basica 1-2,true,718,235,10,10,507,0
1774965840759,501,GET Articles,200,Cenario 1 - Carga Basica 1-7,true,708072,293,10,10,499,0
1774965840778,513,GET Articles,200,Cenario 1 - Carga Basica 1-9,true,708072,293,10,10,512,0
1774965840759,543,Login,200,Cenario 1 - Carga Basica 1-3,true,718,235,10,10,543,0
1774965840729,574,Login,200,Cenario 1 - Carga Basica 1-4,true,718,235,10,10,574,0
1774965840811,741,Login,200,Cenario 1 - Carga Basica 1-10,true,718,235,10,10,741,0
1774965841035,557,GET Articles,200,Cenario 1 - Carga Basica 1-1,true,708072,293,10,10,554,0
1774965840889,701,Login,200,Cenario 1 - Carga Basica 1-6,true,718,235,10,10,701,0
1774965840940,652,Login,200,Cenario 1 - Carga Basica 1-5,true,718,235,10,10,652,0
1774965841209,420,GET Articles,200,Cenario 1 - Carga Basica 1-2,true,708072,293,10,10,419,0
1774965841036,632,GET Articles,200,Cenario 1 - Carga Basica 1-8,true,708073,293,10,10,631,0
1774965841302,418,GET Articles,200,Cenario 1 - Carga Basica 1-3,true,708072,293,10,10,417,0
1774965841304,466,GET Articles,200,Cenario 1 - Carga Basica 1-4,true,708072,293,10,10,465,0
1774965841553,267,GET Articles,200,Cenario 1 - Carga Basica 1-10,true,708072,293,10,10,266,0
1774965841260,599,Login,200,Cenario 1 - Carga Basica 1-7,true,718,235,10,10,599,0
1774965841593,314,GET Articles,200,Cenario 1 - Carga Basica 1-5,true,708072,293,10,10,313,0
1774965841593,350,GET Articles,200,Cenario 1 - Carga Basica 1-6,true,708072,293,10,10,349,0
1774965841291,652,Login,200,Cenario 1 - Carga Basica 1-9,true,718,235,10,10,652,0
1774965841593,483,Login,200,Cenario 1 - Carga Basica 1-1,true,718,235,10,10,483,0
1774965841668,533,Login,200,Cenario 1 - Carga Basica 1-8,true,718,235,10,10,533,0
1774965841629,579,Login,200,Cenario 1 - Carga Basica 1-2,true,718,235,10,10,579,0
1774965841720,609,Login,200,Cenario 1 - Carga Basica 1-3,true,718,235,10,10,609,0
1774965841859,507,GET Articles,200,Cenario 1 - Carga Basica 1-7,true,708072,293,10,10,506,0
1774965841770,685,Login,200,Cenario 1 - Carga Basica 1-4,true,718,235,10,10,685,0
1774965841820,645,Login,200,Cenario 1 - Carga Basica 1-10,true,718,235,10,10,645,0
1774965841944,548,GET Articles,200,Cenario 1 - Carga Basica 1-9,true,708072,293,10,10,547,0
1774965842077,442,GET Articles,200,Cenario 1 - Carga Basica 1-1,true,708072,293,10,10,442,0
1774965842202,371,GET Articles,200,Cenario 1 - Carga Basica 1-8,true,708072,293,10,10,370,0
1774965842209,391,GET Articles,200,Cenario 1 - Carga Basica 1-2,true,708072,293,10,10,390,0
1774965842330,297,GET Articles,200,Cenario 1 - Carga Basica 1-3,true,708072,293,10,10,296,0
1774965841908,719,Login,200,Cenario 1 - Carga Basica 1-5,true,718,235,10,10,719,0
1774965842456,227,GET Articles,200,Cenario 1 - Carga Basica 1-4,true,708072,293,10,10,226,0
1774965842466,260,GET Articles,200,Cenario 1 - Carga Basica 1-10,true,708072,293,10,10,259,0
1774965841943,783,Login,200,Cenario 1 - Carga Basica 1-6,true,718,235,10,10,783,0
1774965842367,531,Login,200,Cenario 1 - Carga Basica 1-7,true,718,235,10,10,531,0
1774965842492,496,Login,200,Cenario 1 - Carga Basica 1-9,true,718,235,10,10,496,0
1774965842520,469,Login,200,Cenario 1 - Carga Basica 1-1,true,718,235,10,10,469,0
1774965842573,582,Login,200,Cenario 1 - Carga Basica 1-8,true,718,235,10,10,582,0
1774965842628,575,GET Articles,200,Cenario 1 - Carga Basica 1-5,true,708072,293,10,10,574,0
1774965842600,644,Login,200,Cenario 1 - Carga Basica 1-2,true,718,235,10,10,644,0
1774965842627,623,Login,200,Cenario 1 - Carga Basica 1-3,true,718,235,10,10,623,0
1774965842726,575,GET Articles,200,Cenario 1 - Carga Basica 1-6,true,708072,293,10,10,574,0
1774965842898,455,GET Articles,200,Cenario 1 - Carga Basica 1-7,true,708072,293,10,10,454,0
1774965842989,415,GET Articles,200,Cenario 1 - Carga Basica 1-9,true,708072,293,10,10,414,0
1774965842989,466,GET Articles,200,Cenario 1 - Carga Basica 1-1,true,708072,293,10,10,465,0
1774965843156,334,GET Articles,200,Cenario 1 - Carga Basica 1-8,true,708072,293,10,10,333,0
1774965842684,806,Login,200,Cenario 1 - Carga Basica 1-4,true,718,235,10,10,806,0
1774965842726,797,Login,200,Cenario 1 - Carga Basica 1-10,true,718,235,10,10,797,0
1774965843244,280,GET Articles,200,Cenario 1 - Carga Basica 1-2,true,708072,293,10,10,279,0
1774965843251,322,GET Articles,200,Cenario 1 - Carga Basica 1-3,true,708072,293,10,10,321,0
1774965843203,561,Login,200,Cenario 1 - Carga Basica 1-5,true,718,235,10,10,561,0
1774965843301,498,Login,200,Cenario 1 - Carga Basica 1-6,true,718,235,10,10,497,0
1774965843353,490,Login,200,Cenario 1 - Carga Basica 1-7,true,718,235,10,10,490,0
1774965843404,625,Login,200,Cenario 1 - Carga Basica 1-9,true,718,235,10,10,625,0
1774965843490,567,GET Articles,200,Cenario 1 - Carga Basica 1-4,true,708072,293,10,10,566,0
1774965843455,608,Login,200,Cenario 1 - Carga Basica 1-1,true,718,235,10,10,608,0
1774965843524,562,GET Articles,200,Cenario 1 - Carga Basica 1-10,true,708072,293,10,10,561,0
1774965843490,615,Login,200,Cenario 1 - Carga Basica 1-8,true,718,235,10,10,615,0
1774965843765,376,GET Articles,200,Cenario 1 - Carga Basica 1-5,true,708072,293,10,10,376,0
1774965843799,401,GET Articles,200,Cenario 1 - Carga Basica 1-6,true,708072,293,10,10,400,0
1774965843843,390,GET Articles,200,Cenario 1 - Carga Basica 1-7,true,708072,293,10,10,389,0
1774965844030,253,GET Articles,200,Cenario 1 - Carga Basica 1-9,true,708072,293,10,10,252,0
1774965843524,833,Login,200,Cenario 1 - Carga Basica 1-2,true,718,235,10,10,833,0
1774965843573,786,Login,200,Cenario 1 - Carga Basica 1-3,true,718,235,10,10,786,0
1774965844063,332,GET Articles,200,Cenario 1 - Carga Basica 1-1,true,708072,293,10,10,331,0
1774965844105,319,GET Articles,200,Cenario 1 - Carga Basica 1-8,true,708072,293,10,10,318,0
1774965844057,498,Login,200,Cenario 1 - Carga Basica 1-4,true,718,235,10,10,498,0
1774965844086,550,Login,200,Cenario 1 - Carga Basica 1-10,true,718,235,10,10,550,0
1774965844142,550,Login,200,Cenario 1 - Carga Basica 1-5,true,718,235,10,10,550,0
1774965844200,622,Login,200,Cenario 1 - Carga Basica 1-6,true,718,235,10,10,622,0
1774965844358,514,GET Articles,200,Cenario 1 - Carga Basica 1-2,true,708072,293,10,10,513,0
1774965844360,559,GET Articles,200,Cenario 1 - Carga Basica 1-3,true,708072,293,10,10,559,0
1774965844233,687,Login,200,Cenario 1 - Carga Basica 1-7,true,718,235,10,10,687,0
1774965844283,664,Login,200,Cenario 1 - Carga Basica 1-9,true,718,235,10,10,664,0
1774965844556,439,GET Articles,200,Cenario 1 - Carga Basica 1-4,true,708072,293,10,10,438,0
1774965844636,396,GET Articles,200,Cenario 1 - Carga Basica 1-10,true,708072,293,10,10,395,0
1774965844693,371,GET Articles,200,Cenario 1 - Carga Basica 1-5,true,708072,293,10,10,370,0
1774965844823,273,GET Articles,200,Cenario 1 - Carga Basica 1-6,true,708072,293,10,10,272,0
1774965844424,762,Login,200,Cenario 1 - Carga Basica 1-8,true,718,235,10,10,762,0
1774965844395,793,Login,200,Cenario 1 - Carga Basica 1-1,true,718,235,10,10,793,0
1774965844920,308,GET Articles,200,Cenario 1 - Carga Basica 1-7,true,708072,293,10,10,307,0
1774965844947,310,GET Articles,200,Cenario 1 - Carga Basica 1-9,true,708072,293,10,10,309,0
1774965844873,485,Login,200,Cenario 1 - Carga Basica 1-2,true,718,235,10,10,485,0
1774965844920,536,Login,200,Cenario 1 - Carga Basica 1-3,true,718,235,10,10,536,0
1774965844996,521,Login,200,Cenario 1 - Carga Basica 1-4,true,718,235,10,10,521,0
1774965845032,587,Login,200,Cenario 1 - Carga Basica 1-10,true,718,235,10,10,587,0
1774965845187,459,GET Articles,200,Cenario 1 - Carga Basica 1-8,true,708072,293,10,10,459,0
1774965845189,483,GET Articles,200,Cenario 1 - Carga Basica 1-1,true,708072,293,10,10,483,0
1774965845064,655,Login,200,Cenario 1 - Carga Basica 1-5,true,718,235,10,10,655,0
1774965845096,679,Login,200,Cenario 1 - Carga Basica 1-6,true,718,235,10,10,679,0
1774965845359,465,GET Articles,200,Cenario 1 - Carga Basica 1-2,true,708072,293,10,10,464,0
1774965845456,453,GET Articles,200,Cenario 1 - Carga Basica 1-3,true,708072,293,10,10,452,0
1774965845518,432,GET Articles,200,Cenario 1 - Carga Basica 1-4,true,708072,293,10,10,431,0
1774965845228,721,Login,200,Cenario 1 - Carga Basica 1-7,true,718,235,10,10,721,0
1774965845620,383,GET Articles,200,Cenario 1 - Carga Basica 1-10,true,708072,293,10,10,382,0
1774965845257,747,Login,200,Cenario 1 - Carga Basica 1-9,true,718,235,10,10,747,0
1774965845720,340,GET Articles,200,Cenario 1 - Carga Basica 1-5,true,708072,293,10,10,339,0
1774965845775,335,GET Articles,200,Cenario 1 - Carga Basica 1-6,true,708072,293,10,10,334,0
1774965845647,571,Login,200,Cenario 1 - Carga Basica 1-8,true,718,235,10,10,571,0
1774965845673,599,Login,200,Cenario 1 - Carga Basica 1-1,true,718,235,10,10,599,0
1774965845950,349,GET Articles,200,Cenario 1 - Carga Basica 1-7,true,708072,293,10,10,348,0
1774965845824,549,Login,200,Cenario 1 - Carga Basica 1-2,true,718,235,10,10,549,0
1774965845909,571,Login,200,Cenario 1 - Carga Basica 1-3,true,718,235,10,10,571,0
1774965846005,526,GET Articles,200,Cenario 1 - Carga Basica 1-9,true,708072,293,10,10,525,0
1774965845950,610,Login,200,Cenario 1 - Carga Basica 1-4,true,718,235,10,10,610,0
1774965846004,633,Login,200,Cenario 1 - Carga Basica 1-10,true,718,235,10,10,633,0
1774965846218,470,GET Articles,200,Cenario 1 - Carga Basica 1-8,true,708072,293,10,10,469,0
1774965846272,465,GET Articles,200,Cenario 1 - Carga Basica 1-1,true,708072,293,10,10,464,0
1774965846060,732,Login,200,Cenario 1 - Carga Basica 1-5,true,718,235,10,10,732,0
1774965846374,469,GET Articles,200,Cenario 1 - Carga Basica 1-2,true,708072,293,10,10,468,0
1774965846111,731,Login,200,Cenario 1 - Carga Basica 1-6,true,718,235,10,10,731,0
1774965846481,417,GET Articles,200,Cenario 1 - Carga Basica 1-3,true,708072,293,10,10,416,0
1774965846560,389,GET Articles,200,Cenario 1 - Carga Basica 1-4,true,708072,293,10,10,388,0
1774965846638,360,GET Articles,200,Cenario 1 - Carga Basica 1-10,true,708072,293,10,10,359,0
1774965846300,700,Login,200,Cenario 1 - Carga Basica 1-7,true,718,235,10,10,700,0
1774965846531,580,Login,200,Cenario 1 - Carga Basica 1-9,true,718,235,10,10,580,0
1774965846793,368,GET Articles,200,Cenario 1 - Carga Basica 1-5,true,708072,293,10,10,367,0
1774965846688,583,Login,200,Cenario 1 - Carga Basica 1-8,true,718,235,10,10,583,0
1774965846738,535,Login,200,Cenario 1 - Carga Basica 1-1,true,718,235,10,10,535,0
1774965846843,460,GET Articles,200,Cenario 1 - Carga Basica 1-6,true,708072,293,10,10,459,0
1774965846843,581,Login,200,Cenario 1 - Carga Basica 1-2,true,718,235,10,10,581,0
1774965846898,664,Login,200,Cenario 1 - Carga Basica 1-3,true,718,235,10,10,664,0
1774965846949,615,Login,200,Cenario 1 - Carga Basica 1-4,true,718,235,10,10,615,0
1774965847001,617,GET Articles,200,Cenario 1 - Carga Basica 1-7,true,708073,293,10,10,616,0
1774965847111,537,GET Articles,200,Cenario 1 - Carga Basica 1-9,true,708073,293,10,10,537,0
1774965847272,430,GET Articles,200,Cenario 1 - Carga Basica 1-8,true,708072,293,10,10,429,0
1774965846998,704,Login,200,Cenario 1 - Carga Basica 1-10,true,718,235,10,10,704,0
1774965847273,483,GET Articles,200,Cenario 1 - Carga Basica 1-1,true,708072,293,10,10,482,0
1774965847425,382,GET Articles,200,Cenario 1 - Carga Basica 1-2,true,708072,293,10,10,381,0
1774965847562,294,GET Articles,200,Cenario 1 - Carga Basica 1-3,true,708072,293,10,10,293,0
1774965847564,342,GET Articles,200,Cenario 1 - Carga Basica 1-4,true,708072,293,10,10,341,0
1774965847161,752,Login,200,Cenario 1 - Carga Basica 1-5,true,718,235,10,10,752,0
1774965847303,670,Login,200,Cenario 1 - Carga Basica 1-6,true,718,235,10,10,670,0
1774965847703,317,GET Articles,200,Cenario 1 - Carga Basica 1-10,true,708072,293,10,10,316,0
1774965847618,553,Login,200,Cenario 1 - Carga Basica 1-7,true,718,235,10,10,552,0
1774965847649,530,Login,200,Cenario 1 - Carga Basica 1-9,true,718,235,10,10,530,0
1774965847703,580,Login,200,Cenario 1 - Carga Basica 1-8,true,718,235,10,10,580,0
1774965847757,677,Login,200,Cenario 1 - Carga Basica 1-1,true,718,235,10,10,677,0
1774965847807,632,Login,200,Cenario 1 - Carga Basica 1-2,true,718,235,10,10,632,0
1774965847914,577,GET Articles,200,Cenario 1 - Carga Basica 1-5,true,708072,293,10,10,576,0
1774965847974,566,GET Articles,200,Cenario 1 - Carga Basica 1-6,true,708072,293,10,10,566,0
1774965847856,686,Login,200,Cenario 1 - Carga Basica 1-3,true,718,235,10,10,686,0
1774965848171,412,GET Articles,200,Cenario 1 - Carga Basica 1-7,true,708072,293,10,10,411,0
1774965848179,437,GET Articles,200,Cenario 1 - Carga Basica 1-9,true,708072,293,10,10,436,0
1774965848283,364,GET Articles,200,Cenario 1 - Carga Basica 1-8,true,708072,293,10,10,363,0
1774965848434,250,GET Articles,200,Cenario 1 - Carga Basica 1-1,true,708072,293,10,10,249,0
1774965848440,275,GET Articles,200,Cenario 1 - Carga Basica 1-2,true,708072,293,10,10,274,0
1774965847906,810,Login,200,Cenario 1 - Carga Basica 1-4,true,718,235,10,10,810,0
1774965848020,795,Login,200,Cenario 1 - Carga Basica 1-10,true,718,235,10,10,795,0
1774965848543,302,GET Articles,200,Cenario 1 - Carga Basica 1-3,true,708072,293,10,10,301,0
1774965848541,453,Login,200,Cenario 1 - Carga Basica 1-6,true,718,235,10,10,453,0
1774965848491,505,Login,200,Cenario 1 - Carga Basica 1-5,true,718,235,10,10,505,0
1774965848583,534,Login,200,Cenario 1 - Carga Basica 1-7,true,718,235,10,10,534,0
1774965848616,653,Login,200,Cenario 1 - Carga Basica 1-9,true,718,235,10,10,653,0
1774965848647,623,Login,200,Cenario 1 - Carga Basica 1-8,true,718,235,10,10,623,0
1774965848716,609,GET Articles,200,Cenario 1 - Carga Basica 1-4,true,708072,293,10,10,608,0
1774965848817,559,GET Articles,200,Cenario 1 - Carga Basica 1-10,true,708072,293,10,10,558,0
1774965848684,697,Login,200,Cenario 1 - Carga Basica 1-1,true,718,235,10,10,697,0
1774965848995,447,GET Articles,200,Cenario 1 - Carga Basica 1-6,true,708072,293,10,10,446,0
1774965848997,485,GET Articles,200,Cenario 1 - Carga Basica 1-5,true,708072,293,10,10,484,0
1774965849119,397,GET Articles,200,Cenario 1 - Carga Basica 1-7,true,708072,293,10,10,396,0
1774965849270,281,GET Articles,200,Cenario 1 - Carga Basica 1-9,true,708072,293,10,10,280,0
1774965848716,833,Login,200,Cenario 1 - Carga Basica 1-2,true,718,235,10,10,833,0
1774965849272,334,GET Articles,200,Cenario 1 - Carga Basica 1-8,true,708072,293,10,10,333,0
1774965848846,798,Login,200,Cenario 1 - Carga Basica 1-3,true,718,235,10,10,798,0
1774965849383,313,GET Articles,200,Cenario 1 - Carga Basica 1-1,true,708072,293,10,10,312,0
1774965849326,498,Login,200,Cenario 1 - Carga Basica 1-4,true,718,235,10,10,498,0
1774965849376,494,Login,200,Cenario 1 - Carga Basica 1-10,true,718,235,10,10,494,0
1774965849442,513,Login,200,Cenario 1 - Carga Basica 1-6,true,718,235,10,10,513,0
1774965849482,600,Login,200,Cenario 1 - Carga Basica 1-5,true,718,235,10,10,600,0
1774965849551,559,GET Articles,200,Cenario 1 - Carga Basica 1-2,true,708072,293,10,10,558,0
1774965849516,608,Login,200,Cenario 1 - Carga Basica 1-7,true,718,235,10,10,608,0
1774965849645,511,GET Articles,200,Cenario 1 - Carga Basica 1-3,true,708072,293,10,10,510,0
1774965849551,666,Login,200,Cenario 1 - Carga Basica 1-9,true,718,235,10,10,666,0
1774965849825,425,GET Articles,200,Cenario 1 - Carga Basica 1-4,true,708072,293,10,10,424,0
1774965849871,407,GET Articles,200,Cenario 1 - Carga Basica 1-10,true,708072,293,10,10,406,0
1774965849955,351,GET Articles,200,Cenario 1 - Carga Basica 1-6,true,708072,293,10,10,350,0
1774965850082,251,GET Articles,200,Cenario 1 - Carga Basica 1-5,true,708072,293,10,10,250,0
1774965849606,766,Login,200,Cenario 1 - Carga Basica 1-8,true,718,235,10,10,766,0
1774965850125,274,GET Articles,200,Cenario 1 - Carga Basica 1-7,true,708072,293,10,10,274,0
1774965849696,719,Login,200,Cenario 1 - Carga Basica 1-1,true,718,235,10,10,719,0
1774965850217,249,GET Articles,200,Cenario 1 - Carga Basica 1-9,true,708072,293,10,10,248,0
1774965850110,489,Login,200,Cenario 1 - Carga Basica 1-2,true,718,235,10,10,489,0
1774965850156,508,Login,200,Cenario 1 - Carga Basica 1-3,true,718,235,10,10,508,0
1774965850250,478,Login,200,Cenario 1 - Carga Basica 1-4,true,718,235,10,10,478,0
1774965850278,582,Login,200,Cenario 1 - Carga Basica 1-10,true,718,235,10,10,582,0
1774965850372,533,GET Articles,200,Cenario 1 - Carga Basica 1-8,true,708072,293,10,10,532,0
1774965850306,610,Login,200,Cenario 1 - Carga Basica 1-6,true,718,235,10,10,610,0
1774965850416,526,GET Articles,200,Cenario 1 - Carga Basica 1-1,true,708072,293,10,10,525,0
1774965850333,648,Login,200,Cenario 1 - Carga Basica 1-5,true,718,235,10,10,648,0
1774965850600,422,GET Articles,200,Cenario 1 - Carga Basica 1-2,true,708072,293,10,10,422,0
1774965850664,412,GET Articles,200,Cenario 1 - Carga Basica 1-3,true,708072,293,10,10,411,0
1774965850729,373,GET Articles,200,Cenario 1 - Carga Basica 1-4,true,708072,293,10,10,372,0
1774965850861,269,GET Articles,200,Cenario 1 - Carga Basica 1-10,true,708072,293,10,10,268,0
1774965850400,764,Login,200,Cenario 1 - Carga Basica 1-7,true,718,235,10,10,764,0
1774965850917,298,GET Articles,200,Cenario 1 - Carga Basica 1-6,true,708072,293,10,10,297,0
1774965850466,749,Login,200,Cenario 1 - Carga Basica 1-9,true,718,235,10,10,749,0
1774965850982,273,GET Articles,200,Cenario 1 - Carga Basica 1-5,true,708072,293,10,10,272,0
1774965850905,491,Login,200,Cenario 1 - Carga Basica 1-8,true,718,235,10,10,491,0
1774965850942,542,Login,200,Cenario 1 - Carga Basica 1-1,true,718,235,10,10,542,0
1774965851023,490,Login,200,Cenario 1 - Carga Basica 1-2,true,718,235,10,10,490,0
1774965851076,573,Login,200,Cenario 1 - Carga Basica 1-3,true,718,235,10,10,573,0
1774965851164,512,GET Articles,200,Cenario 1 - Carga Basica 1-7,true,708072,293,10,10,511,0
1774965851102,646,Login,200,Cenario 1 - Carga Basica 1-4,true,718,235,10,10,646,0
1774965851216,584,GET Articles,200,Cenario 1 - Carga Basica 1-9,true,708072,293,10,10,583,0
1774965851130,670,Login,200,Cenario 1 - Carga Basica 1-10,true,718,235,10,10,670,0
1774965851396,442,GET Articles,200,Cenario 1 - Carga Basica 1-8,true,708072,293,10,10,441,0
1774965851485,386,GET Articles,200,Cenario 1 - Carga Basica 1-1,true,708072,293,10,10,385,0
1774965851514,389,GET Articles,200,Cenario 1 - Carga Basica 1-2,true,708072,293,10,10,388,0
1774965851650,285,GET Articles,200,Cenario 1 - Carga Basica 1-3,true,708072,293,10,10,284,0
1774965851215,721,Login,200,Cenario 1 - Carga Basica 1-6,true,718,235,10,10,721,0
1774965851749,218,GET Articles,200,Cenario 1 - Carga Basica 1-4,true,708072,293,10,10,217,0
1774965851255,812,Login,200,Cenario 1 - Carga Basica 1-5,true,718,235,10,10,812,0
1774965851800,296,GET Articles,200,Cenario 1 - Carga Basica 1-10,true,708072,293,10,10,295,0
1774965851676,526,Login,200,Cenario 1 - Carga Basica 1-7,true,718,235,10,10,526,0
1774965851800,427,Login,200,Cenario 1 - Carga Basica 1-9,true,718,235,10,10,427,0
1774965851838,514,Login,200,Cenario 1 - Carga Basica 1-8,true,718,235,10,10,514,0
1774965851871,592,Login,200,Cenario 1 - Carga Basica 1-1,true,718,235,10,10,592,0
1774965851936,570,GET Articles,200,Cenario 1 - Carga Basica 1-6,true,708072,293,10,10,570,0
1774965851903,603,Login,200,Cenario 1 - Carga Basica 1-2,true,718,235,10,10,603,0
1774965852068,494,GET Articles,200,Cenario 1 - Carga Basica 1-5,true,708072,293,10,10,491,0
1774965851935,670,Login,200,Cenario 1 - Carga Basica 1-3,true,718,235,10,10,670,0
1774965852202,431,GET Articles,200,Cenario 1 - Carga Basica 1-7,true,708072,293,10,10,430,0
1774965852228,478,GET Articles,200,Cenario 1 - Carga Basica 1-9,true,708072,293,10,10,477,0
1774965852352,385,GET Articles,200,Cenario 1 - Carga Basica 1-8,true,708072,293,10,10,385,0
1774965852464,301,GET Articles,200,Cenario 1 - Carga Basica 1-1,true,708072,293,10,10,300,0
1774965851967,806,Login,200,Cenario 1 - Carga Basica 1-4,true,718,235,10,10,806,0
1774965852507,293,GET Articles,200,Cenario 1 - Carga Basica 1-2,true,708072,293,10,10,292,0
1774965852096,725,Login,200,Cenario 1 - Carga Basica 1-10,true,718,235,10,10,725,0
1774965852606,249,GET Articles,200,Cenario 1 - Carga Basica 1-3,true,708072,293,10,10,249,0
1774965852507,521,Login,200,Cenario 1 - Carga Basica 1-6,true,718,235,10,10,521,0
1774965852562,501,Login,200,Cenario 1 - Carga Basica 1-5,true,718,235,10,10,501,0
1774965852633,485,Login,200,Cenario 1 - Carga Basica 1-7,true,718,235,10,10,485,0
1774965852706,585,Login,200,Cenario 1 - Carga Basica 1-9,true,718,235,10,10,585,0
1774965852773,546,GET Articles,200,Cenario 1 - Carga Basica 1-4,true,708072,293,10,10,545,0
1774965852738,587,Login,200,Cenario 1 - Carga Basica 1-8,true,718,235,10,10,587,0
1774965852822,536,GET Articles,200,Cenario 1 - Carga Basica 1-10,true,708072,293,10,10,535,0
1774965852765,615,Login,200,Cenario 1 - Carga Basica 1-1,true,718,235,10,10,615,0
1774965853029,403,GET Articles,200,Cenario 1 - Carga Basica 1-6,true,708072,293,10,10,402,0
1774965853064,418,GET Articles,200,Cenario 1 - Carga Basica 1-5,true,708072,293,10,10,417,0
1774965853119,417,GET Articles,200,Cenario 1 - Carga Basica 1-7,true,708072,293,10,10,416,0
1774965853292,297,GET Articles,200,Cenario 1 - Carga Basica 1-9,true,708072,293,10,10,296,0
1774965852800,791,Login,200,Cenario 1 - Carga Basica 1-2,true,718,235,10,10,791,0
1774965853326,314,GET Articles,200,Cenario 1 - Carga Basica 1-8,true,708072,293,10,10,314,0
1774965852856,784,Login,200,Cenario 1 - Carga Basica 1-3,true,718,235,10,10,784,0
1774965853380,302,GET Articles,200,Cenario 1 - Carga Basica 1-1,true,708072,293,10,10,301,0
1774965853319,553,Login,200,Cenario 1 - Carga Basica 1-4,true,718,235,10,10,553,0
1774965853358,558,Login,200,Cenario 1 - Carga Basica 1-10,true,718,235,10,10,558,0
1774965853432,517,Login,200,Cenario 1 - Carga Basica 1-6,true,718,235,10,10,517,0
1774965853482,655,Login,200,Cenario 1 - Carga Basica 1-5,true,718,235,10,10,655,0
1774965853591,598,GET Articles,200,Cenario 1 - Carga Basica 1-2,true,708072,293,10,10,597,0
1774965853536,653,Login,200,Cenario 1 - Carga Basica 1-7,true,718,235,10,10,653,0
1774965853641,602,GET Articles,200,Cenario 1 - Carga Basica 1-3,true,708072,293,10,10,602,0
1774965853589,654,Login,200,Cenario 1 - Carga Basica 1-9,true,718,235,10,10,654,0
1774965853873,425,GET Articles,200,Cenario 1 - Carga Basica 1-4,true,708072,293,10,10,424,0
1774965853916,467,GET Articles,200,Cenario 1 - Carga Basica 1-10,true,708072,293,10,10,466,0
1774965853950,469,GET Articles,200,Cenario 1 - Carga Basica 1-6,true,708072,293,10,10,468,0
1774965854139,307,GET Articles,200,Cenario 1 - Carga Basica 1-5,true,708072,293,10,10,306,0
1774965853641,821,Login,200,Cenario 1 - Carga Basica 1-8,true,718,235,10,10,821,0
1774965854190,305,GET Articles,200,Cenario 1 - Carga Basica 1-7,true,708072,293,10,10,304,0
1774965853682,836,Login,200,Cenario 1 - Carga Basica 1-1,true,718,235,10,10,836,0
1774965854244,326,GET Articles,200,Cenario 1 - Carga Basica 1-9,true,708072,293,10,10,325,0
1774965854189,525,Login,200,Cenario 1 - Carga Basica 1-2,true,718,235,10,10,525,0
1774965854244,517,Login,200,Cenario 1 - Carga Basica 1-3,true,718,235,10,10,517,0
1774965854298,532,Login,200,Cenario 1 - Carga Basica 1-4,true,718,235,10,10,532,0
1774965854383,581,Login,200,Cenario 1 - Carga Basica 1-10,true,718,235,10,10,581,0
1774965854463,528,GET Articles,200,Cenario 1 - Carga Basica 1-8,true,708072,293,10,10,528,0
1774965854419,595,Login,200,Cenario 1 - Carga Basica 1-6,true,718,235,10,10,595,0
1774965854519,542,GET Articles,200,Cenario 1 - Carga Basica 1-1,true,708072,293,10,10,542,0
1774965854446,638,Login,200,Cenario 1 - Carga Basica 1-5,true,718,235,10,10,638,0
1774965854714,419,GET Articles,200,Cenario 1 - Carga Basica 1-2,true,708072,293,10,10,418,0
1774965854761,420,GET Articles,200,Cenario 1 - Carga Basica 1-3,true,708072,293,10,10,419,0
1774965854830,400,GET Articles,200,Cenario 1 - Carga Basica 1-4,true,708072,293,10,10,399,0
1774965854965,298,GET Articles,200,Cenario 1 - Carga Basica 1-10,true,708072,293,10,10,297,0
1774965854495,768,Login,200,Cenario 1 - Carga Basica 1-7,true,718,235,10,10,768,0
1774965855014,305,GET Articles,200,Cenario 1 - Carga Basica 1-6,true,708072,293,10,10,304,0
1774965854570,750,Login,200,Cenario 1 - Carga Basica 1-9,true,718,235,10,10,750,0
1774965855085,290,GET Articles,200,Cenario 1 - Carga Basica 1-5,true,708072,293,10,10,289,0
1774965854991,537,Login,200,Cenario 1 - Carga Basica 1-8,true,718,235,10,10,537,0
1774965855062,520,Login,200,Cenario 1 - Carga Basica 1-1,true,718,235,10,10,520,0
1774965855133,500,Login,200,Cenario 1 - Carga Basica 1-2,true,718,235,10,10,500,0
1774965855181,602,Login,200,Cenario 1 - Carga Basica 1-3,true,718,235,10,10,602,0
1774965855264,568,GET Articles,200,Cenario 1 - Carga Basica 1-7,true,708072,293,10,10,568,0
1774965855231,602,Login,200,Cenario 1 - Carga Basica 1-4,true,718,235,10,10,602,0
1774965855320,545,GET Articles,200,Cenario 1 - Carga Basica 1-9,true,708072,293,10,10,545,0
1774965855263,622,Login,200,Cenario 1 - Carga Basica 1-10,true,718,235,10,10,622,0
1774965855529,389,GET Articles,200,Cenario 1 - Carga Basica 1-8,true,708072,293,10,10,388,0
1774965855583,401,GET Articles,200,Cenario 1 - Carga Basica 1-1,true,708072,293,10,10,400,0
1774965855634,382,GET Articles,200,Cenario 1 - Carga Basica 1-2,true,708072,293,10,10,381,0
1774965855784,266,GET Articles,200,Cenario 1 - Carga Basica 1-3,true,708072,293,10,10,265,0
1774965855319,779,Login,200,Cenario 1 - Carga Basica 1-6,true,718,235,10,10,779,0
1774965855834,305,GET Articles,200,Cenario 1 - Carga Basica 1-4,true,708072,293,10,10,304,0
1774965855375,764,Login,200,Cenario 1 - Carga Basica 1-5,true,718,235,10,10,764,0
1774965855886,308,GET Articles,200,Cenario 1 - Carga Basica 1-10,true,708072,293,10,10,308,0
1774965855832,480,Login,200,Cenario 1 - Carga Basica 1-7,true,718,235,10,10,480,0
1774965855866,537,Login,200,Cenario 1 - Carga Basica 1-9,true,718,235,10,10,537,0
1774965855918,540,Login,200,Cenario 1 - Carga Basica 1-8,true,718,235,10,10,540,0
1774965855984,581,Login,200,Cenario 1 - Carga Basica 1-1,true,718,235,10,10,581,0
1774965856098,501,GET Articles,200,Cenario 1 - Carga Basica 1-6,true,708072,293,10,10,500,0
1774965856016,641,Login,200,Cenario 1 - Carga Basica 1-2,true,718,235,10,10,640,0
1774965856140,552,GET Articles,200,Cenario 1 - Carga Basica 1-5,true,708072,293,10,10,551,0
1774965856050,671,Login,200,Cenario 1 - Carga Basica 1-3,true,718,235,10,10,671,0
1774965856313,459,GET Articles,200,Cenario 1 - Carga Basica 1-7,true,708072,293,10,10,458,0
1774965856404,417,GET Articles,200,Cenario 1 - Carga Basica 1-9,true,708072,293,10,10,416,0
1774965856459,409,GET Articles,200,Cenario 1 - Carga Basica 1-8,true,708072,293,10,10,408,0
1774965856139,729,Login,200,Cenario 1 - Carga Basica 1-4,true,718,235,10,10,729,0
1774965856566,355,GET Articles,200,Cenario 1 - Carga Basica 1-1,true,708072,293,10,10,354,0
1774965856657,302,GET Articles,200,Cenario 1 - Carga Basica 1-2,true,708072,293,10,10,302,0
1774965856195,764,Login,200,Cenario 1 - Carga Basica 1-10,true,718,235,10,10,764,0
1774965856722,290,GET Articles,200,Cenario 1 - Carga Basica 1-3,true,708072,293,10,10,289,0
1774965856599,530,Login,200,Cenario 1 - Carga Basica 1-6,true,718,235,10,10,530,0
1774965856692,529,Login,200,Cenario 1 - Carga Basica 1-5,true,718,235,10,10,529,0
1774965856772,500,Login,200,Cenario 1 - Carga Basica 1-7,true,718,235,10,10,500,0
1774965856868,439,GET Articles,200,Cenario 1 - Carga Basica 1-4,true,708072,293,10,10,438,0
1774965856821,560,Login,200,Cenario 1 - Carga Basica 1-9,true,718,235,10,10,560,0
1774965856868,610,Login,200,Cenario 1 - Carga Basica 1-8,true,718,235,10,10,610,0
1774965856960,567,GET Articles,200,Cenario 1 - Carga Basica 1-10,true,708072,293,10,10,566,0
1774965856921,637,Login,200,Cenario 1 - Carga Basica 1-1,true,718,235,10,10,637,0
1774965857129,508,GET Articles,200,Cenario 1 - Carga Basica 1-6,true,708072,293,10,10,507,0
1774965856960,678,Login,200,Cenario 1 - Carga Basica 1-2,true,718,235,10,10,678,0
1774965857273,402,GET Articles,200,Cenario 1 - Carga Basica 1-7,true,708072,293,10,10,401,0
1774965857221,477,GET Articles,200,Cenario 1 - Carga Basica 1-5,true,708073,293,10,10,477,0
1774965857382,370,GET Articles,200,Cenario 1 - Carga Basica 1-9,true,708072,293,10,10,369,0
1774965857478,322,GET Articles,200,Cenario 1 - Carga Basica 1-8,true,708072,293,10,10,321,0
1774965857012,788,Login,200,Cenario 1 - Carga Basica 1-3,true,718,235,10,10,788,0
1774965857558,280,GET Articles,200,Cenario 1 - Carga Basica 1-1,true,708072,293,10,10,279,0
1774965857307,652,Login,200,Cenario 1 - Carga Basica 1-4,true,718,235,10,10,652,0
1774965857639,357,GET Articles,200,Cenario 1 - Carga Basica 1-2,true,708072,293,10,10,356,0
1774965857527,540,Login,200,Cenario 1 - Carga Basica 1-10,true,718,235,10,10,540,0
1774965857637,455,Login,200,Cenario 1 - Carga Basica 1-6,true,718,235,10,10,455,0
1774965857675,574,Login,200,Cenario 1 - Carga Basica 1-7,true,718,235,10,10,574,0
1774965857699,631,Login,200,Cenario 1 - Carga Basica 1-5,true,718,235,10,10,631,0
1774965857801,573,GET Articles,200,Cenario 1 - Carga Basica 1-3,true,708072,293,10,10,572,0
1774965857752,622,Login,200,Cenario 1 - Carga Basica 1-9,true,718,235,10,10,622,0
1774965857959,468,GET Articles,200,Cenario 1 - Carga Basica 1-4,true,708072,293,10,10,467,0
1774965857800,705,Login,200,Cenario 1 - Carga Basica 1-8,true,718,235,10,10,705,0
1774965858068,488,GET Articles,200,Cenario 1 - Carga Basica 1-10,true,708072,293,10,10,487,0
1774965858093,514,GET Articles,200,Cenario 1 - Carga Basica 1-6,true,708072,293,10,10,513,0
1774965858249,402,GET Articles,200,Cenario 1 - Carga Basica 1-7,true,708072,293,10,10,402,0
1774965857838,814,Login,200,Cenario 1 - Carga Basica 1-1,true,718,235,10,10,814,0
1774965858375,311,GET Articles,200,Cenario 1 - Carga Basica 1-9,true,708072,293,10,10,310,0
1774965858331,388,GET Articles,200,Cenario 1 - Carga Basica 1-5,true,708073,293,9,9,387,0
1774965857996,723,Login,200,Cenario 1 - Carga Basica 1-2,true,718,235,9,9,723,0
1774965858506,277,GET Articles,200,Cenario 1 - Carga Basica 1-8,true,708072,293,7,7,276,0
1774965858375,618,Login,200,Cenario 1 - Carga Basica 1-3,true,718,235,6,6,618,0
1774965858427,570,Login,200,Cenario 1 - Carga Basica 1-4,true,718,235,5,5,570,0
1774965858556,490,Login,200,Cenario 1 - Carga Basica 1-10,true,718,235,4,4,490,0
1774965858652,445,GET Articles,200,Cenario 1 - Carga Basica 1-1,true,708072,293,3,3,444,0
1774965858607,645,Login,200,Cenario 1 - Carga Basica 1-6,true,718,235,2,2,645,0
1774965858652,602,Login,200,Cenario 1 - Carga Basica 1-7,true,718,235,1,1,602,0
1774965859257,250,Login,200,Cenario 2 - Carga Crescente 2-1,true,718,235,1,1,250,1
1774965859508,27,GET Articles,200,Cenario 2 - Carga Crescente 2-1,true,708072,293,1,1,26,0
1774965859535,237,Login,200,Cenario 2 - Carga Crescente 2-1,true,718,235,1,1,237,0
1774965859772,54,GET Articles,200,Cenario 2 - Carga Crescente 2-1,true,708072,293,1,1,53,0
1774965859826,231,Login,200,Cenario 2 - Carga Crescente 2-1,true,718,235,1,1,231,0
1774965860057,32,GET Articles,200,Cenario 2 - Carga Crescente 2-1,true,708072,293,1,1,31,0
1774965860089,228,Login,200,Cenario 2 - Carga Crescente 2-1,true,718,235,1,1,228,0
1774965860318,28,GET Articles,200,Cenario 2 - Carga Crescente 2-1,true,708072,293,1,1,27,0
1774965860346,228,Login,200,Cenario 2 - Carga Crescente 2-1,true,718,235,1,1,228,0
1774965860575,28,GET Articles,200,Cenario 2 - Carga Crescente 2-1,true,708072,293,1,1,27,0
1774965860603,230,Login,200,Cenario 2 - Carga Crescente 2-1,true,718,235,1,1,230,0
1774965860833,31,GET Articles,200,Cenario 2 - Carga Crescente 2-1,true,708072,293,1,1,30,0
1774965860864,226,Login,200,Cenario 2 - Carga Crescente 2-1,true,718,235,2,2,226,0
1774965861091,31,GET Articles,200,Cenario 2 - Carga Crescente 2-1,true,708072,293,2,2,30,0
1774965861058,232,Login,200,Cenario 2 - Carga Crescente 2-2,true,718,235,2,2,232,0
1774965861291,46,GET Articles,200,Cenario 2 - Carga Crescente 2-2,true,708072,293,2,2,45,0
1774965861122,227,Login,200,Cenario 2 - Carga Crescente 2-1,true,718,235,2,2,227,0
1774965861349,33,GET Articles,200,Cenario 2 - Carga Crescente 2-1,true,708072,293,2,2,32,0
1774965861337,246,Login,200,Cenario 2 - Carga Crescente 2-2,true,718,235,2,2,246,0
1774965861382,250,Login,200,Cenario 2 - Carga Crescente 2-1,true,718,235,2,2,250,0
1774965861584,48,GET Articles,200,Cenario 2 - Carga Crescente 2-2,true,708072,293,2,2,47,0
1774965861632,33,GET Articles,200,Cenario 2 - Carga Crescente 2-1,true,708072,293,2,2,32,0
1774965861632,259,Login,200,Cenario 2 - Carga Crescente 2-2,true,718,235,2,2,259,0
1774965861892,38,GET Articles,200,Cenario 2 - Carga Crescente 2-2,true,708072,293,2,2,37,0
1774965861665,265,Login,200,Cenario 2 - Carga Crescente 2-1,true,718,235,2,2,265,0
1774965861930,40,GET Articles,200,Cenario 2 - Carga Crescente 2-1,true,708072,293,2,2,39,0
1774965861930,258,Login,200,Cenario 2 - Carga Crescente 2-2,true,718,235,2,2,258,0
1774965861970,252,Login,200,Cenario 2 - Carga Crescente 2-1,true,718,235,2,2,252,0
1774965862188,35,GET Articles,200,Cenario 2 - Carga Crescente 2-2,true,708072,293,2,2,34,0
1774965862223,52,GET Articles,200,Cenario 2 - Carga Crescente 2-1,true,708072,293,2,2,52,0
1774965862223,257,Login,200,Cenario 2 - Carga Crescente 2-2,true,718,235,2,2,257,0
1774965862480,44,GET Articles,200,Cenario 2 - Carga Crescente 2-2,true,708072,293,2,2,43,0
1774965862276,248,Login,200,Cenario 2 - Carga Crescente 2-1,true,718,235,2,2,248,0
1774965862525,54,GET Articles,200,Cenario 2 - Carga Crescente 2-1,true,708072,293,2,2,53,0
1774965862525,250,Login,200,Cenario 2 - Carga Crescente 2-2,true,718,235,2,2,250,0
1774965862776,31,GET Articles,200,Cenario 2 - Carga Crescente 2-2,true,708072,293,2,2,30,0
1774965862579,253,Login,200,Cenario 2 - Carga Crescente 2-1,true,718,235,2,2,253,0
1774965862833,47,GET Articles,200,Cenario 2 - Carga Crescente 2-1,true,708072,293,3,3,46,0
1774965862807,253,Login,200,Cenario 2 - Carga Crescente 2-2,true,718,235,3,3,253,0
1774965863060,50,GET Articles,200,Cenario 2 - Carga Crescente 2-2,true,708072,293,3,3,49,0
1774965862856,280,Login,200,Cenario 2 - Carga Crescente 2-3,true,718,235,3,3,280,1
1774965862881,255,Login,200,Cenario 2 - Carga Crescente 2-1,true,718,235,3,3,255,0
1774965863136,55,GET Articles,200,Cenario 2 - Carga Crescente 2-3,true,708072,293,3,3,54,0
1774965863136,99,GET Articles,200,Cenario 2 - Carga Crescente 2-1,true,708073,293,3,3,98,0
1774965863110,260,Login,200,Cenario 2 - Carga Crescente 2-2,true,718,235,3,3,260,0
1774965863370,53,GET Articles,200,Cenario 2 - Carga Crescente 2-2,true,708072,293,3,3,52,0
1774965863191,309,Login,200,Cenario 2 - Carga Crescente 2-3,true,718,235,3,3,309,0
1774965863235,272,Login,200,Cenario 2 - Carga Crescente 2-1,true,718,235,3,3,272,0
1774965863501,37,GET Articles,200,Cenario 2 - Carga Crescente 2-3,true,708072,293,3,3,36,0
1774965863508,64,GET Articles,200,Cenario 2 - Carga Crescente 2-1,true,708072,293,3,3,63,0
1774965863423,266,Login,200,Cenario 2 - Carga Crescente 2-2,true,718,235,3,3,266,0
1774965863690,54,GET Articles,200,Cenario 2 - Carga Crescente 2-2,true,708072,293,3,3,53,0
1774965863538,279,Login,200,Cenario 2 - Carga Crescente 2-3,true,718,235,3,3,279,0
1774965863817,47,GET Articles,200,Cenario 2 - Carga Crescente 2-3,true,708072,293,3,3,47,0
1774965863572,292,Login,200,Cenario 2 - Carga Crescente 2-1,true,718,235,3,3,292,0
1774965863865,57,GET Articles,200,Cenario 2 - Carga Crescente 2-1,true,708072,293,3,3,56,0
1774965863744,274,Login,200,Cenario 2 - Carga Crescente 2-2,true,718,235,3,3,274,0
1774965864019,53,GET Articles,200,Cenario 2 - Carga Crescente 2-2,true,708072,293,3,3,52,0
1774965863864,283,Login,200,Cenario 2 - Carga Crescente 2-3,true,718,235,3,3,283,0
1774965864147,34,GET Articles,200,Cenario 2 - Carga Crescente 2-3,true,708072,293,3,3,34,0
1774965863922,275,Login,200,Cenario 2 - Carga Crescente 2-1,true,718,235,3,3,275,0
1774965864197,53,GET Articles,200,Cenario 2 - Carga Crescente 2-1,true,708072,293,3,3,52,0
1774965864072,275,Login,200,Cenario 2 - Carga Crescente 2-2,true,718,235,3,3,274,0
1774965864347,87,GET Articles,200,Cenario 2 - Carga Crescente 2-2,true,708073,293,3,3,87,0
1774965864182,273,Login,200,Cenario 2 - Carga Crescente 2-3,true,718,235,3,3,273,0
1774965864455,52,GET Articles,200,Cenario 2 - Carga Crescente 2-3,true,708072,293,3,3,52,0
1774965864250,273,Login,200,Cenario 2 - Carga Crescente 2-1,true,718,235,3,3,273,0
1774965864523,29,GET Articles,200,Cenario 2 - Carga Crescente 2-1,true,708072,293,3,3,28,0
1774965864435,274,Login,200,Cenario 2 - Carga Crescente 2-2,true,718,235,4,4,274,0
1774965864508,273,Login,200,Cenario 2 - Carga Crescente 2-3,true,718,235,4,4,273,0
1774965864710,123,GET Articles,200,Cenario 2 - Carga Crescente 2-2,true,708072,293,4,4,122,0
1774965864552,281,Login,200,Cenario 2 - Carga Crescente 2-1,true,718,235,4,4,281,0
1774965864782,106,GET Articles,200,Cenario 2 - Carga Crescente 2-3,true,708072,293,4,4,105,0
1774965864833,104,GET Articles,200,Cenario 2 - Carga Crescente 2-1,true,708072,293,4,4,103,0
1774965864658,325,Login,200,Cenario 2 - Carga Crescente 2-4,true,718,235,4,4,325,0
1774965864833,273,Login,200,Cenario 2 - Carga Crescente 2-2,true,718,235,4,4,273,0
1774965864984,172,GET Articles,200,Cenario 2 - Carga Crescente 2-4,true,708072,293,4,4,171,0
1774965865107,99,GET Articles,200,Cenario 2 - Carga Crescente 2-2,true,708072,293,4,4,98,0
1774965864888,319,Login,200,Cenario 2 - Carga Crescente 2-3,true,718,235,4,4,319,0
1774965864937,309,Login,200,Cenario 2 - Carga Crescente 2-1,true,718,235,4,4,309,0
1774965865207,93,GET Articles,200,Cenario 2 - Carga Crescente 2-3,true,708072,293,4,4,91,0
1774965865247,83,GET Articles,200,Cenario 2 - Carga Crescente 2-1,true,708072,293,4,4,82,0
1774965865156,320,Login,200,Cenario 2 - Carga Crescente 2-4,true,718,235,4,4,320,0
1774965865206,277,Login,200,Cenario 2 - Carga Crescente 2-2,true,718,235,4,4,277,0
1774965865477,35,GET Articles,200,Cenario 2 - Carga Crescente 2-4,true,708072,293,4,4,34,0
1774965865483,60,GET Articles,200,Cenario 2 - Carga Crescente 2-2,true,708072,293,4,4,55,0
1774965865300,298,Login,200,Cenario 2 - Carga Crescente 2-3,true,718,235,4,4,298,0
1774965865330,414,Login,200,Cenario 2 - Carga Crescente 2-1,true,718,235,4,4,413,0
1774965865599,196,GET Articles,200,Cenario 2 - Carga Crescente 2-3,true,708072,293,4,4,195,0
1774965865744,82,GET Articles,200,Cenario 2 - Carga Crescente 2-1,true,708072,293,4,4,82,0
1774965865512,315,Login,200,Cenario 2 - Carga Crescente 2-4,true,718,235,4,4,315,0
1774965865543,316,Login,200,Cenario 2 - Carga Crescente 2-2,true,718,235,4,4,316,0
1774965865827,61,GET Articles,200,Cenario 2 - Carga Crescente 2-4,true,708072,293,4,4,60,0
1774965865860,61,GET Articles,200,Cenario 2 - Carga Crescente 2-2,true,708072,293,4,4,60,0
1774965865827,261,Login,200,Cenario 2 - Carga Crescente 2-1,true,718,235,4,4,261,0
1774965865795,296,Login,200,Cenario 2 - Carga Crescente 2-3,true,718,235,4,4,296,0
1774965866089,55,GET Articles,200,Cenario 2 - Carga Crescente 2-1,true,708072,293,4,4,54,0
1774965866092,98,GET Articles,200,Cenario 2 - Carga Crescente 2-3,true,708072,293,4,4,97,0
1774965865888,302,Login,200,Cenario 2 - Carga Crescente 2-4,true,718,235,4,4,302,0
1774965865921,423,Login,200,Cenario 2 - Carga Crescente 2-2,true,718,235,4,4,423,0
1774965866190,202,GET Articles,200,Cenario 2 - Carga Crescente 2-4,true,708072,293,4,4,201,0
1774965866344,96,GET Articles,200,Cenario 2 - Carga Crescente 2-2,true,708072,293,4,4,95,0
1774965866190,259,Login,200,Cenario 2 - Carga Crescente 2-3,true,718,235,4,4,259,0
1774965866144,308,Login,200,Cenario 2 - Carga Crescente 2-1,true,718,235,4,4,308,0
1774965866450,63,GET Articles,200,Cenario 2 - Carga Crescente 2-3,true,708072,293,5,5,62,0
1774965866453,88,GET Articles,200,Cenario 2 - Carga Crescente 2-1,true,708072,293,5,5,87,0
1774965866392,306,Login,200,Cenario 2 - Carga Crescente 2-4,true,718,235,5,5,306,0
1774965866440,276,Login,200,Cenario 2 - Carga Crescente 2-2,true,718,235,5,5,276,0
1774965866457,341,Login,200,Cenario 2 - Carga Crescente 2-5,true,718,235,5,5,341,0
1774965866699,135,GET Articles,200,Cenario 2 - Carga Crescente 2-4,true,708072,293,5,5,134,0
1774965866716,146,GET Articles,200,Cenario 2 - Carga Crescente 2-2,true,708072,293,5,5,145,0
1774965866799,89,GET Articles,200,Cenario 2 - Carga Crescente 2-5,true,708072,293,5,5,89,0
1774965866513,449,Login,200,Cenario 2 - Carga Crescente 2-3,true,718,235,5,5,449,0
1774965866541,433,Login,200,Cenario 2 - Carga Crescente 2-1,true,718,235,5,5,433,0
1774965866834,311,Login,200,Cenario 2 - Carga Crescente 2-4,true,718,235,5,5,311,0
1774965866962,231,GET Articles,200,Cenario 2 - Carga Crescente 2-3,true,708072,293,5,5,230,0
1774965866974,268,GET Articles,200,Cenario 2 - Carga Crescente 2-1,true,708072,293,5,5,267,0
1774965866862,381,Login,200,Cenario 2 - Carga Crescente 2-2,true,718,235,5,5,381,0
1774965866889,355,Login,200,Cenario 2 - Carga Crescente 2-5,true,718,235,5,5,355,0
1774965867145,155,GET Articles,200,Cenario 2 - Carga Crescente 2-4,true,708072,293,5,5,154,0
1774965867243,107,GET Articles,200,Cenario 2 - Carga Crescente 2-2,true,708072,293,5,5,107,0
1774965867244,156,GET Articles,200,Cenario 2 - Carga Crescente 2-5,true,708072,293,5,5,156,0
1774965867193,318,Login,200,Cenario 2 - Carga Crescente 2-3,true,718,235,5,5,318,0
1774965867242,271,Login,200,Cenario 2 - Carga Crescente 2-1,true,718,235,5,5,271,0
1774965867300,368,Login,200,Cenario 2 - Carga Crescente 2-4,true,718,235,5,5,368,0
1774965867512,194,GET Articles,200,Cenario 2 - Carga Crescente 2-3,true,708072,293,5,5,193,0
1774965867513,243,GET Articles,200,Cenario 2 - Carga Crescente 2-1,true,708072,293,5,5,242,0
1774965867669,133,GET Articles,200,Cenario 2 - Carga Crescente 2-4,true,708072,293,5,5,132,0
1774965867401,401,Login,200,Cenario 2 - Carga Crescente 2-5,true,718,235,5,5,401,0
1774965867351,452,Login,200,Cenario 2 - Carga Crescente 2-2,true,718,235,5,5,452,0
1774965867756,306,Login,200,Cenario 2 - Carga Crescente 2-1,true,718,235,5,5,306,0
1774965867802,261,Login,200,Cenario 2 - Carga Crescente 2-4,true,718,235,5,5,261,0
1774965867706,368,Login,200,Cenario 2 - Carga Crescente 2-3,true,718,235,5,5,368,0
1774965867802,305,GET Articles,200,Cenario 2 - Carga Crescente 2-5,true,708072,293,5,5,304,0
1774965867804,334,GET Articles,200,Cenario 2 - Carga Crescente 2-2,true,708073,293,5,5,333,0
1774965868063,113,GET Articles,200,Cenario 2 - Carga Crescente 2-1,true,708072,293,5,5,113,0
1774965868064,142,GET Articles,200,Cenario 2 - Carga Crescente 2-4,true,708073,293,5,5,142,0
1774965868074,184,GET Articles,200,Cenario 2 - Carga Crescente 2-3,true,708074,293,6,6,183,0
1774965868107,415,Login,200,Cenario 2 - Carga Crescente 2-5,true,718,235,6,6,415,0
1774965868138,390,Login,200,Cenario 2 - Carga Crescente 2-2,true,718,235,6,6,390,0
1774965868177,352,Login,200,Cenario 2 - Carga Crescente 2-1,true,718,235,6,6,352,0
1774965868207,584,Login,200,Cenario 2 - Carga Crescente 2-4,true,718,235,6,6,584,0
1774965868257,542,Login,200,Cenario 2 - Carga Crescente 2-6,true,718,235,6,6,542,0
1774965868522,307,GET Articles,200,Cenario 2 - Carga Crescente 2-5,true,708072,293,6,6,306,0
1774965868259,570,Login,200,Cenario 2 - Carga Crescente 2-3,true,718,235,6,6,570,0
1774965868792,80,GET Articles,200,Cenario 2 - Carga Crescente 2-4,true,708072,293,6,6,80,0
1774965868528,374,GET Articles,200,Cenario 2 - Carga Crescente 2-2,true,708072,293,6,6,374,0
1774965868529,408,GET Articles,200,Cenario 2 - Carga Crescente 2-1,true,708073,293,6,6,407,0
1774965868799,182,GET Articles,200,Cenario 2 - Carga Crescente 2-6,true,708072,293,6,6,182,0
1774965868830,180,GET Articles,200,Cenario 2 - Carga Crescente 2-3,true,708073,293,6,6,180,0
1774965868829,384,Login,200,Cenario 2 - Carga Crescente 2-5,true,718,235,6,6,384,0
1774965868873,405,Login,200,Cenario 2 - Carga Crescente 2-4,true,718,235,6,6,405,0
1774965868902,379,Login,200,Cenario 2 - Carga Crescente 2-2,true,718,235,6,6,379,0
1774965868937,541,Login,200,Cenario 2 - Carga Crescente 2-1,true,718,235,6,6,541,0
1774965869213,314,GET Articles,200,Cenario 2 - Carga Crescente 2-5,true,708072,293,6,6,314,0
1774965869279,283,GET Articles,200,Cenario 2 - Carga Crescente 2-4,true,708072,293,6,6,282,0
1774965869011,551,Login,200,Cenario 2 - Carga Crescente 2-3,true,718,235,6,6,551,0
1774965868982,580,Login,200,Cenario 2 - Carga Crescente 2-6,true,718,235,6,6,580,0
1774965869478,124,GET Articles,200,Cenario 2 - Carga Crescente 2-1,true,708072,293,6,6,123,0
1774965869281,347,GET Articles,200,Cenario 2 - Carga Crescente 2-2,true,708073,293,6,6,346,0
1774965869563,113,GET Articles,200,Cenario 2 - Carga Crescente 2-6,true,708072,293,6,6,112,0
1774965869562,152,GET Articles,200,Cenario 2 - Carga Crescente 2-3,true,708072,293,6,6,152,0
1774965869528,308,Login,200,Cenario 2 - Carga Crescente 2-5,true,718,235,6,6,308,0
1774965869562,334,Login,200,Cenario 2 - Carga Crescente 2-4,true,718,235,6,6,334,0
1774965869602,376,Login,200,Cenario 2 - Carga Crescente 2-1,true,718,235,6,6,376,0
1774965869628,471,Login,200,Cenario 2 - Carga Crescente 2-2,true,718,235,7,7,471,0
1774965869836,310,GET Articles,200,Cenario 2 - Carga Crescente 2-5,true,708072,293,7,7,309,0
1774965869896,300,GET Articles,200,Cenario 2 - Carga Crescente 2-4,true,708072,293,7,7,299,0
1774965869676,519,Login,200,Cenario 2 - Carga Crescente 2-6,true,718,235,7,7,519,0
1774965869979,272,GET Articles,200,Cenario 2 - Carga Crescente 2-1,true,708072,293,7,7,271,0
1774965869715,536,Login,200,Cenario 2 - Carga Crescente 2-3,true,718,235,7,7,536,0
1774965870100,188,GET Articles,200,Cenario 2 - Carga Crescente 2-2,true,708072,293,7,7,187,0
1774965870057,408,Login,200,Cenario 2 - Carga Crescente 2-7,true,718,235,7,7,408,1
1774965870196,319,GET Articles,200,Cenario 2 - Carga Crescente 2-6,true,708072,293,7,7,318,0
1774965870252,312,GET Articles,200,Cenario 2 - Carga Crescente 2-3,true,708072,293,7,7,311,0
1774965870146,418,Login,200,Cenario 2 - Carga Crescente 2-5,true,718,235,7,7,418,0
1774965870196,370,Login,200,Cenario 2 - Carga Crescente 2-4,true,718,235,7,7,370,0
1774965870465,157,GET Articles,200,Cenario 2 - Carga Crescente 2-7,true,708072,293,7,7,156,0
1774965870288,551,Login,200,Cenario 2 - Carga Crescente 2-2,true,718,235,7,7,551,0
1774965870251,589,Login,200,Cenario 2 - Carga Crescente 2-1,true,718,235,7,7,589,0
1774965870565,331,GET Articles,200,Cenario 2 - Carga Crescente 2-5,true,708072,293,7,7,330,0
1774965870515,381,Login,200,Cenario 2 - Carga Crescente 2-6,true,718,235,7,7,381,0
1774965870567,384,GET Articles,200,Cenario 2 - Carga Crescente 2-4,true,708072,293,7,7,383,0
1774965870839,161,GET Articles,200,Cenario 2 - Carga Crescente 2-2,true,708072,293,7,7,160,0
1774965870840,209,GET Articles,200,Cenario 2 - Carga Crescente 2-1,true,708072,293,7,7,208,0
1774965870564,547,Login,200,Cenario 2 - Carga Crescente 2-3,true,718,235,7,7,547,0
1774965870896,263,GET Articles,200,Cenario 2 - Carga Crescente 2-6,true,708072,293,7,7,262,0
1774965870622,547,Login,200,Cenario 2 - Carga Crescente 2-7,true,718,235,7,7,547,0
1774965870896,416,Login,200,Cenario 2 - Carga Crescente 2-5,true,718,235,7,7,416,0
1774965870951,476,Login,200,Cenario 2 - Carga Crescente 2-4,true,718,235,7,7,476,0
1774965871111,345,GET Articles,200,Cenario 2 - Carga Crescente 2-3,true,708072,293,7,7,344,0
1774965871000,456,Login,200,Cenario 2 - Carga Crescente 2-2,true,718,235,7,7,456,0
1774965871170,316,GET Articles,200,Cenario 2 - Carga Crescente 2-7,true,708072,293,7,7,315,0
1774965871313,219,GET Articles,200,Cenario 2 - Carga Crescente 2-5,true,708072,293,7,7,218,0
1774965871428,158,GET Articles,200,Cenario 2 - Carga Crescente 2-4,true,708072,293,7,7,157,0
1774965871049,537,Login,200,Cenario 2 - Carga Crescente 2-1,true,718,235,7,7,537,0
1774965871456,186,GET Articles,200,Cenario 2 - Carga Crescente 2-2,true,708072,293,7,7,185,0
1774965871159,572,Login,200,Cenario 2 - Carga Crescente 2-6,true,718,235,7,7,572,0
1774965871456,405,Login,200,Cenario 2 - Carga Crescente 2-3,true,718,235,8,8,405,0
1774965871486,423,Login,200,Cenario 2 - Carga Crescente 2-7,true,718,235,8,8,423,0
1774965871587,354,GET Articles,200,Cenario 2 - Carga Crescente 2-1,true,708072,293,8,8,353,0
1774965871532,463,Login,200,Cenario 2 - Carga Crescente 2-5,true,718,235,8,8,463,0
1774965871732,291,GET Articles,200,Cenario 2 - Carga Crescente 2-6,true,708072,293,8,8,290,0
1774965871586,539,Login,200,Cenario 2 - Carga Crescente 2-4,true,718,235,8,8,539,0
1774965871862,293,GET Articles,200,Cenario 2 - Carga Crescente 2-3,true,708072,293,8,8,293,0
1774965871910,272,GET Articles,200,Cenario 2 - Carga Crescente 2-7,true,708072,293,8,8,271,0
1774965871642,561,Login,200,Cenario 2 - Carga Crescente 2-2,true,718,235,8,8,561,0
1774965871996,239,GET Articles,200,Cenario 2 - Carga Crescente 2-5,true,708072,293,8,8,238,0
1774965871856,430,Login,200,Cenario 2 - Carga Crescente 2-8,true,718,235,8,8,430,1
1774965872125,188,GET Articles,200,Cenario 2 - Carga Crescente 2-4,true,708072,293,8,8,188,0
1774965871941,503,Login,200,Cenario 2 - Carga Crescente 2-1,true,718,235,8,8,503,0
1774965872023,474,Login,200,Cenario 2 - Carga Crescente 2-6,true,718,235,8,8,474,0
1774965872203,343,GET Articles,200,Cenario 2 - Carga Crescente 2-2,true,708072,293,8,8,342,0
1774965872155,420,Login,200,Cenario 2 - Carga Crescente 2-3,true,718,235,8,8,420,0
1774965872286,320,GET Articles,200,Cenario 2 - Carga Crescente 2-8,true,708072,293,8,8,319,0
1774965872182,526,Login,200,Cenario 2 - Carga Crescente 2-7,true,718,235,8,8,526,0
1774965872444,293,GET Articles,200,Cenario 2 - Carga Crescente 2-1,true,708072,293,8,8,292,0
1774965872497,267,GET Articles,200,Cenario 2 - Carga Crescente 2-6,true,708072,293,8,8,266,0
1774965872235,573,Login,200,Cenario 2 - Carga Crescente 2-5,true,718,235,8,8,573,0
1774965872575,281,GET Articles,200,Cenario 2 - Carga Crescente 2-3,true,708072,293,8,8,280,0
1774965872314,561,Login,200,Cenario 2 - Carga Crescente 2-4,true,718,235,8,8,561,0
1774965872708,218,GET Articles,200,Cenario 2 - Carga Crescente 2-7,true,708072,293,8,8,217,0
1774965872546,489,Login,200,Cenario 2 - Carga Crescente 2-2,true,718,235,8,8,489,0
1774965872606,513,Login,200,Cenario 2 - Carga Crescente 2-8,true,718,235,8,8,513,0
1774965872809,360,GET Articles,200,Cenario 2 - Carga Crescente 2-5,true,708072,293,8,8,359,0
1774965872737,460,Login,200,Cenario 2 - Carga Crescente 2-1,true,718,235,8,8,460,0
1774965872875,370,GET Articles,200,Cenario 2 - Carga Crescente 2-4,true,708072,293,8,8,369,0
1774965872764,542,Login,200,Cenario 2 - Carga Crescente 2-6,true,718,235,8,8,542,0
1774965873036,321,GET Articles,200,Cenario 2 - Carga Crescente 2-2,true,708072,293,8,8,320,0
1774965873119,288,GET Articles,200,Cenario 2 - Carga Crescente 2-8,true,708072,293,8,8,287,0
1774965872856,585,Login,200,Cenario 2 - Carga Crescente 2-3,true,718,235,8,8,585,0
1774965873198,294,GET Articles,200,Cenario 2 - Carga Crescente 2-1,true,708072,293,8,8,293,0
1774965872926,592,Login,200,Cenario 2 - Carga Crescente 2-7,true,718,235,8,8,592,0
1774965873307,262,GET Articles,200,Cenario 2 - Carga Crescente 2-6,true,708072,293,8,8,261,0
1774965873169,518,Login,200,Cenario 2 - Carga Crescente 2-5,true,718,235,9,9,518,0
1774965873245,522,Login,200,Cenario 2 - Carga Crescente 2-4,true,718,235,9,9,522,0
1774965873441,375,GET Articles,200,Cenario 2 - Carga Crescente 2-3,true,708072,293,9,9,374,0
1774965873357,488,Login,200,Cenario 2 - Carga Crescente 2-2,true,718,235,9,9,488,0
1774965873519,361,GET Articles,200,Cenario 2 - Carga Crescente 2-7,true,708072,293,9,9,360,0
1774965873407,554,Login,200,Cenario 2 - Carga Crescente 2-8,true,718,235,9,9,554,0
1774965873492,599,Login,200,Cenario 2 - Carga Crescente 2-1,true,718,235,9,9,599,0
1774965873687,436,GET Articles,200,Cenario 2 - Carga Crescente 2-5,true,708072,293,9,9,436,0
1774965873767,405,GET Articles,200,Cenario 2 - Carga Crescente 2-4,true,708072,293,9,9,403,0
1774965873569,603,Login,200,Cenario 2 - Carga Crescente 2-6,true,718,235,9,9,603,0
1774965873846,386,GET Articles,200,Cenario 2 - Carga Crescente 2-2,true,708072,293,9,9,385,0
1774965873657,580,Login,200,Cenario 2 - Carga Crescente 2-9,true,718,235,9,9,580,0
1774965873962,309,GET Articles,200,Cenario 2 - Carga Crescente 2-8,true,708072,293,9,9,308,0
1774965874092,229,GET Articles,200,Cenario 2 - Carga Crescente 2-1,true,708072,293,9,9,228,0
1774965873816,639,Login,200,Cenario 2 - Carga Crescente 2-3,true,718,235,9,9,639,0
1774965873880,625,Login,200,Cenario 2 - Carga Crescente 2-7,true,718,235,9,9,625,0
1774965874173,382,GET Articles,200,Cenario 2 - Carga Crescente 2-6,true,708072,293,9,9,381,0
1774965874124,469,Login,200,Cenario 2 - Carga Crescente 2-5,true,718,235,9,9,469,0
1774965874238,390,GET Articles,200,Cenario 2 - Carga Crescente 2-9,true,708072,293,9,9,389,0
1774965874172,548,Login,200,Cenario 2 - Carga Crescente 2-4,true,718,235,9,9,548,0
1774965874233,585,Login,200,Cenario 2 - Carga Crescente 2-2,true,718,235,9,9,585,0
1774965874456,412,GET Articles,200,Cenario 2 - Carga Crescente 2-3,true,708072,293,9,9,411,0
1774965874506,411,GET Articles,200,Cenario 2 - Carga Crescente 2-7,true,708072,293,9,9,410,0
1774965874271,646,Login,200,Cenario 2 - Carga Crescente 2-8,true,718,235,9,9,646,0
1774965874594,380,GET Articles,200,Cenario 2 - Carga Crescente 2-5,true,708072,293,9,9,379,0
1774965874321,670,Login,200,Cenario 2 - Carga Crescente 2-1,true,718,235,9,9,670,0
1774965874720,304,GET Articles,200,Cenario 2 - Carga Crescente 2-4,true,708072,293,9,9,303,0
1774965874819,233,GET Articles,200,Cenario 2 - Carga Crescente 2-2,true,708072,293,9,9,232,0
1774965874555,643,Login,200,Cenario 2 - Carga Crescente 2-6,true,718,235,9,9,643,0
1774965874628,629,Login,200,Cenario 2 - Carga Crescente 2-9,true,718,235,9,9,628,0
1774965874918,391,GET Articles,200,Cenario 2 - Carga Crescente 2-8,true,708072,293,9,9,390,0
1774965874868,467,Login,200,Cenario 2 - Carga Crescente 2-3,true,718,235,9,9,467,0
1774965874991,372,GET Articles,200,Cenario 2 - Carga Crescente 2-1,true,708072,293,9,9,371,0
1774965874917,555,Login,200,Cenario 2 - Carga Crescente 2-7,true,718,235,10,10,555,0
1774965874974,607,Login,200,Cenario 2 - Carga Crescente 2-5,true,718,235,10,10,607,0
1774965875199,430,GET Articles,200,Cenario 2 - Carga Crescente 2-6,true,708072,293,10,10,429,0
1774965875025,611,Login,200,Cenario 2 - Carga Crescente 2-4,true,718,235,10,10,611,0
1774965875257,404,GET Articles,200,Cenario 2 - Carga Crescente 2-9,true,708072,293,10,10,403,0
1774965875335,377,GET Articles,200,Cenario 2 - Carga Crescente 2-3,true,708072,293,10,10,376,0
1774965875053,693,Login,200,Cenario 2 - Carga Crescente 2-2,true,718,235,10,10,693,0
1774965875309,619,Login,200,Cenario 2 - Carga Crescente 2-8,true,718,235,10,10,619,0
1774965875473,505,GET Articles,200,Cenario 2 - Carga Crescente 2-7,true,708072,293,10,10,504,0
1774965875363,615,Login,200,Cenario 2 - Carga Crescente 2-1,true,718,235,10,10,615,0
1774965875582,451,GET Articles,200,Cenario 2 - Carga Crescente 2-5,true,708072,293,10,10,450,0
1774965875458,575,Login,200,Cenario 2 - Carga Crescente 2-10,true,718,235,10,10,575,1
1774965875637,450,GET Articles,200,Cenario 2 - Carga Crescente 2-4,true,708072,293,10,10,449,0
1774965875629,618,Login,200,Cenario 2 - Carga Crescente 2-6,true,718,235,10,10,618,0
1774965875747,536,GET Articles,200,Cenario 2 - Carga Crescente 2-2,true,708072,293,10,10,535,0
1774965875928,383,GET Articles,200,Cenario 2 - Carga Crescente 2-8,true,708072,293,10,10,382,0
1774965875661,650,Login,200,Cenario 2 - Carga Crescente 2-9,true,718,235,10,10,650,0
1774965875979,386,GET Articles,200,Cenario 2 - Carga Crescente 2-1,true,708072,293,10,10,385,0
1774965875713,651,Login,200,Cenario 2 - Carga Crescente 2-3,true,718,235,10,10,651,0
1774965876033,386,GET Articles,200,Cenario 2 - Carga Crescente 2-10,true,708072,293,10,10,385,0
1774965875978,603,Login,200,Cenario 2 - Carga Crescente 2-7,true,718,235,10,10,603,0
1774965876248,385,GET Articles,200,Cenario 2 - Carga Crescente 2-6,true,708072,293,10,10,384,0
1774965876033,623,Login,200,Cenario 2 - Carga Crescente 2-5,true,718,235,10,10,623,0
1774965876087,611,Login,200,Cenario 2 - Carga Crescente 2-4,true,718,235,10,10,611,0
1774965876312,423,GET Articles,200,Cenario 2 - Carga Crescente 2-9,true,708072,293,10,10,422,0
1774965876365,403,GET Articles,200,Cenario 2 - Carga Crescente 2-3,true,708072,293,10,10,402,0
1774965876283,627,Login,200,Cenario 2 - Carga Crescente 2-2,true,718,235,10,10,627,0
1774965876311,617,Login,200,Cenario 2 - Carga Crescente 2-8,true,718,235,10,10,617,0
1774965876581,395,GET Articles,200,Cenario 2 - Carga Crescente 2-7,true,708072,293,10,10,394,0
1774965876365,670,Login,200,Cenario 2 - Carga Crescente 2-1,true,718,235,10,10,670,0
1774965876657,407,GET Articles,200,Cenario 2 - Carga Crescente 2-5,true,708072,293,10,10,407,0
1774965876699,391,GET Articles,200,Cenario 2 - Carga Crescente 2-4,true,708072,293,10,10,391,0
1774965876419,757,Login,200,Cenario 2 - Carga Crescente 2-10,true,718,235,10,10,757,0
1774965876633,606,Login,200,Cenario 2 - Carga Crescente 2-6,true,718,235,10,10,606,0
1774965876911,378,GET Articles,200,Cenario 2 - Carga Crescente 2-2,true,708072,293,11,11,377,0
1774965876929,390,GET Articles,200,Cenario 2 - Carga Crescente 2-8,true,708072,293,11,11,386,0
1774965876735,617,Login,200,Cenario 2 - Carga Crescente 2-9,true,718,235,11,11,617,0
1774965877036,364,GET Articles,200,Cenario 2 - Carga Crescente 2-1,true,708072,293,11,11,363,0
1774965876768,670,Login,200,Cenario 2 - Carga Crescente 2-3,true,718,235,11,11,670,0
1774965876976,603,Login,200,Cenario 2 - Carga Crescente 2-7,true,718,235,11,11,603,0
1774965877177,452,GET Articles,200,Cenario 2 - Carga Crescente 2-10,true,708072,293,11,11,451,0
1774965877239,439,GET Articles,200,Cenario 2 - Carga Crescente 2-6,true,708072,293,11,11,438,0
1774965877064,614,Login,200,Cenario 2 - Carga Crescente 2-5,true,718,235,11,11,614,0
1774965877091,609,Login,200,Cenario 2 - Carga Crescente 2-4,true,718,235,11,11,609,0
1774965877289,658,Login,200,Cenario 2 - Carga Crescente 2-2,true,718,235,11,11,658,0
1774965877257,691,Login,200,Cenario 2 - Carga Crescente 2-11,true,718,235,11,11,691,0
1774965877353,648,GET Articles,200,Cenario 2 - Carga Crescente 2-9,true,708072,293,11,11,647,0
1774965877319,682,Login,200,Cenario 2 - Carga Crescente 2-8,true,718,235,11,11,682,0
1774965877439,619,GET Articles,200,Cenario 2 - Carga Crescente 2-3,true,708072,293,11,11,619,0
1774965877579,523,GET Articles,200,Cenario 2 - Carga Crescente 2-7,true,708073,293,11,11,522,0
1774965877678,481,GET Articles,200,Cenario 2 - Carga Crescente 2-5,true,708072,293,11,11,480,0
1774965877400,809,Login,200,Cenario 2 - Carga Crescente 2-1,true,718,235,11,11,809,0
1774965877700,540,GET Articles,200,Cenario 2 - Carga Crescente 2-4,true,708072,293,11,11,539,0
1774965877947,324,GET Articles,200,Cenario 2 - Carga Crescente 2-2,true,708072,293,11,11,323,0
1774965877948,364,GET Articles,200,Cenario 2 - Carga Crescente 2-11,true,708072,293,11,11,363,0
1774965877629,746,Login,200,Cenario 2 - Carga Crescente 2-10,true,718,235,11,11,746,0
1774965878002,424,GET Articles,200,Cenario 2 - Carga Crescente 2-8,true,708072,293,11,11,423,0
1774965877678,750,Login,200,Cenario 2 - Carga Crescente 2-6,true,718,235,11,11,750,0
1774965878001,590,Login,200,Cenario 2 - Carga Crescente 2-9,true,718,235,11,11,590,0
1774965878059,644,Login,200,Cenario 2 - Carga Crescente 2-3,true,718,235,11,11,644,0
1774965878209,546,GET Articles,200,Cenario 2 - Carga Crescente 2-1,true,708072,293,11,11,546,0
1774965878102,654,Login,200,Cenario 2 - Carga Crescente 2-7,true,718,235,11,11,654,0
1774965878159,707,Login,200,Cenario 2 - Carga Crescente 2-5,true,718,235,11,11,707,0
1774965878240,792,Login,200,Cenario 2 - Carga Crescente 2-4,true,718,235,11,11,792,0
1774965878271,764,Login,200,Cenario 2 - Carga Crescente 2-2,true,718,235,11,11,764,0
1774965878376,709,GET Articles,200,Cenario 2 - Carga Crescente 2-10,true,708072,293,12,12,709,0
1774965878429,707,GET Articles,200,Cenario 2 - Carga Crescente 2-6,true,708072,293,12,12,706,0
1774965878312,824,Login,200,Cenario 2 - Carga Crescente 2-11,true,718,235,12,12,824,0
1774965878592,602,GET Articles,200,Cenario 2 - Carga Crescente 2-9,true,708072,293,12,12,601,0
1774965878703,535,GET Articles,200,Cenario 2 - Carga Crescente 2-3,true,708073,293,12,12,534,0
1774965878755,537,GET Articles,200,Cenario 2 - Carga Crescente 2-7,true,708072,293,12,12,536,0
1774965878866,477,GET Articles,200,Cenario 2 - Carga Crescente 2-5,true,708072,293,12,12,476,0
1774965879031,346,GET Articles,200,Cenario 2 - Carga Crescente 2-4,true,708072,293,12,12,345,0
1774965878426,952,Login,200,Cenario 2 - Carga Crescente 2-8,true,719,235,12,12,952,0
1774965879034,398,GET Articles,200,Cenario 2 - Carga Crescente 2-2,true,708072,293,12,12,397,0
1774965878755,759,Login,200,Cenario 2 - Carga Crescente 2-1,true,718,235,12,12,759,0
1774965879056,594,Login,200,Cenario 2 - Carga Crescente 2-12,true,718,235,12,12,594,1
1774965879136,569,GET Articles,200,Cenario 2 - Carga Crescente 2-11,true,708072,293,12,12,568,0
1774965879085,620,Login,200,Cenario 2 - Carga Crescente 2-10,true,718,235,12,12,620,0
1774965879135,642,Login,200,Cenario 2 - Carga Crescente 2-6,true,718,235,12,12,642,0
1774965879237,732,Login,200,Cenario 2 - Carga Crescente 2-3,true,718,235,12,12,732,0
1774965879193,786,Login,200,Cenario 2 - Carga Crescente 2-9,true,718,235,12,12,786,0
1774965879292,740,Login,200,Cenario 2 - Carga Crescente 2-7,true,718,235,12,12,740,0
1774965879377,694,GET Articles,200,Cenario 2 - Carga Crescente 2-8,true,708072,293,12,12,693,0
1774965879343,882,Login,200,Cenario 2 - Carga Crescente 2-5,true,718,235,12,12,882,0
1774965879514,744,GET Articles,200,Cenario 2 - Carga Crescente 2-1,true,708072,293,12,12,743,0
1774965879377,881,Login,200,Cenario 2 - Carga Crescente 2-4,true,718,235,12,12,881,0
1774965879651,640,GET Articles,200,Cenario 2 - Carga Crescente 2-12,true,708072,293,12,12,639,0
1774965879706,616,GET Articles,200,Cenario 2 - Carga Crescente 2-10,true,708072,293,12,12,615,0
1774965879432,891,Login,200,Cenario 2 - Carga Crescente 2-2,true,718,235,12,12,891,0
1774965879778,576,GET Articles,200,Cenario 2 - Carga Crescente 2-6,true,708072,293,12,12,576,0
1774965879969,408,GET Articles,200,Cenario 2 - Carga Crescente 2-3,true,708073,293,12,12,407,0
1774965879979,429,GET Articles,200,Cenario 2 - Carga Crescente 2-9,true,708072,293,12,12,428,0
1774965880033,398,GET Articles,200,Cenario 2 - Carga Crescente 2-7,true,708073,293,12,12,397,0
1774965880225,239,GET Articles,200,Cenario 2 - Carga Crescente 2-5,true,708072,293,12,12,238,0
1774965879705,821,Login,200,Cenario 2 - Carga Crescente 2-11,true,718,235,12,12,821,0
1774965880259,299,GET Articles,200,Cenario 2 - Carga Crescente 2-4,true,708072,293,12,12,299,0
1774965880071,628,Login,200,Cenario 2 - Carga Crescente 2-8,true,718,235,12,12,628,0
1774965880258,473,Login,200,Cenario 2 - Carga Crescente 2-1,true,718,235,12,12,473,0
1774965880324,437,GET Articles,200,Cenario 2 - Carga Crescente 2-2,true,708072,293,12,12,436,0
1774965880291,529,Login,200,Cenario 2 - Carga Crescente 2-12,true,718,235,12,12,529,0
1774965880322,635,Login,200,Cenario 2 - Carga Crescente 2-10,true,718,235,13,13,635,0
1774965880355,665,Login,200,Cenario 2 - Carga Crescente 2-6,true,718,235,13,13,665,0
1774965880377,696,Login,200,Cenario 2 - Carga Crescente 2-3,true,718,235,13,13,696,0
1774965880408,801,Login,200,Cenario 2 - Carga Crescente 2-9,true,718,235,13,13,801,0
1774965880527,733,GET Articles,200,Cenario 2 - Carga Crescente 2-11,true,708072,293,13,13,732,0
1774965880431,851,Login,200,Cenario 2 - Carga Crescente 2-7,true,718,235,13,13,851,0
1774965880699,615,GET Articles,200,Cenario 2 - Carga Crescente 2-8,true,708072,293,13,13,614,0
1774965880731,608,GET Articles,200,Cenario 2 - Carga Crescente 2-1,true,708072,293,13,13,607,0
1774965880464,875,Login,200,Cenario 2 - Carga Crescente 2-5,true,718,235,13,13,875,0
1774965880821,567,GET Articles,200,Cenario 2 - Carga Crescente 2-12,true,708072,293,13,13,566,0
1774965880559,964,Login,200,Cenario 2 - Carga Crescente 2-4,true,718,235,13,13,964,0
1774965880957,614,GET Articles,200,Cenario 2 - Carga Crescente 2-10,true,708072,293,13,13,614,0
1774965881021,594,GET Articles,200,Cenario 2 - Carga Crescente 2-6,true,708072,293,13,13,593,0
1774965880761,854,Login,200,Cenario 2 - Carga Crescente 2-2,true,718,235,13,13,854,0
1774965881210,446,GET Articles,200,Cenario 2 - Carga Crescente 2-9,true,708072,293,13,13,445,0
1774965880857,799,Login,200,Cenario 2 - Carga Crescente 2-13,true,718,235,13,13,799,0
1774965881074,606,GET Articles,200,Cenario 2 - Carga Crescente 2-3,true,708073,293,13,13,606,0
1774965881282,447,GET Articles,200,Cenario 2 - Carga Crescente 2-7,true,708072,293,13,13,447,0
1774965881314,627,Login,200,Cenario 2 - Carga Crescente 2-8,true,718,235,13,13,627,0
1774965881339,636,GET Articles,200,Cenario 2 - Carga Crescente 2-5,true,708072,293,13,13,636,0
1774965881260,715,Login,200,Cenario 2 - Carga Crescente 2-11,true,718,235,13,13,715,0
1774965881339,645,Login,200,Cenario 2 - Carga Crescente 2-1,true,718,235,13,13,645,0
1774965881523,487,GET Articles,200,Cenario 2 - Carga Crescente 2-4,true,708072,293,13,13,486,0
1774965881388,847,Login,200,Cenario 2 - Carga Crescente 2-12,true,718,235,13,13,847,0
1774965881615,666,GET Articles,200,Cenario 2 - Carga Crescente 2-2,true,708072,293,13,13,666,0
1774965881572,710,Login,200,Cenario 2 - Carga Crescente 2-10,true,718,235,13,13,710,0
1774965881615,668,Login,200,Cenario 2 - Carga Crescente 2-6,true,718,235,13,13,668,0
1774965881656,671,GET Articles,200,Cenario 2 - Carga Crescente 2-13,true,708072,293,13,13,670,0
1774965881680,867,Login,200,Cenario 2 - Carga Crescente 2-3,true,718,235,13,13,867,0
1774965881656,896,Login,200,Cenario 2 - Carga Crescente 2-9,true,718,235,13,13,896,0
1774965881941,634,GET Articles,200,Cenario 2 - Carga Crescente 2-8,true,708072,293,13,13,633,0
1774965881730,852,Login,200,Cenario 2 - Carga Crescente 2-7,true,718,235,13,13,852,0
1774965881976,634,GET Articles,200,Cenario 2 - Carga Crescente 2-11,true,708072,293,13,13,633,0
1774965881984,665,GET Articles,200,Cenario 2 - Carga Crescente 2-1,true,708072,293,13,13,664,0
1774965882235,446,GET Articles,200,Cenario 2 - Carga Crescente 2-12,true,708072,293,14,14,445,0
1774965881975,868,Login,200,Cenario 2 - Carga Crescente 2-5,true,718,235,14,14,868,0
1774965882282,608,GET Articles,200,Cenario 2 - Carga Crescente 2-10,true,708072,293,14,14,607,0
1774965882283,657,GET Articles,200,Cenario 2 - Carga Crescente 2-6,true,708072,293,14,14,656,0
1774965882010,931,Login,200,Cenario 2 - Carga Crescente 2-4,true,718,235,14,14,931,0
1774965882282,660,Login,200,Cenario 2 - Carga Crescente 2-2,true,718,235,14,14,660,0
1774965882552,428,GET Articles,200,Cenario 2 - Carga Crescente 2-9,true,708072,293,14,14,427,0
1774965882547,456,GET Articles,200,Cenario 2 - Carga Crescente 2-3,true,708073,293,14,14,455,0
1774965882582,461,GET Articles,200,Cenario 2 - Carga Crescente 2-7,true,708072,293,14,14,460,0
1774965882328,887,Login,200,Cenario 2 - Carga Crescente 2-13,true,718,235,14,14,887,0
1774965882575,694,Login,200,Cenario 2 - Carga Crescente 2-8,true,718,235,14,14,694,0
1774965882610,695,Login,200,Cenario 2 - Carga Crescente 2-11,true,718,235,14,14,695,0
1774965882649,830,Login,200,Cenario 2 - Carga Crescente 2-1,true,718,235,14,14,830,0
1774965882843,685,GET Articles,200,Cenario 2 - Carga Crescente 2-5,true,708072,293,14,14,684,0
1774965882657,880,Login,200,Cenario 2 - Carga Crescente 2-14,true,718,235,14,14,880,0
1774965882681,887,Login,200,Cenario 2 - Carga Crescente 2-12,true,718,235,14,14,887,0
1774965882941,675,GET Articles,200,Cenario 2 - Carga Crescente 2-4,true,708072,293,14,14,674,0
1774965882942,728,GET Articles,200,Cenario 2 - Carga Crescente 2-2,true,708072,293,14,14,727,0
1774965882890,909,Login,200,Cenario 2 - Carga Crescente 2-10,true,718,235,14,14,909,0
1774965882940,872,Login,200,Cenario 2 - Carga Crescente 2-6,true,718,235,14,14,872,0
1774965882980,963,Login,200,Cenario 2 - Carga Crescente 2-9,true,718,235,14,14,963,0
1774965883216,760,GET Articles,200,Cenario 2 - Carga Crescente 2-13,true,708072,293,14,14,759,0
1774965883269,737,GET Articles,200,Cenario 2 - Carga Crescente 2-8,true,708072,293,14,14,736,0
1774965883305,753,GET Articles,200,Cenario 2 - Carga Crescente 2-11,true,708072,293,14,14,752,0
1774965883479,623,GET Articles,200,Cenario 2 - Carga Crescente 2-1,true,708072,293,14,14,622,0
1774965883003,1100,Login,200,Cenario 2 - Carga Crescente 2-3,true,718,235,14,14,1100,0
1774965883043,1061,Login,200,Cenario 2 - Carga Crescente 2-7,true,718,235,14,14,1061,0
1774965883538,634,GET Articles,200,Cenario 2 - Carga Crescente 2-14,true,708072,293,14,14,633,0
1774965883569,660,GET Articles,200,Cenario 2 - Carga Crescente 2-12,true,708074,293,14,14,659,0
1774965883528,858,Login,200,Cenario 2 - Carga Crescente 2-5,true,718,235,14,14,858,0
1774965883800,634,GET Articles,200,Cenario 2 - Carga Crescente 2-10,true,708072,293,14,14,633,0
1774965883813,670,GET Articles,200,Cenario 2 - Carga Crescente 2-6,true,708072,293,15,15,669,0
1774965883943,577,GET Articles,200,Cenario 2 - Carga Crescente 2-9,true,708072,293,15,15,576,0
1774965883616,905,Login,200,Cenario 2 - Carga Crescente 2-4,true,718,235,15,15,905,0
1774965883670,853,Login,200,Cenario 2 - Carga Crescente 2-2,true,718,235,15,15,853,0
1774965884006,787,Login,200,Cenario 2 - Carga Crescente 2-8,true,718,235,15,15,787,0
1774965884058,739,Login,200,Cenario 2 - Carga Crescente 2-11,true,718,235,15,15,739,0
1774965883976,824,Login,200,Cenario 2 - Carga Crescente 2-13,true,718,235,15,15,824,0
1774965884103,734,GET Articles,200,Cenario 2 - Carga Crescente 2-3,true,708072,293,15,15,733,0
1774965884105,777,GET Articles,200,Cenario 2 - Carga Crescente 2-7,true,708073,293,15,15,776,0
1774965884102,960,Login,200,Cenario 2 - Carga Crescente 2-1,true,718,235,15,15,960,0
1774965884386,715,GET Articles,200,Cenario 2 - Carga Crescente 2-5,true,708072,293,15,15,715,0
1774965884172,977,Login,200,Cenario 2 - Carga Crescente 2-14,true,718,235,15,15,977,0
1774965884229,921,Login,200,Cenario 2 - Carga Crescente 2-12,true,718,235,15,15,921,0
1774965884434,928,Login,200,Cenario 2 - Carga Crescente 2-10,true,718,235,15,15,928,0
1774965884455,963,Login,200,Cenario 2 - Carga Crescente 2-15,true,718,235,15,15,963,1
1774965884483,936,Login,200,Cenario 2 - Carga Crescente 2-6,true,718,235,15,15,936,0
1774965884521,941,GET Articles,200,Cenario 2 - Carga Crescente 2-4,true,708072,293,15,15,940,0
1774965884523,963,GET Articles,200,Cenario 2 - Carga Crescente 2-2,true,708073,293,15,15,962,0
1774965884793,726,GET Articles,200,Cenario 2 - Carga Crescente 2-8,true,708072,293,15,15,725,0
1774965884797,743,GET Articles,200,Cenario 2 - Carga Crescente 2-11,true,708073,293,15,15,743,0
1774965884800,778,GET Articles,200,Cenario 2 - Carga Crescente 2-13,true,708072,293,15,15,777,0
1774965884520,1103,Login,200,Cenario 2 - Carga Crescente 2-9,true,718,235,15,15,1103,0
1774965885062,610,GET Articles,200,Cenario 2 - Carga Crescente 2-1,true,708072,293,15,15,609,0
1774965884837,971,Login,200,Cenario 2 - Carga Crescente 2-3,true,718,235,15,15,971,0
1774965885150,703,GET Articles,200,Cenario 2 - Carga Crescente 2-14,true,708072,293,15,15,703,0
1774965884882,971,Login,200,Cenario 2 - Carga Crescente 2-7,true,718,235,15,15,971,0
1774965885151,740,GET Articles,200,Cenario 2 - Carga Crescente 2-12,true,708072,293,15,15,739,0
1774965885362,565,GET Articles,200,Cenario 2 - Carga Crescente 2-10,true,708073,293,15,15,564,0
1774965885102,832,Login,200,Cenario 2 - Carga Crescente 2-5,true,718,235,15,15,832,0
1774965885419,574,GET Articles,200,Cenario 2 - Carga Crescente 2-15,true,708072,293,15,15,573,0
1774965885419,579,GET Articles,200,Cenario 2 - Carga Crescente 2-6,true,708072,293,15,15,578,0
1774965885462,802,Login,200,Cenario 2 - Carga Crescente 2-4,true,718,235,16,16,802,0
1774965885519,750,Login,200,Cenario 2 - Carga Crescente 2-8,true,718,235,16,16,750,0
1774965885486,787,Login,200,Cenario 2 - Carga Crescente 2-2,true,718,235,16,16,787,0
1774965885624,698,GET Articles,200,Cenario 2 - Carga Crescente 2-9,true,708072,293,16,16,697,0
1774965885541,986,Login,200,Cenario 2 - Carga Crescente 2-11,true,718,235,16,16,986,0
1774965885578,953,Login,200,Cenario 2 - Carga Crescente 2-13,true,718,235,16,16,953,0
1774965885808,769,GET Articles,200,Cenario 2 - Carga Crescente 2-3,true,708072,293,16,16,768,0
1774965885672,951,Login,200,Cenario 2 - Carga Crescente 2-1,true,718,235,16,16,951,0
1774965885854,776,GET Articles,200,Cenario 2 - Carga Crescente 2-7,true,708072,293,16,16,775,0
1774965885854,984,Login,200,Cenario 2 - Carga Crescente 2-14,true,718,235,16,16,984,0
1774965885935,951,GET Articles,200,Cenario 2 - Carga Crescente 2-5,true,708072,293,16,16,950,0
1774965885927,966,Login,200,Cenario 2 - Carga Crescente 2-10,true,718,235,16,16,966,0
1774965885891,1006,Login,200,Cenario 2 - Carga Crescente 2-12,true,718,235,16,16,1006,0
1774965885994,1155,Login,200,Cenario 2 - Carga Crescente 2-15,true,718,235,16,16,1155,0
1774965885998,1157,Login,200,Cenario 2 - Carga Crescente 2-6,true,718,235,16,16,1157,0
1774965886256,902,Login,200,Cenario 2 - Carga Crescente 2-16,true,718,235,16,16,902,1
1774965886264,926,GET Articles,200,Cenario 2 - Carga Crescente 2-4,true,708072,293,16,16,925,0
1774965886269,962,GET Articles,200,Cenario 2 - Carga Crescente 2-8,true,708072,293,16,16,961,0
1774965886273,1001,GET Articles,200,Cenario 2 - Carga Crescente 2-2,true,708073,293,16,16,1000,0
1774965886528,778,GET Articles,200,Cenario 2 - Carga Crescente 2-11,true,708072,293,16,16,777,0
1774965886531,805,GET Articles,200,Cenario 2 - Carga Crescente 2-13,true,708073,293,16,16,804,0
1774965886624,764,GET Articles,200,Cenario 2 - Carga Crescente 2-1,true,708072,293,16,16,763,0
1774965886322,1137,Login,200,Cenario 2 - Carga Crescente 2-9,true,718,235,16,16,1137,0
1774965886839,667,GET Articles,200,Cenario 2 - Carga Crescente 2-14,true,708072,293,16,16,667,0
1774965886577,1026,Login,200,Cenario 2 - Carga Crescente 2-3,true,718,235,16,16,1026,0
1774965886893,773,GET Articles,200,Cenario 2 - Carga Crescente 2-10,true,708072,293,16,16,773,0
1774965886630,1037,Login,200,Cenario 2 - Carga Crescente 2-7,true,718,235,16,16,1037,0
1774965887150,553,GET Articles,200,Cenario 2 - Carga Crescente 2-15,true,708072,293,16,16,553,0
1774965886897,831,GET Articles,200,Cenario 2 - Carga Crescente 2-12,true,708073,293,16,16,830,0
1774965887156,614,GET Articles,200,Cenario 2 - Carga Crescente 2-6,true,708072,293,16,16,613,0
1774965887158,637,GET Articles,200,Cenario 2 - Carga Crescente 2-16,true,708073,293,16,16,636,0
1774965886886,909,Login,200,Cenario 2 - Carga Crescente 2-5,true,718,235,16,16,909,0
1774965887274,799,Login,200,Cenario 2 - Carga Crescente 2-2,true,718,235,17,17,799,0
1774965887231,844,Login,200,Cenario 2 - Carga Crescente 2-8,true,718,235,17,17,844,0
1774965887190,887,Login,200,Cenario 2 - Carga Crescente 2-4,true,718,235,17,17,887,0
1774965887306,1043,Login,200,Cenario 2 - Carga Crescente 2-11,true,718,235,17,17,1043,0
1774965887336,1015,Login,200,Cenario 2 - Carga Crescente 2-13,true,718,235,17,17,1015,0
1774965887388,965,Login,200,Cenario 2 - Carga Crescente 2-1,true,718,235,17,17,965,0
1774965887459,952,GET Articles,200,Cenario 2 - Carga Crescente 2-9,true,708072,293,17,17,951,0
1774965887604,855,GET Articles,200,Cenario 2 - Carga Crescente 2-3,true,708073,293,17,17,854,0
1774965887667,845,GET Articles,200,Cenario 2 - Carga Crescente 2-7,true,708072,293,17,17,844,0
1774965887507,1125,Login,200,Cenario 2 - Carga Crescente 2-14,true,718,235,17,17,1125,0
1774965887667,1064,Login,200,Cenario 2 - Carga Crescente 2-10,true,718,235,17,17,1064,0
1774965887704,1079,Login,200,Cenario 2 - Carga Crescente 2-15,true,718,235,17,17,1079,0
1774965887729,1174,Login,200,Cenario 2 - Carga Crescente 2-12,true,718,235,17,17,1174,0
1774965887796,1139,GET Articles,200,Cenario 2 - Carga Crescente 2-5,true,708072,293,17,17,1138,0
1774965887770,1235,Login,200,Cenario 2 - Carga Crescente 2-6,true,718,235,17,17,1235,0
1774965888074,984,GET Articles,200,Cenario 2 - Carga Crescente 2-2,true,708072,293,17,17,984,0
1774965887795,1264,Login,200,Cenario 2 - Carga Crescente 2-16,true,718,235,17,17,1264,0
1774965888075,1042,GET Articles,200,Cenario 2 - Carga Crescente 2-8,true,708072,293,17,17,1041,0
1774965888078,1114,GET Articles,200,Cenario 2 - Carga Crescente 2-4,true,708074,293,17,17,1113,0
1774965888055,1152,Login,200,Cenario 2 - Carga Crescente 2-17,true,718,235,17,17,1152,1
1774965888350,891,GET Articles,200,Cenario 2 - Carga Crescente 2-11,true,708073,293,17,17,891,0
1774965888352,918,GET Articles,200,Cenario 2 - Carga Crescente 2-13,true,708073,293,17,17,918,0
1774965888353,958,GET Articles,200,Cenario 2 - Carga Crescente 2-1,true,708072,293,17,17,954,0
1774965888411,1131,Login,200,Cenario 2 - Carga Crescente 2-9,true,718,235,17,17,1131,0
1774965888632,942,GET Articles,200,Cenario 2 - Carga Crescente 2-14,true,708072,293,17,17,941,0
1774965888459,1115,Login,200,Cenario 2 - Carga Crescente 2-3,true,718,235,17,17,1115,0
1774965888512,1063,Login,200,Cenario 2 - Carga Crescente 2-7,true,718,235,17,17,1063,0
1774965888733,900,GET Articles,200,Cenario 2 - Carga Crescente 2-10,true,708072,293,17,17,899,0
1774965888785,852,GET Articles,200,Cenario 2 - Carga Crescente 2-15,true,708072,293,17,17,852,0
1774965888905,757,GET Articles,200,Cenario 2 - Carga Crescente 2-12,true,708072,293,17,17,756,0
1774965889007,710,GET Articles,200,Cenario 2 - Carga Crescente 2-6,true,708072,293,17,17,709,0
1774965889061,702,GET Articles,200,Cenario 2 - Carga Crescente 2-16,true,708072,293,17,17,701,0
1774965889060,870,Login,200,Cenario 2 - Carga Crescente 2-2,true,718,235,18,18,870,0
1774965888936,995,Login,200,Cenario 2 - Carga Crescente 2-5,true,718,235,18,18,995,0
1774965889208,776,GET Articles,200,Cenario 2 - Carga Crescente 2-17,true,708072,293,18,18,775,0
1774965889118,904,Login,200,Cenario 2 - Carga Crescente 2-8,true,718,235,18,18,904,0
1774965889193,1000,Login,200,Cenario 2 - Carga Crescente 2-4,true,718,235,18,18,1000,0
1774965889242,996,Login,200,Cenario 2 - Carga Crescente 2-11,true,718,235,18,18,996,0
1774965889543,721,GET Articles,200,Cenario 2 - Carga Crescente 2-9,true,708072,293,18,18,720,0
1774965889272,1003,Login,200,Cenario 2 - Carga Crescente 2-13,true,718,235,18,18,1003,0
1774965889576,724,GET Articles,200,Cenario 2 - Carga Crescente 2-3,true,708072,293,18,18,724,0
1774965889577,750,GET Articles,200,Cenario 2 - Carga Crescente 2-7,true,708072,293,18,18,749,0
1774965889312,1146,Login,200,Cenario 2 - Carga Crescente 2-1,true,718,235,18,18,1146,0
1774965889575,949,Login,200,Cenario 2 - Carga Crescente 2-14,true,718,235,18,18,949,0
1774965889633,948,Login,200,Cenario 2 - Carga Crescente 2-10,true,718,235,18,18,948,0
1774965889638,1072,Login,200,Cenario 2 - Carga Crescente 2-15,true,718,235,18,18,1072,0
1774965889662,1112,Login,200,Cenario 2 - Carga Crescente 2-12,true,718,235,18,18,1112,0
1774965889717,1113,Login,200,Cenario 2 - Carga Crescente 2-6,true,718,235,18,18,1113,0
1774965889930,925,GET Articles,200,Cenario 2 - Carga Crescente 2-2,true,708072,293,18,18,925,0
1774965889931,957,GET Articles,200,Cenario 2 - Carga Crescente 2-5,true,708072,293,18,18,956,0
1774965889763,1201,Login,200,Cenario 2 - Carga Crescente 2-16,true,718,235,18,18,1201,0
1774965890022,992,GET Articles,200,Cenario 2 - Carga Crescente 2-8,true,708072,293,18,18,991,0
1774965890194,860,GET Articles,200,Cenario 2 - Carga Crescente 2-4,true,708072,293,18,18,859,0
1774965889857,1196,Login,200,Cenario 2 - Carga Crescente 2-18,true,718,235,18,18,1196,1
1774965890238,864,GET Articles,200,Cenario 2 - Carga Crescente 2-11,true,708072,293,18,18,863,0
1774965890276,873,GET Articles,200,Cenario 2 - Carga Crescente 2-13,true,708072,293,18,18,872,0
1774965889984,1165,Login,200,Cenario 2 - Carga Crescente 2-17,true,718,235,18,18,1165,0
1774965890264,1051,Login,200,Cenario 2 - Carga Crescente 2-9,true,718,235,18,18,1051,0
1774965890458,888,GET Articles,200,Cenario 2 - Carga Crescente 2-1,true,708072,293,18,18,888,0
1774965890525,846,GET Articles,200,Cenario 2 - Carga Crescente 2-14,true,708072,293,18,18,845,0
1774965890581,816,GET Articles,200,Cenario 2 - Carga Crescente 2-10,true,708072,293,18,18,815,0
1774965890711,713,GET Articles,200,Cenario 2 - Carga Crescente 2-15,true,708072,293,18,18,713,0
1774965890301,1123,Login,200,Cenario 2 - Carga Crescente 2-3,true,718,235,18,18,1123,0
1774965890327,1098,Login,200,Cenario 2 - Carga Crescente 2-7,true,718,235,18,18,1098,0
1774965890830,654,GET Articles,200,Cenario 2 - Carga Crescente 2-6,true,708072,293,18,18,653,0
1774965890774,755,GET Articles,200,Cenario 2 - Carga Crescente 2-12,true,708073,293,18,18,754,0
1774965890965,617,GET Articles,200,Cenario 2 - Carga Crescente 2-16,true,708072,293,18,18,617,0
1774965890856,846,Login,200,Cenario 2 - Carga Crescente 2-2,true,718,235,19,19,846,0
1774965890888,908,Login,200,Cenario 2 - Carga Crescente 2-5,true,718,235,19,19,908,0
1774965891054,774,GET Articles,200,Cenario 2 - Carga Crescente 2-18,true,708072,293,19,19,773,0
1774965891014,831,Login,200,Cenario 2 - Carga Crescente 2-8,true,718,235,19,19,831,0
1774965891054,911,Login,200,Cenario 2 - Carga Crescente 2-4,true,718,235,19,19,911,0
1774965891150,851,GET Articles,200,Cenario 2 - Carga Crescente 2-17,true,708072,293,19,19,850,0
1774965891315,716,GET Articles,200,Cenario 2 - Carga Crescente 2-9,true,708072,293,19,19,716,0
1774965891102,987,Login,200,Cenario 2 - Carga Crescente 2-11,true,718,235,19,19,987,0
1774965891149,959,Login,200,Cenario 2 - Carga Crescente 2-13,true,718,235,19,19,959,0
1774965891347,940,Login,200,Cenario 2 - Carga Crescente 2-1,true,718,235,19,19,940,0
1774965891371,972,Login,200,Cenario 2 - Carga Crescente 2-14,true,718,235,19,19,972,0
1774965891397,980,Login,200,Cenario 2 - Carga Crescente 2-10,true,718,235,19,19,980,0
1774965891425,953,GET Articles,200,Cenario 2 - Carga Crescente 2-3,true,708072,293,19,19,952,0
1774965891426,1003,GET Articles,200,Cenario 2 - Carga Crescente 2-7,true,708072,293,19,19,1002,0
1774965891424,1115,Login,200,Cenario 2 - Carga Crescente 2-15,true,718,235,19,19,1115,0
1774965891484,1149,Login,200,Cenario 2 - Carga Crescente 2-6,true,718,235,19,19,1149,0
1774965891529,1153,Login,200,Cenario 2 - Carga Crescente 2-12,true,718,235,19,19,1153,0
1774965891703,1010,GET Articles,200,Cenario 2 - Carga Crescente 2-2,true,708072,293,19,19,1010,0
1774965891797,957,GET Articles,200,Cenario 2 - Carga Crescente 2-5,true,708072,293,19,19,956,0
1774965891583,1211,Login,200,Cenario 2 - Carga Crescente 2-16,true,718,235,19,19,1211,0
1774965891846,982,GET Articles,200,Cenario 2 - Carga Crescente 2-8,true,708072,293,19,19,981,0
1774965891966,887,GET Articles,200,Cenario 2 - Carga Crescente 2-4,true,708072,293,19,19,886,0
1774965891658,1231,Login,200,Cenario 2 - Carga Crescente 2-19,true,718,235,19,19,1231,0
1774965891828,1185,Login,200,Cenario 2 - Carga Crescente 2-18,true,718,235,19,19,1185,0
1774965892090,969,GET Articles,200,Cenario 2 - Carga Crescente 2-11,true,708072,293,19,19,968,0
1774965892108,1001,GET Articles,200,Cenario 2 - Carga Crescente 2-13,true,708072,293,19,19,1000,0
1774965892001,1109,Login,200,Cenario 2 - Carga Crescente 2-17,true,718,235,19,19,1109,0
1774965892343,804,GET Articles,200,Cenario 2 - Carga Crescente 2-14,true,708072,293,19,19,803,0
1774965892032,1116,Login,200,Cenario 2 - Carga Crescente 2-9,true,718,235,19,19,1116,0
1774965892288,883,GET Articles,200,Cenario 2 - Carga Crescente 2-1,true,708073,293,19,19,882,0
1774965892378,851,GET Articles,200,Cenario 2 - Carga Crescente 2-10,true,708072,293,19,19,850,0
1774965892539,740,GET Articles,200,Cenario 2 - Carga Crescente 2-15,true,708072,293,19,19,739,0
1774965892634,692,GET Articles,200,Cenario 2 - Carga Crescente 2-6,true,708072,293,19,19,691,0
1774965892683,693,GET Articles,200,Cenario 2 - Carga Crescente 2-12,true,708072,293,19,19,692,0
1774965892378,1067,Login,200,Cenario 2 - Carga Crescente 2-3,true,718,235,19,19,1067,0
1774965892429,1018,Login,200,Cenario 2 - Carga Crescente 2-7,true,718,235,19,19,1018,0
1774965892794,691,GET Articles,200,Cenario 2 - Carga Crescente 2-16,true,708072,293,20,20,691,0
1774965892714,931,Login,200,Cenario 2 - Carga Crescente 2-2,true,718,235,20,20,931,0
1774965892754,967,Login,200,Cenario 2 - Carga Crescente 2-5,true,718,235,20,20,967,0
1774965892890,879,GET Articles,200,Cenario 2 - Carga Crescente 2-19,true,708072,293,20,20,878,0
1774965892828,941,Login,200,Cenario 2 - Carga Crescente 2-8,true,718,235,20,20,941,0
1774965893014,814,GET Articles,200,Cenario 2 - Carga Crescente 2-18,true,708072,293,20,20,813,0
1774965892853,1065,Login,200,Cenario 2 - Carga Crescente 2-4,true,718,235,20,20,1065,0
1774965893110,834,GET Articles,200,Cenario 2 - Carga Crescente 2-17,true,708072,293,20,20,834,0
1774965893059,979,Login,200,Cenario 2 - Carga Crescente 2-11,true,718,235,20,20,979,0
1774965893149,975,GET Articles,200,Cenario 2 - Carga Crescente 2-9,true,708072,293,20,20,974,0
1774965893109,1016,Login,200,Cenario 2 - Carga Crescente 2-13,true,718,235,20,20,1016,0
1774965893147,1071,Login,200,Cenario 2 - Carga Crescente 2-14,true,718,235,20,20,1071,0
1774965893171,1232,Login,200,Cenario 2 - Carga Crescente 2-1,true,718,235,20,20,1232,0
1774965893229,1175,Login,200,Cenario 2 - Carga Crescente 2-10,true,718,235,20,20,1175,0
1774965893279,1207,Login,200,Cenario 2 - Carga Crescente 2-15,true,718,235,20,20,1207,0
1774965893445,1088,GET Articles,200,Cenario 2 - Carga Crescente 2-3,true,708072,293,20,20,1087,0
1774965893448,1134,GET Articles,200,Cenario 2 - Carga Crescente 2-7,true,708072,293,20,20,1133,0
1774965893376,1294,Login,200,Cenario 2 - Carga Crescente 2-12,true,718,235,20,20,1294,0
1774965893326,1346,Login,200,Cenario 2 - Carga Crescente 2-6,true,718,235,20,20,1346,0
1774965893645,1080,GET Articles,200,Cenario 2 - Carga Crescente 2-2,true,708072,293,20,20,1080,0
1774965893722,1052,GET Articles,200,Cenario 2 - Carga Crescente 2-5,true,708072,293,20,20,1051,0
1774965893769,1052,GET Articles,200,Cenario 2 - Carga Crescente 2-8,true,708072,293,20,20,1051,0
1774965893458,1387,Login,200,Cenario 2 - Carga Crescente 2-20,true,718,235,20,20,1387,0
1774965893486,1450,Login,200,Cenario 2 - Carga Crescente 2-16,true,718,235,20,20,1450,0
1774965893918,1050,GET Articles,200,Cenario 2 - Carga Crescente 2-4,true,708072,293,20,20,1050,0
1774965893769,1315,Login,200,Cenario 2 - Carga Crescente 2-19,true,718,235,20,20,1315,0
1774965894039,1094,GET Articles,200,Cenario 2 - Carga Crescente 2-11,true,708072,293,20,20,1093,0
1774965893828,1305,Login,200,Cenario 2 - Carga Crescente 2-18,true,718,235,20,20,1305,0
1774965894125,1061,GET Articles,200,Cenario 2 - Carga Crescente 2-13,true,708072,293,20,20,1060,0
1774965894219,1015,GET Articles,200,Cenario 2 - Carga Crescente 2-14,true,708072,293,20,20,1015,0
1774965893945,1290,Login,200,Cenario 2 - Carga Crescente 2-17,true,718,235,20,20,1290,0
1774965894404,887,GET Articles,200,Cenario 2 - Carga Crescente 2-1,true,708072,293,21,21,887,0
1774965894405,932,GET Articles,200,Cenario 2 - Carga Crescente 2-10,true,708073,293,21,21,931,0
1774965894486,906,GET Articles,200,Cenario 2 - Carga Crescente 2-15,true,708072,293,21,21,905,0
1774965894125,1280,Login,200,Cenario 2 - Carga Crescente 2-9,true,718,235,21,21,1280,0
1774965894671,766,GET Articles,200,Cenario 2 - Carga Crescente 2-12,true,708072,293,21,21,766,0
1774965894673,791,GET Articles,200,Cenario 2 - Carga Crescente 2-6,true,708072,293,21,21,790,0
1774965894533,1082,Login,200,Cenario 2 - Carga Crescente 2-3,true,718,235,21,21,1082,0
1774965894582,1073,Login,200,Cenario 2 - Carga Crescente 2-7,true,718,235,21,21,1073,0
1774965894726,1007,Login,200,Cenario 2 - Carga Crescente 2-2,true,718,235,21,21,1007,0
1774965894845,934,GET Articles,200,Cenario 2 - Carga Crescente 2-20,true,708072,293,21,21,933,0
1774965894936,871,GET Articles,200,Cenario 2 - Carga Crescente 2-16,true,708072,293,21,21,870,0
1774965894774,1114,Login,200,Cenario 2 - Carga Crescente 2-5,true,718,235,21,21,1114,0
1774965895085,852,GET Articles,200,Cenario 2 - Carga Crescente 2-19,true,708072,293,21,21,851,0
1774965894821,1117,Login,200,Cenario 2 - Carga Crescente 2-8,true,718,235,21,21,1117,0
1774965895134,847,GET Articles,200,Cenario 2 - Carga Crescente 2-18,true,708072,293,21,21,847,0
1774965894969,1118,Login,200,Cenario 2 - Carga Crescente 2-4,true,718,235,21,21,1118,0
1774965895133,1083,Login,200,Cenario 2 - Carga Crescente 2-11,true,718,235,21,21,1083,0
1774965895236,1008,GET Articles,200,Cenario 2 - Carga Crescente 2-17,true,708072,293,21,21,1007,0
1774965895186,1063,Login,200,Cenario 2 - Carga Crescente 2-13,true,718,235,21,21,1063,0
1774965895235,1119,Login,200,Cenario 2 - Carga Crescente 2-14,true,718,235,21,21,1119,0
1774965895257,1247,Login,200,Cenario 2 - Carga Crescente 2-21,true,718,235,21,21,1247,1
1774965895292,1215,Login,200,Cenario 2 - Carga Crescente 2-1,true,718,235,21,21,1215,0
1774965895406,1125,GET Articles,200,Cenario 2 - Carga Crescente 2-9,true,708072,293,21,21,1124,0
1774965895338,1279,Login,200,Cenario 2 - Carga Crescente 2-10,true,718,235,21,21,1279,0
1774965895392,1365,Login,200,Cenario 2 - Carga Crescente 2-15,true,718,235,21,21,1365,0
1774965895615,1169,GET Articles,200,Cenario 2 - Carga Crescente 2-3,true,708072,293,21,21,1168,0
1774965895438,1347,Login,200,Cenario 2 - Carga Crescente 2-12,true,718,235,21,21,1347,0
1774965895656,1159,GET Articles,200,Cenario 2 - Carga Crescente 2-7,true,708072,293,21,21,1158,0
1774965895733,1114,GET Articles,200,Cenario 2 - Carga Crescente 2-2,true,708073,293,21,21,1113,0
1774965895464,1410,Login,200,Cenario 2 - Carga Crescente 2-6,true,718,235,21,21,1410,0
1774965895888,1019,GET Articles,200,Cenario 2 - Carga Crescente 2-5,true,708072,293,21,21,1018,0
1774965895779,1329,Login,200,Cenario 2 - Carga Crescente 2-20,true,718,235,22,22,1329,0
1774965895807,1305,Login,200,Cenario 2 - Carga Crescente 2-16,true,718,235,22,22,1305,0
1774965895938,1201,GET Articles,200,Cenario 2 - Carga Crescente 2-8,true,708072,293,22,22,1200,0
1774965896088,1086,GET Articles,200,Cenario 2 - Carga Crescente 2-4,true,708072,293,22,22,1085,0
1774965895937,1237,Login,200,Cenario 2 - Carga Crescente 2-19,true,718,235,22,22,1237,0
1774965896217,994,GET Articles,200,Cenario 2 - Carga Crescente 2-11,true,708072,293,22,22,993,0
1774965896250,1007,GET Articles,200,Cenario 2 - Carga Crescente 2-13,true,708072,293,22,22,1006,0
1774965896354,950,GET Articles,200,Cenario 2 - Carga Crescente 2-14,true,708072,293,22,22,949,0
1774965896504,832,GET Articles,200,Cenario 2 - Carga Crescente 2-21,true,708072,293,22,22,831,0
1774965896508,854,GET Articles,200,Cenario 2 - Carga Crescente 2-1,true,708072,293,22,22,854,0
1774965895982,1418,Login,200,Cenario 2 - Carga Crescente 2-18,true,718,235,22,22,1418,0
1774965896618,830,GET Articles,200,Cenario 2 - Carga Crescente 2-10,true,708072,293,22,22,829,0
1774965896244,1204,Login,200,Cenario 2 - Carga Crescente 2-17,true,718,235,22,22,1204,0
1774965896758,745,GET Articles,200,Cenario 2 - Carga Crescente 2-15,true,708072,293,22,22,744,0
1774965896785,767,GET Articles,200,Cenario 2 - Carga Crescente 2-12,true,708072,293,22,22,766,0
1774965896531,1097,Login,200,Cenario 2 - Carga Crescente 2-9,true,718,235,22,22,1097,0
1774965896784,940,Login,200,Cenario 2 - Carga Crescente 2-3,true,718,235,22,22,940,0
1774965896875,897,GET Articles,200,Cenario 2 - Carga Crescente 2-6,true,708072,293,22,22,896,0
1774965896815,1008,Login,200,Cenario 2 - Carga Crescente 2-7,true,718,235,22,22,1008,0
1774965896848,1045,Login,200,Cenario 2 - Carga Crescente 2-2,true,718,235,22,22,1045,0
1774965897109,819,GET Articles,200,Cenario 2 - Carga Crescente 2-20,true,708072,293,22,22,818,0
1774965897112,847,GET Articles,200,Cenario 2 - Carga Crescente 2-16,true,708072,293,22,22,846,0
1774965896908,1127,Login,200,Cenario 2 - Carga Crescente 2-5,true,718,235,22,22,1127,0
1774965897174,908,GET Articles,200,Cenario 2 - Carga Crescente 2-19,true,708072,293,22,22,907,0
1774965897057,1033,Login,200,Cenario 2 - Carga Crescente 2-22,true,718,235,22,22,1033,0
1774965897139,1086,Login,200,Cenario 2 - Carga Crescente 2-8,true,718,235,22,22,1086,0
1774965897174,1171,Login,200,Cenario 2 - Carga Crescente 2-4,true,718,235,22,22,1171,0
1774965897211,1147,Login,200,Cenario 2 - Carga Crescente 2-11,true,718,235,22,22,1147,0
1774965897258,1239,Login,200,Cenario 2 - Carga Crescente 2-13,true,718,235,22,22,1239,0
1774965897305,1307,Login,200,Cenario 2 - Carga Crescente 2-14,true,718,235,22,22,1307,0
1774965897400,1266,GET Articles,200,Cenario 2 - Carga Crescente 2-18,true,708072,293,22,22,1265,0
1774965897336,1330,Login,200,Cenario 2 - Carga Crescente 2-21,true,718,235,22,22,1330,0
1774965897449,1273,GET Articles,200,Cenario 2 - Carga Crescente 2-17,true,708072,293,22,22,1273,0
1774965897362,1409,Login,200,Cenario 2 - Carga Crescente 2-1,true,718,235,22,22,1409,0
1774965897449,1493,Login,200,Cenario 2 - Carga Crescente 2-10,true,718,235,23,23,1493,0
1774965897629,1359,GET Articles,200,Cenario 2 - Carga Crescente 2-9,true,708072,293,23,23,1358,0
1774965897503,1491,Login,200,Cenario 2 - Carga Crescente 2-15,true,718,235,23,23,1491,0
1774965897725,1296,GET Articles,200,Cenario 2 - Carga Crescente 2-3,true,708072,293,23,23,1295,0
1774965897552,1500,Login,200,Cenario 2 - Carga Crescente 2-12,true,718,235,23,23,1500,0
1774965897824,1228,GET Articles,200,Cenario 2 - Carga Crescente 2-7,true,708072,293,23,23,1227,0
1774965897894,1209,GET Articles,200,Cenario 2 - Carga Crescente 2-2,true,708072,293,23,23,1208,0
1774965897772,1514,Login,200,Cenario 2 - Carga Crescente 2-6,true,718,235,23,23,1514,0
1774965898036,1301,GET Articles,200,Cenario 2 - Carga Crescente 2-5,true,708072,293,23,23,1300,0
1774965897928,1409,Login,200,Cenario 2 - Carga Crescente 2-20,true,718,235,23,23,1409,0
1774965897959,1427,Login,200,Cenario 2 - Carga Crescente 2-16,true,718,235,23,23,1427,0
1774965898091,1295,GET Articles,200,Cenario 2 - Carga Crescente 2-22,true,708072,293,23,23,1294,0
1774965898226,1199,GET Articles,200,Cenario 2 - Carga Crescente 2-8,true,708072,293,23,23,1198,0
1774965898345,1109,GET Articles,200,Cenario 2 - Carga Crescente 2-4,true,708073,293,23,23,1109,0
1774965898359,1134,GET Articles,200,Cenario 2 - Carga Crescente 2-11,true,708072,293,23,23,1133,0
1774965898498,1040,GET Articles,200,Cenario 2 - Carga Crescente 2-13,true,708073,293,23,23,1039,0
1774965898612,981,GET Articles,200,Cenario 2 - Carga Crescente 2-14,true,708072,293,23,23,980,0
1774965898666,964,GET Articles,200,Cenario 2 - Carga Crescente 2-21,true,708072,293,23,23,963,0
1774965898082,1548,Login,200,Cenario 2 - Carga Crescente 2-19,true,718,235,23,23,1548,0
1774965898771,941,GET Articles,200,Cenario 2 - Carga Crescente 2-1,true,708072,293,23,23,940,0
1774965898666,1145,Login,200,Cenario 2 - Carga Crescente 2-18,true,718,235,23,23,1145,0
1774965898942,919,GET Articles,200,Cenario 2 - Carga Crescente 2-10,true,708072,293,23,23,918,0
1774965898723,1184,Login,200,Cenario 2 - Carga Crescente 2-17,true,718,235,23,23,1184,0
1774965898995,962,GET Articles,200,Cenario 2 - Carga Crescente 2-15,true,708072,293,23,23,962,0
1774965898858,1128,Login,200,Cenario 2 - Carga Crescente 2-23,true,718,235,23,23,1128,0
1774965898988,1140,Login,200,Cenario 2 - Carga Crescente 2-9,true,718,235,23,23,1140,0
1774965899052,1111,GET Articles,200,Cenario 2 - Carga Crescente 2-12,true,708072,293,23,23,1110,0
1774965899021,1202,Login,200,Cenario 2 - Carga Crescente 2-3,true,718,235,23,23,1202,0
1774965899286,981,GET Articles,200,Cenario 2 - Carga Crescente 2-6,true,708072,293,23,23,980,0
1774965899052,1215,Login,200,Cenario 2 - Carga Crescente 2-7,true,718,235,23,23,1215,0
1774965899338,978,GET Articles,200,Cenario 2 - Carga Crescente 2-20,true,708072,293,23,23,977,0
1774965899103,1321,Login,200,Cenario 2 - Carga Crescente 2-2,true,718,235,23,23,1321,0
1774965899386,1081,GET Articles,200,Cenario 2 - Carga Crescente 2-16,true,708072,293,23,23,1080,0
1774965899337,1193,Login,200,Cenario 2 - Carga Crescente 2-5,true,718,235,23,23,1193,0
1774965899387,1184,Login,200,Cenario 2 - Carga Crescente 2-22,true,718,235,23,23,1184,0
1774965899425,1295,Login,200,Cenario 2 - Carga Crescente 2-8,true,718,235,24,24,1295,0
1774965899454,1334,Login,200,Cenario 2 - Carga Crescente 2-4,true,718,235,24,24,1334,0
1774965899493,1335,Login,200,Cenario 2 - Carga Crescente 2-11,true,718,235,24,24,1335,0
1774965899538,1430,Login,200,Cenario 2 - Carga Crescente 2-13,true,718,235,24,24,1430,0
1774965899630,1384,GET Articles,200,Cenario 2 - Carga Crescente 2-19,true,708072,293,24,24,1383,0
1774965899593,1443,Login,200,Cenario 2 - Carga Crescente 2-14,true,718,235,24,24,1443,0
1774965899812,1271,GET Articles,200,Cenario 2 - Carga Crescente 2-18,true,708072,293,24,24,1267,0
1774965899630,1453,Login,200,Cenario 2 - Carga Crescente 2-21,true,718,235,24,24,1453,0
1774965899907,1206,GET Articles,200,Cenario 2 - Carga Crescente 2-17,true,708072,293,24,24,1205,0
1774965899712,1560,Login,200,Cenario 2 - Carga Crescente 2-1,true,718,235,24,24,1560,0
1774965899987,1311,GET Articles,200,Cenario 2 - Carga Crescente 2-23,true,708072,293,24,24,1310,0
1774965900129,1193,GET Articles,200,Cenario 2 - Carga Crescente 2-9,true,708072,293,24,24,1192,0
1774965899861,1483,Login,200,Cenario 2 - Carga Crescente 2-10,true,718,235,24,24,1483,0
1774965900224,1153,GET Articles,200,Cenario 2 - Carga Crescente 2-3,true,708072,293,24,24,1153,0
1774965899958,1419,Login,200,Cenario 2 - Carga Crescente 2-15,true,718,235,24,24,1419,0
1774965900267,1143,GET Articles,200,Cenario 2 - Carga Crescente 2-7,true,708072,293,24,24,1143,0
1774965900163,1418,Login,200,Cenario 2 - Carga Crescente 2-12,true,718,235,24,24,1418,0
1774965900424,1200,GET Articles,200,Cenario 2 - Carga Crescente 2-2,true,708072,293,24,24,1199,0
1774965900267,1378,Login,200,Cenario 2 - Carga Crescente 2-6,true,718,235,24,24,1378,0
1774965900530,1158,GET Articles,200,Cenario 2 - Carga Crescente 2-5,true,708072,293,24,24,1157,0
1774965900316,1371,Login,200,Cenario 2 - Carga Crescente 2-20,true,718,235,24,24,1371,0
1774965900571,1150,GET Articles,200,Cenario 2 - Carga Crescente 2-22,true,708072,293,24,24,1149,0
1774965900720,1026,GET Articles,200,Cenario 2 - Carga Crescente 2-8,true,708072,293,24,24,1025,0
1774965900788,986,GET Articles,200,Cenario 2 - Carga Crescente 2-4,true,708072,293,24,24,986,0
1774965900829,973,GET Articles,200,Cenario 2 - Carga Crescente 2-11,true,708072,293,24,24,972,0
1774965900969,882,GET Articles,200,Cenario 2 - Carga Crescente 2-13,true,708072,293,24,24,882,0
1774965900467,1426,Login,200,Cenario 2 - Carga Crescente 2-16,true,718,235,24,24,1426,0
1774965901036,908,GET Articles,200,Cenario 2 - Carga Crescente 2-14,true,708072,293,24,24,907,0
1774965901084,890,GET Articles,200,Cenario 2 - Carga Crescente 2-21,true,708072,293,24,24,889,0
1774965900657,1317,Login,200,Cenario 2 - Carga Crescente 2-24,true,718,235,24,24,1317,0
1774965901015,1106,Login,200,Cenario 2 - Carga Crescente 2-19,true,718,235,24,24,1106,0
1774965901272,875,GET Articles,200,Cenario 2 - Carga Crescente 2-1,true,708072,293,24,24,874,0
1774965901084,1160,Login,200,Cenario 2 - Carga Crescente 2-18,true,718,235,24,24,1160,0
1774965901113,1132,Login,200,Cenario 2 - Carga Crescente 2-17,true,718,235,24,24,1132,0
1774965901344,934,GET Articles,200,Cenario 2 - Carga Crescente 2-10,true,708072,293,24,24,934,0
1774965901378,926,GET Articles,200,Cenario 2 - Carga Crescente 2-15,true,708072,293,24,24,925,0
1774965901298,1111,Login,200,Cenario 2 - Carga Crescente 2-23,true,718,235,24,24,1111,0
1774965901322,1189,Login,200,Cenario 2 - Carga Crescente 2-9,true,718,235,25,25,1189,0
1774965901582,954,GET Articles,200,Cenario 2 - Carga Crescente 2-12,true,708072,293,25,25,954,0
1774965901377,1180,Login,200,Cenario 2 - Carga Crescente 2-3,true,718,235,25,25,1180,0
1774965901646,939,GET Articles,200,Cenario 2 - Carga Crescente 2-6,true,708072,293,25,25,939,0
1774965901411,1252,Login,200,Cenario 2 - Carga Crescente 2-7,true,718,235,25,25,1252,0
1774965901688,1006,GET Articles,200,Cenario 2 - Carga Crescente 2-20,true,708072,293,25,25,1005,0
1774965901624,1169,Login,200,Cenario 2 - Carga Crescente 2-2,true,718,235,25,25,1169,0
1774965901688,1152,Login,200,Cenario 2 - Carga Crescente 2-5,true,718,235,25,25,1152,0
1774965901721,1228,Login,200,Cenario 2 - Carga Crescente 2-22,true,718,235,25,25,1228,0
1774965901746,1310,Login,200,Cenario 2 - Carga Crescente 2-8,true,718,235,25,25,1310,0
1774965901775,1318,Login,200,Cenario 2 - Carga Crescente 2-4,true,718,235,25,25,1317,0
1774965901894,1227,GET Articles,200,Cenario 2 - Carga Crescente 2-16,true,708072,293,25,25,1226,0
1774965901802,1398,Login,200,Cenario 2 - Carga Crescente 2-11,true,718,235,25,25,1398,0
1774965901852,1462,Login,200,Cenario 2 - Carga Crescente 2-13,true,718,235,25,25,1462,0
1774965901975,1377,GET Articles,200,Cenario 2 - Carga Crescente 2-24,true,708072,293,25,25,1376,0
1774965902121,1266,GET Articles,200,Cenario 2 - Carga Crescente 2-19,true,708072,293,25,25,1265,0
1774965901944,1444,Login,200,Cenario 2 - Carga Crescente 2-14,true,718,235,25,25,1444,0
1774965902244,1200,GET Articles,200,Cenario 2 - Carga Crescente 2-18,true,708072,293,25,25,1199,0
1774965902245,1249,GET Articles,200,Cenario 2 - Carga Crescente 2-17,true,708072,293,25,25,1248,0
1774965901974,1521,Login,200,Cenario 2 - Carga Crescente 2-21,true,718,235,25,25,1521,0
1774965902147,1538,Login,200,Cenario 2 - Carga Crescente 2-1,true,718,235,25,25,1538,0
1774965902409,1308,GET Articles,200,Cenario 2 - Carga Crescente 2-23,true,708072,293,25,25,1307,0
1774965902278,1508,Login,200,Cenario 2 - Carga Crescente 2-10,true,718,235,25,25,1508,0
1774965902304,1487,Login,200,Cenario 2 - Carga Crescente 2-15,true,718,235,25,25,1487,0
1774965902512,1331,GET Articles,200,Cenario 2 - Carga Crescente 2-9,true,708072,293,25,25,1330,0
1774965902558,1346,GET Articles,200,Cenario 2 - Carga Crescente 2-3,true,708072,293,25,25,1345,0
1774965902457,1552,Login,200,Cenario 2 - Carga Crescente 2-25,true,718,235,25,25,1551,1
1774965902664,1374,GET Articles,200,Cenario 2 - Carga Crescente 2-7,true,708072,293,25,25,1373,0
1774965902537,1592,Login,200,Cenario 2 - Carga Crescente 2-12,true,718,235,25,25,1592,0
1774965902793,1390,GET Articles,200,Cenario 2 - Carga Crescente 2-2,true,708072,293,25,25,1389,0
1774965902586,1606,Login,200,Cenario 2 - Carga Crescente 2-6,true,718,235,25,25,1606,0
1774965902840,1402,GET Articles,200,Cenario 2 - Carga Crescente 2-5,true,708072,293,25,25,1401,0
1774965903057,1247,GET Articles,200,Cenario 2 - Carga Crescente 2-8,true,708072,293,26,26,1246,0
1774965902949,1404,GET Articles,200,Cenario 2 - Carga Crescente 2-22,true,708073,293,26,26,1403,0
1774965902694,1660,Login,200,Cenario 2 - Carga Crescente 2-20,true,718,235,26,26,1660,0
1774965903093,1309,GET Articles,200,Cenario 2 - Carga Crescente 2-4,true,708072,293,26,26,1308,0
1774965903201,1231,GET Articles,200,Cenario 2 - Carga Crescente 2-11,true,708073,293,26,26,1230,0
1774965903315,1168,GET Articles,200,Cenario 2 - Carga Crescente 2-13,true,708072,293,26,26,1167,0
1774965903121,1529,Login,200,Cenario 2 - Carga Crescente 2-16,true,718,235,26,26,1529,0
1774965903389,1318,GET Articles,200,Cenario 2 - Carga Crescente 2-14,true,708072,293,26,26,1317,0
1774965903352,1377,Login,200,Cenario 2 - Carga Crescente 2-24,true,718,235,26,26,1377,0
1774965903387,1387,Login,200,Cenario 2 - Carga Crescente 2-19,true,718,235,26,26,1387,0
1774965903495,1332,GET Articles,200,Cenario 2 - Carga Crescente 2-21,true,708072,293,26,26,1332,0
1774965903686,1193,GET Articles,200,Cenario 2 - Carga Crescente 2-1,true,708072,293,26,26,1192,0
1774965903444,1546,Login,200,Cenario 2 - Carga Crescente 2-18,true,718,235,26,26,1546,0
1774965903787,1247,GET Articles,200,Cenario 2 - Carga Crescente 2-10,true,708072,293,26,26,1246,0
1774965903495,1539,Login,200,Cenario 2 - Carga Crescente 2-17,true,718,235,26,26,1539,0
1774965903792,1300,GET Articles,200,Cenario 2 - Carga Crescente 2-15,true,708072,293,26,26,1299,0
1774965903717,1451,Login,200,Cenario 2 - Carga Crescente 2-23,true,718,235,26,26,1451,0
1774965904009,1188,GET Articles,200,Cenario 2 - Carga Crescente 2-25,true,708072,293,26,26,1188,0
1774965903843,1484,Login,200,Cenario 2 - Carga Crescente 2-9,true,718,235,26,26,1484,0
1774965904130,1251,GET Articles,200,Cenario 2 - Carga Crescente 2-12,true,708072,293,26,26,1250,0
1774965903904,1477,Login,200,Cenario 2 - Carga Crescente 2-3,true,718,235,26,26,1477,0
1774965904192,1227,GET Articles,200,Cenario 2 - Carga Crescente 2-6,true,708072,293,26,26,1226,0
1774965904038,1442,Login,200,Cenario 2 - Carga Crescente 2-7,true,718,235,26,26,1442,0
1774965904183,1488,Login,200,Cenario 2 - Carga Crescente 2-2,true,718,235,26,26,1488,0
1774965904242,1456,Login,200,Cenario 2 - Carga Crescente 2-5,true,718,235,26,26,1456,0
1774965904258,1513,Login,200,Cenario 2 - Carga Crescente 2-26,true,718,235,26,26,1513,0
1774965904355,1445,GET Articles,200,Cenario 2 - Carga Crescente 2-20,true,708072,293,26,26,1444,0
1774965904304,1655,Login,200,Cenario 2 - Carga Crescente 2-8,true,718,235,26,26,1655,0
1774965904354,1617,Login,200,Cenario 2 - Carga Crescente 2-22,true,718,235,26,26,1617,0
1774965904402,1679,Login,200,Cenario 2 - Carga Crescente 2-4,true,718,235,27,27,1679,0
1774965904651,1465,GET Articles,200,Cenario 2 - Carga Crescente 2-16,true,708072,293,27,27,1464,0
1774965904432,1808,Login,200,Cenario 2 - Carga Crescente 2-11,true,718,235,27,27,1808,0
1774965904483,1762,Login,200,Cenario 2 - Carga Crescente 2-13,true,718,235,27,27,1762,0
1774965904729,1543,GET Articles,200,Cenario 2 - Carga Crescente 2-24,true,708072,293,27,27,1542,0
1774965904775,1549,GET Articles,200,Cenario 2 - Carga Crescente 2-19,true,708072,293,27,27,1547,0
1774965904708,1690,Login,200,Cenario 2 - Carga Crescente 2-14,true,718,235,27,27,1690,0
1774965904991,1445,GET Articles,200,Cenario 2 - Carga Crescente 2-18,true,708072,293,27,27,1444,0
1774965905034,1437,GET Articles,200,Cenario 2 - Carga Crescente 2-17,true,708072,293,27,27,1436,0
1774965904828,1731,Login,200,Cenario 2 - Carga Crescente 2-21,true,718,235,27,27,1731,0
1774965904879,1722,Login,200,Cenario 2 - Carga Crescente 2-1,true,718,235,27,27,1722,0
1774965905168,1492,GET Articles,200,Cenario 2 - Carga Crescente 2-23,true,708072,293,27,27,1491,0
1774965905034,1716,Login,200,Cenario 2 - Carga Crescente 2-10,true,718,235,27,27,1716,0
1774965905327,1477,GET Articles,200,Cenario 2 - Carga Crescente 2-9,true,708072,293,27,27,1476,0
1774965905093,1748,Login,200,Cenario 2 - Carga Crescente 2-15,true,718,235,27,27,1748,0
1774965905381,1496,GET Articles,200,Cenario 2 - Carga Crescente 2-3,true,708072,293,27,27,1495,0
1774965905198,1746,Login,200,Cenario 2 - Carga Crescente 2-25,true,718,235,27,27,1746,0
1774965905480,1500,GET Articles,200,Cenario 2 - Carga Crescente 2-7,true,708072,293,27,27,1499,0
1774965905673,1341,GET Articles,200,Cenario 2 - Carga Crescente 2-2,true,708072,293,27,27,1340,0
1774965905698,1349,GET Articles,200,Cenario 2 - Carga Crescente 2-5,true,708072,293,27,27,1347,0
1774965905772,1317,GET Articles,200,Cenario 2 - Carga Crescente 2-26,true,708072,293,27,27,1317,0
1774965905381,1709,Login,200,Cenario 2 - Carga Crescente 2-12,true,718,235,27,27,1709,0
1774965905960,1184,GET Articles,200,Cenario 2 - Carga Crescente 2-8,true,708072,293,27,27,1184,0
1774965905419,1768,Login,200,Cenario 2 - Carga Crescente 2-6,true,718,235,27,27,1768,0
1774965905972,1221,GET Articles,200,Cenario 2 - Carga Crescente 2-22,true,708072,293,27,27,1220,0
1774965906082,1156,GET Articles,200,Cenario 2 - Carga Crescente 2-4,true,708072,293,27,27,1155,0
1774965905800,1581,Login,200,Cenario 2 - Carga Crescente 2-20,true,718,235,27,27,1581,0
1774965906241,1168,GET Articles,200,Cenario 2 - Carga Crescente 2-11,true,708072,293,27,27,1167,0
1774965906246,1192,GET Articles,200,Cenario 2 - Carga Crescente 2-13,true,708072,293,27,27,1191,0
1774965906057,1415,Login,200,Cenario 2 - Carga Crescente 2-27,true,718,235,27,27,1415,0
1774965906117,1396,Login,200,Cenario 2 - Carga Crescente 2-16,true,718,235,27,27,1396,0
1774965906398,1145,GET Articles,200,Cenario 2 - Carga Crescente 2-14,true,708072,293,27,27,1144,0
1774965906272,1438,Login,200,Cenario 2 - Carga Crescente 2-24,true,718,235,27,27,1438,0
1774965906324,1423,Login,200,Cenario 2 - Carga Crescente 2-19,true,718,235,27,27,1423,0
1774965906560,1216,GET Articles,200,Cenario 2 - Carga Crescente 2-21,true,708072,293,27,27,1215,0
1774965906602,1200,GET Articles,200,Cenario 2 - Carga Crescente 2-1,true,708072,293,27,27,1199,0
1774965906436,1378,Login,200,Cenario 2 - Carga Crescente 2-18,true,718,235,27,27,1378,0
1774965906750,1115,GET Articles,200,Cenario 2 - Carga Crescente 2-10,true,708072,293,28,28,1114,0
1774965906472,1513,Login,200,Cenario 2 - Carga Crescente 2-17,true,718,235,28,28,1513,0
1774965906842,1194,GET Articles,200,Cenario 2 - Carga Crescente 2-15,true,708072,293,28,28,1193,0
1774965906660,1416,Login,200,Cenario 2 - Carga Crescente 2-23,true,718,235,28,28,1416,0
1774965906945,1159,GET Articles,200,Cenario 2 - Carga Crescente 2-25,true,708072,293,28,28,1158,0
1774965906804,1336,Login,200,Cenario 2 - Carga Crescente 2-9,true,718,235,28,28,1336,0
1774965906877,1433,Login,200,Cenario 2 - Carga Crescente 2-3,true,718,235,28,28,1433,0
1774965906980,1399,Login,200,Cenario 2 - Carga Crescente 2-7,true,718,235,28,28,1399,0
1774965907014,1404,Login,200,Cenario 2 - Carga Crescente 2-2,true,718,235,28,28,1404,0
1774965907090,1365,GET Articles,200,Cenario 2 - Carga Crescente 2-12,true,708072,293,28,28,1364,0
1774965907047,1538,Login,200,Cenario 2 - Carga Crescente 2-5,true,718,235,28,28,1538,0
1774965907187,1453,GET Articles,200,Cenario 2 - Carga Crescente 2-6,true,708072,293,28,28,1452,0
1774965907090,1570,Login,200,Cenario 2 - Carga Crescente 2-26,true,718,235,28,28,1570,0
1774965907145,1594,Login,200,Cenario 2 - Carga Crescente 2-8,true,718,235,28,28,1594,0
1774965907382,1387,GET Articles,200,Cenario 2 - Carga Crescente 2-20,true,708072,293,28,28,1386,0
1774965907193,1721,Login,200,Cenario 2 - Carga Crescente 2-22,true,718,235,28,28,1721,0
1774965907238,1716,Login,200,Cenario 2 - Carga Crescente 2-4,true,718,235,28,28,1716,0
1774965907473,1515,GET Articles,200,Cenario 2 - Carga Crescente 2-27,true,708072,293,28,28,1515,0
1774965907514,1507,GET Articles,200,Cenario 2 - Carga Crescente 2-16,true,708072,293,28,28,1506,0
1774965907409,1655,Login,200,Cenario 2 - Carga Crescente 2-11,true,718,235,28,28,1655,0
1774965907711,1384,GET Articles,200,Cenario 2 - Carga Crescente 2-24,true,708072,293,28,28,1382,0
1774965907748,1378,GET Articles,200,Cenario 2 - Carga Crescente 2-19,true,708072,293,28,28,1376,0
1774965907438,1760,Login,200,Cenario 2 - Carga Crescente 2-13,true,718,235,28,28,1760,0
1774965907543,1776,Login,200,Cenario 2 - Carga Crescente 2-14,true,718,235,28,28,1776,0
1774965907815,1534,GET Articles,200,Cenario 2 - Carga Crescente 2-18,true,708072,293,28,28,1533,0
1774965907776,1639,Login,200,Cenario 2 - Carga Crescente 2-21,true,718,235,28,28,1639,0
1774965907802,1687,Login,200,Cenario 2 - Carga Crescente 2-1,true,718,235,28,28,1687,0
1774965907986,1539,GET Articles,200,Cenario 2 - Carga Crescente 2-17,true,708072,293,28,28,1538,0
1774965907857,1778,Login,200,Cenario 2 - Carga Crescente 2-28,true,718,235,28,28,1778,1
1774965908076,1606,GET Articles,200,Cenario 2 - Carga Crescente 2-23,true,708072,293,29,29,1605,0
1774965907865,1832,Login,200,Cenario 2 - Carga Crescente 2-10,true,718,235,29,29,1832,0
1774965908140,1607,GET Articles,200,Cenario 2 - Carga Crescente 2-9,true,708072,293,29,29,1607,0
1774965908310,1487,GET Articles,200,Cenario 2 - Carga Crescente 2-3,true,708072,293,29,29,1486,0
1774965908379,1452,GET Articles,200,Cenario 2 - Carga Crescente 2-7,true,708072,293,29,29,1451,0
1774965908036,1795,Login,200,Cenario 2 - Carga Crescente 2-15,true,718,235,29,29,1795,0
1774965908419,1450,GET Articles,200,Cenario 2 - Carga Crescente 2-2,true,708072,293,29,29,1449,0
1774965908586,1311,GET Articles,200,Cenario 2 - Carga Crescente 2-5,true,708072,293,29,29,1310,0
1774965908104,1854,Login,200,Cenario 2 - Carga Crescente 2-25,true,718,235,29,29,1854,0
1774965908661,1350,GET Articles,200,Cenario 2 - Carga Crescente 2-26,true,708072,293,29,29,1349,0
1774965908740,1322,GET Articles,200,Cenario 2 - Carga Crescente 2-8,true,708072,293,29,29,1321,0
1774965908455,1669,Login,200,Cenario 2 - Carga Crescente 2-12,true,718,235,29,29,1669,0
1774965908914,1243,GET Articles,200,Cenario 2 - Carga Crescente 2-22,true,708072,293,29,29,1242,0
1774965908955,1233,GET Articles,200,Cenario 2 - Carga Crescente 2-4,true,708072,293,29,29,1232,0
1774965908640,1549,Login,200,Cenario 2 - Carga Crescente 2-6,true,718,235,29,29,1549,0
1774965908769,1568,Login,200,Cenario 2 - Carga Crescente 2-20,true,718,235,29,29,1568,0
1774965909065,1306,GET Articles,200,Cenario 2 - Carga Crescente 2-11,true,708072,293,29,29,1306,0
1774965909021,1449,Login,200,Cenario 2 - Carga Crescente 2-16,true,718,235,29,29,1449,0
1774965908989,1490,Login,200,Cenario 2 - Carga Crescente 2-27,true,718,235,29,29,1490,0
1774965909198,1329,GET Articles,200,Cenario 2 - Carga Crescente 2-13,true,708072,293,29,29,1328,0
1774965909319,1261,GET Articles,200,Cenario 2 - Carga Crescente 2-14,true,708072,293,29,29,1261,0
1774965909095,1558,Login,200,Cenario 2 - Carga Crescente 2-24,true,718,235,29,29,1558,0
1774965909416,1272,GET Articles,200,Cenario 2 - Carga Crescente 2-21,true,708072,293,29,29,1271,0
1774965909489,1231,GET Articles,200,Cenario 2 - Carga Crescente 2-1,true,708072,293,29,29,1231,0
1774965909126,1627,Login,200,Cenario 2 - Carga Crescente 2-19,true,718,235,29,29,1627,0
1774965909636,1150,GET Articles,200,Cenario 2 - Carga Crescente 2-28,true,708072,293,29,29,1149,0
1774965909349,1505,Login,200,Cenario 2 - Carga Crescente 2-18,true,718,235,29,29,1505,0
1774965909525,1476,Login,200,Cenario 2 - Carga Crescente 2-17,true,718,235,29,29,1476,0
1774965909697,1354,GET Articles,200,Cenario 2 - Carga Crescente 2-10,true,708072,293,29,29,1354,0
1774965909658,1406,Login,200,Cenario 2 - Carga Crescente 2-29,true,718,235,29,29,1406,0
1774965909682,1448,Login,200,Cenario 2 - Carga Crescente 2-23,true,718,235,29,29,1448,0
1774965909748,1593,Login,200,Cenario 2 - Carga Crescente 2-9,true,718,235,29,29,1593,0
1774965909831,1539,GET Articles,200,Cenario 2 - Carga Crescente 2-15,true,708072,293,29,29,1538,0
1774965909797,1573,Login,200,Cenario 2 - Carga Crescente 2-3,true,718,235,29,29,1573,0
1774965909831,1591,Login,200,Cenario 2 - Carga Crescente 2-7,true,718,235,29,29,1591,0
1774965909959,1502,GET Articles,200,Cenario 2 - Carga Crescente 2-25,true,708072,293,30,30,1501,0
1774965909869,1794,Login,200,Cenario 2 - Carga Crescente 2-2,true,718,235,30,30,1794,0
1774965909897,1767,Login,200,Cenario 2 - Carga Crescente 2-5,true,718,235,30,30,1767,0
1774965910124,1571,GET Articles,200,Cenario 2 - Carga Crescente 2-12,true,708072,293,30,30,1570,0
1774965910011,1727,Login,200,Cenario 2 - Carga Crescente 2-26,true,718,235,30,30,1727,0
1774965910062,1872,Login,200,Cenario 2 - Carga Crescente 2-8,true,718,235,30,30,1872,0
1774965910190,1784,GET Articles,200,Cenario 2 - Carga Crescente 2-6,true,708072,293,30,30,1783,0
1774965910157,1817,Login,200,Cenario 2 - Carga Crescente 2-22,true,718,235,30,30,1817,0
1774965910338,1679,GET Articles,200,Cenario 2 - Carga Crescente 2-20,true,708072,293,30,30,1678,0
1774965910188,1829,Login,200,Cenario 2 - Carga Crescente 2-4,true,718,235,30,30,1829,0
1774965910471,1603,GET Articles,200,Cenario 2 - Carga Crescente 2-16,true,708072,293,30,30,1602,0
1774965910479,1623,GET Articles,200,Cenario 2 - Carga Crescente 2-27,true,708073,293,30,30,1623,0
1774965910372,1865,Login,200,Cenario 2 - Carga Crescente 2-11,true,718,235,30,30,1865,0
1774965910654,1614,GET Articles,200,Cenario 2 - Carga Crescente 2-24,true,708072,293,30,30,1614,0
1774965910581,1790,Login,200,Cenario 2 - Carga Crescente 2-14,true,718,235,30,30,1790,0
1774965910527,1845,Login,200,Cenario 2 - Carga Crescente 2-13,true,718,235,30,30,1845,0
1774965910754,1672,GET Articles,200,Cenario 2 - Carga Crescente 2-19,true,708072,293,30,30,1671,0
1774965910688,1840,Login,200,Cenario 2 - Carga Crescente 2-21,true,718,235,30,30,1840,0
1774965910854,1705,GET Articles,200,Cenario 2 - Carga Crescente 2-18,true,708072,293,30,30,1704,0
1774965911001,1588,GET Articles,200,Cenario 2 - Carga Crescente 2-17,true,708072,293,30,30,1587,0
1774965910720,1920,Login,200,Cenario 2 - Carga Crescente 2-1,true,718,235,30,30,1920,0
1774965910786,1905,Login,200,Cenario 2 - Carga Crescente 2-28,true,718,235,30,30,1905,0
1774965911064,1628,GET Articles,200,Cenario 2 - Carga Crescente 2-29,true,708072,293,30,30,1625,0
1774965911132,1592,GET Articles,200,Cenario 2 - Carga Crescente 2-23,true,708072,293,30,30,1591,0
1774965911342,1413,GET Articles,200,Cenario 2 - Carga Crescente 2-9,true,708073,293,30,30,1413,0
1774965911371,1437,GET Articles,200,Cenario 2 - Carga Crescente 2-3,true,708072,293,30,30,1436,0
1774965911423,1432,GET Articles,200,Cenario 2 - Carga Crescente 2-7,true,708072,293,30,30,1431,0
1774965911052,1804,Login,200,Cenario 2 - Carga Crescente 2-10,true,718,235,30,30,1804,0
1774965911370,1653,Login,200,Cenario 2 - Carga Crescente 2-15,true,718,235,30,30,1653,0
1774965911664,1409,GET Articles,200,Cenario 2 - Carga Crescente 2-2,true,708072,293,30,30,1408,0
1774965911664,1457,GET Articles,200,Cenario 2 - Carga Crescente 2-5,true,708072,293,30,30,1456,0
1774965911457,1666,Login,200,Cenario 2 - Carga Crescente 2-30,true,718,235,30,30,1666,0
1774965911461,1663,Login,200,Cenario 2 - Carga Crescente 2-25,true,718,235,30,30,1663,0
1774965911934,1226,GET Articles,200,Cenario 2 - Carga Crescente 2-8,true,708072,293,30,30,1225,0
1774965911739,1466,GET Articles,200,Cenario 2 - Carga Crescente 2-26,true,708073,293,30,30,1466,0
1774965911974,1262,GET Articles,200,Cenario 2 - Carga Crescente 2-22,true,708072,293,30,30,1261,0
1774965911695,1702,Login,200,Cenario 2 - Carga Crescente 2-12,true,718,235,31,31,1702,0
1774965912017,1407,GET Articles,200,Cenario 2 - Carga Crescente 2-4,true,708072,293,31,31,1406,0
1774965911974,1508,Login,200,Cenario 2 - Carga Crescente 2-6,true,718,235,31,31,1508,0
1774965912017,1489,Login,200,Cenario 2 - Carga Crescente 2-20,true,718,235,31,31,1489,0
1774965912238,1321,GET Articles,200,Cenario 2 - Carga Crescente 2-11,true,708072,293,31,31,1320,0
1774965912074,1634,Login,200,Cenario 2 - Carga Crescente 2-16,true,718,235,31,31,1634,0
1774965912371,1374,GET Articles,200,Cenario 2 - Carga Crescente 2-14,true,708072,293,31,31,1373,0
1774965912372,1404,GET Articles,200,Cenario 2 - Carga Crescente 2-13,true,708072,293,31,31,1403,0
1774965912102,1675,Login,200,Cenario 2 - Carga Crescente 2-27,true,718,235,31,31,1675,0
1774965912529,1292,GET Articles,200,Cenario 2 - Carga Crescente 2-21,true,708072,293,31,31,1291,0
1774965912269,1574,Login,200,Cenario 2 - Carga Crescente 2-24,true,718,235,31,31,1574,0
1774965912426,1629,Login,200,Cenario 2 - Carga Crescente 2-19,true,718,235,31,31,1629,0
1774965912641,1459,GET Articles,200,Cenario 2 - Carga Crescente 2-1,true,708072,293,31,31,1458,0
1774965912559,1541,Login,200,Cenario 2 - Carga Crescente 2-18,true,718,235,31,31,1541,0
1774965912692,1442,GET Articles,200,Cenario 2 - Carga Crescente 2-28,true,708072,293,31,31,1441,0
1774965912589,1545,Login,200,Cenario 2 - Carga Crescente 2-17,true,718,235,31,31,1545,0
1774965912692,1675,Login,200,Cenario 2 - Carga Crescente 2-29,true,718,235,31,31,1675,0
1774965912756,1642,Login,200,Cenario 2 - Carga Crescente 2-9,true,718,235,31,31,1642,0
1774965912724,1677,Login,200,Cenario 2 - Carga Crescente 2-23,true,718,235,31,31,1677,0
1774965912856,1598,GET Articles,200,Cenario 2 - Carga Crescente 2-10,true,708072,293,31,31,1598,0
1774965913023,1480,GET Articles,200,Cenario 2 - Carga Crescente 2-15,true,708072,293,31,31,1479,0
1774965912808,1816,Login,200,Cenario 2 - Carga Crescente 2-3,true,718,235,31,31,1816,0
1774965912855,1800,Login,200,Cenario 2 - Carga Crescente 2-7,true,718,235,31,31,1800,0
1774965913123,1583,GET Articles,200,Cenario 2 - Carga Crescente 2-30,true,708072,293,31,31,1583,0
1774965913124,1608,GET Articles,200,Cenario 2 - Carga Crescente 2-25,true,708072,293,31,31,1607,0
1774965913073,1693,Login,200,Cenario 2 - Carga Crescente 2-2,true,718,235,31,31,1693,0
1774965913121,1757,Login,200,Cenario 2 - Carga Crescente 2-5,true,718,235,31,31,1757,0
1774965913160,1825,Login,200,Cenario 2 - Carga Crescente 2-8,true,718,235,31,31,1825,0
1774965913206,1823,Login,200,Cenario 2 - Carga Crescente 2-26,true,718,235,31,31,1823,0
1774965913397,1681,GET Articles,200,Cenario 2 - Carga Crescente 2-12,true,708072,293,32,32,1680,0
1774965913236,1895,Login,200,Cenario 2 - Carga Crescente 2-22,true,718,235,32,32,1895,0
1774965913483,1684,GET Articles,200,Cenario 2 - Carga Crescente 2-6,true,708072,293,32,32,1683,0
1774965913507,1690,GET Articles,200,Cenario 2 - Carga Crescente 2-20,true,708072,293,32,32,1690,0
1774965913257,1981,Login,200,Cenario 2 - Carga Crescente 2-31,true,718,235,32,32,1981,0
1774965913709,1557,GET Articles,200,Cenario 2 - Carga Crescente 2-16,true,708072,293,32,32,1556,0
1774965913424,1916,Login,200,Cenario 2 - Carga Crescente 2-4,true,718,235,32,32,1916,0
1774965913559,1894,Login,200,Cenario 2 - Carga Crescente 2-11,true,718,235,32,32,1894,0
1774965913777,1725,GET Articles,200,Cenario 2 - Carga Crescente 2-27,true,708072,293,32,32,1724,0
1774965913745,1773,Login,200,Cenario 2 - Carga Crescente 2-14,true,718,235,32,32,1773,0
1774965913843,1700,GET Articles,200,Cenario 2 - Carga Crescente 2-24,true,708072,293,32,32,1699,0
1774965914056,1512,GET Articles,200,Cenario 2 - Carga Crescente 2-19,true,708072,293,32,32,1511,0
1774965914101,1494,GET Articles,200,Cenario 2 - Carga Crescente 2-18,true,708072,293,32,32,1493,0
1774965913776,1822,Login,200,Cenario 2 - Carga Crescente 2-13,true,718,235,32,32,1822,0
1774965914134,1491,GET Articles,200,Cenario 2 - Carga Crescente 2-17,true,708072,293,32,32,1490,0
1774965913821,1946,Login,200,Cenario 2 - Carga Crescente 2-21,true,718,235,32,32,1946,0
1774965914368,1447,GET Articles,200,Cenario 2 - Carga Crescente 2-29,true,708072,293,32,32,1446,0
1774965914100,1764,Login,200,Cenario 2 - Carga Crescente 2-1,true,718,235,32,32,1764,0
1774965914399,1465,GET Articles,200,Cenario 2 - Carga Crescente 2-9,true,708072,293,32,32,1464,0
1774965914402,1501,GET Articles,200,Cenario 2 - Carga Crescente 2-23,true,708072,293,32,32,1500,0
1774965914134,1769,Login,200,Cenario 2 - Carga Crescente 2-28,true,718,235,32,32,1769,0
1774965914625,1328,GET Articles,200,Cenario 2 - Carga Crescente 2-3,true,708072,293,32,32,1327,0
1774965914656,1346,GET Articles,200,Cenario 2 - Carga Crescente 2-7,true,708072,293,32,32,1346,0
1774965914454,1674,Login,200,Cenario 2 - Carga Crescente 2-10,true,718,235,32,32,1674,0
1774965914503,1665,Login,200,Cenario 2 - Carga Crescente 2-15,true,718,235,32,32,1665,0
1774965914766,1440,GET Articles,200,Cenario 2 - Carga Crescente 2-2,true,708072,293,32,32,1439,0
1774965914878,1365,GET Articles,200,Cenario 2 - Carga Crescente 2-5,true,708072,293,32,32,1364,0
1774965914985,1293,GET Articles,200,Cenario 2 - Carga Crescente 2-8,true,708072,293,32,32,1292,0
1774965914707,1571,Login,200,Cenario 2 - Carga Crescente 2-30,true,718,235,32,32,1571,0
1774965915029,1304,GET Articles,200,Cenario 2 - Carga Crescente 2-26,true,708072,293,32,32,1303,0
1774965914732,1653,Login,200,Cenario 2 - Carga Crescente 2-25,true,718,235,32,32,1653,0
1774965915132,1278,GET Articles,200,Cenario 2 - Carga Crescente 2-22,true,708072,293,32,32,1277,0
1774965915057,1487,Login,200,Cenario 2 - Carga Crescente 2-32,true,718,235,32,32,1487,1
1774965915078,1510,Login,200,Cenario 2 - Carga Crescente 2-12,true,718,235,32,32,1510,0
1774965915239,1385,GET Articles,200,Cenario 2 - Carga Crescente 2-31,true,708072,293,32,32,1385,0
1774965915167,1496,Login,200,Cenario 2 - Carga Crescente 2-6,true,718,235,32,32,1496,0
1774965915341,1355,GET Articles,200,Cenario 2 - Carga Crescente 2-4,true,708072,293,32,32,1355,0
1774965915453,1267,GET Articles,200,Cenario 2 - Carga Crescente 2-11,true,708072,293,32,32,1267,0
1774965915198,1610,Login,200,Cenario 2 - Carga Crescente 2-20,true,718,235,32,32,1610,0
1774965915519,1338,GET Articles,200,Cenario 2 - Carga Crescente 2-14,true,708072,293,33,33,1337,0
1774965915266,1613,Login,200,Cenario 2 - Carga Crescente 2-16,true,718,235,33,33,1613,0
1774965915502,1470,Login,200,Cenario 2 - Carga Crescente 2-27,true,718,235,33,33,1470,0
1774965915543,1565,Login,200,Cenario 2 - Carga Crescente 2-24,true,718,235,33,33,1565,0
1774965915599,1536,GET Articles,200,Cenario 2 - Carga Crescente 2-13,true,708072,293,33,33,1535,0
1774965915569,1567,Login,200,Cenario 2 - Carga Crescente 2-19,true,718,235,33,33,1567,0
1774965915768,1417,GET Articles,200,Cenario 2 - Carga Crescente 2-21,true,708072,293,33,33,1416,0
1774965915595,1627,Login,200,Cenario 2 - Carga Crescente 2-18,true,718,235,33,33,1627,0
1774965915625,1768,Login,200,Cenario 2 - Carga Crescente 2-17,true,718,235,33,33,1768,0
1774965915864,1580,GET Articles,200,Cenario 2 - Carga Crescente 2-1,true,708072,293,33,33,1579,0
1774965915815,1630,Login,200,Cenario 2 - Carga Crescente 2-29,true,718,235,33,33,1630,0
1774965915903,1572,GET Articles,200,Cenario 2 - Carga Crescente 2-28,true,708072,293,33,33,1571,0
1774965915864,1611,Login,200,Cenario 2 - Carga Crescente 2-9,true,718,235,33,33,1611,0
1774965915903,1807,Login,200,Cenario 2 - Carga Crescente 2-23,true,718,235,33,33,1807,0
1774965916129,1618,GET Articles,200,Cenario 2 - Carga Crescente 2-10,true,708072,293,33,33,1617,0
1774965915953,1794,Login,200,Cenario 2 - Carga Crescente 2-3,true,718,235,33,33,1794,0
1774965916003,1746,Login,200,Cenario 2 - Carga Crescente 2-7,true,718,235,33,33,1746,0
1774965916169,1636,GET Articles,200,Cenario 2 - Carga Crescente 2-15,true,708072,293,33,33,1635,0
1774965916243,1770,Login,200,Cenario 2 - Carga Crescente 2-5,true,718,235,33,33,1770,0
1774965916206,1812,Login,200,Cenario 2 - Carga Crescente 2-2,true,718,235,33,33,1812,0
1774965916279,1777,GET Articles,200,Cenario 2 - Carga Crescente 2-30,true,708072,293,33,33,1776,0
1774965916278,1805,Login,200,Cenario 2 - Carga Crescente 2-8,true,718,235,33,33,1805,0
1774965916386,1704,GET Articles,200,Cenario 2 - Carga Crescente 2-25,true,708072,293,33,33,1703,0
1774965916545,1582,GET Articles,200,Cenario 2 - Carga Crescente 2-32,true,708072,293,33,33,1581,0
1774965916589,1568,GET Articles,200,Cenario 2 - Carga Crescente 2-12,true,708072,293,33,33,1567,0
1774965916333,1990,Login,200,Cenario 2 - Carga Crescente 2-26,true,718,235,33,33,1990,0
1774965916664,1706,GET Articles,200,Cenario 2 - Carga Crescente 2-6,true,708072,293,33,33,1705,0
1774965916410,1961,Login,200,Cenario 2 - Carga Crescente 2-22,true,718,235,33,33,1961,0
1774965916625,1798,Login,200,Cenario 2 - Carga Crescente 2-31,true,718,235,33,33,1798,0
1774965916808,1644,GET Articles,200,Cenario 2 - Carga Crescente 2-20,true,708072,293,33,33,1643,0
1774965916720,1924,Login,200,Cenario 2 - Carga Crescente 2-11,true,718,235,33,33,1924,0
1774965916697,1952,Login,200,Cenario 2 - Carga Crescente 2-4,true,718,235,33,33,1952,0
1774965916879,1822,GET Articles,200,Cenario 2 - Carga Crescente 2-16,true,708072,293,34,34,1821,0
1774965916973,1766,GET Articles,200,Cenario 2 - Carga Crescente 2-27,true,708072,293,34,34,1765,0
1774965916857,1882,Login,200,Cenario 2 - Carga Crescente 2-33,true,718,235,34,34,1882,0
1774965917109,1672,GET Articles,200,Cenario 2 - Carga Crescente 2-24,true,708072,293,34,34,1671,0
1774965917137,1692,GET Articles,200,Cenario 2 - Carga Crescente 2-19,true,708072,293,34,34,1691,0
1774965916858,2060,Login,200,Cenario 2 - Carga Crescente 2-14,true,718,235,34,34,2060,0
1774965917222,1745,GET Articles,200,Cenario 2 - Carga Crescente 2-18,true,708072,293,34,34,1744,0
1774965917394,1625,GET Articles,200,Cenario 2 - Carga Crescente 2-17,true,708072,293,34,34,1624,0
1774965917135,1885,Login,200,Cenario 2 - Carga Crescente 2-13,true,718,235,34,34,1885,0
1774965917445,1632,GET Articles,200,Cenario 2 - Carga Crescente 2-29,true,708072,293,34,34,1631,0
1774965917185,1922,Login,200,Cenario 2 - Carga Crescente 2-21,true,718,235,34,34,1922,0
1774965917476,1680,GET Articles,200,Cenario 2 - Carga Crescente 2-9,true,708072,293,34,34,1680,0
1774965917710,1498,GET Articles,200,Cenario 2 - Carga Crescente 2-23,true,708072,293,34,34,1497,0
1774965917444,1856,Login,200,Cenario 2 - Carga Crescente 2-1,true,718,235,34,34,1856,0
1774965917748,1603,GET Articles,200,Cenario 2 - Carga Crescente 2-3,true,708072,293,34,34,1602,0
1774965917475,1878,Login,200,Cenario 2 - Carga Crescente 2-28,true,718,235,34,34,1878,0
1774965917749,1645,GET Articles,200,Cenario 2 - Carga Crescente 2-7,true,708072,293,34,34,1645,0
1774965918014,1413,GET Articles,200,Cenario 2 - Carga Crescente 2-5,true,708072,293,34,34,1412,0
1774965918018,1439,GET Articles,200,Cenario 2 - Carga Crescente 2-2,true,708072,293,34,34,1438,0
1774965917747,1737,Login,200,Cenario 2 - Carga Crescente 2-10,true,718,235,34,34,1737,0
1774965918083,1428,GET Articles,200,Cenario 2 - Carga Crescente 2-8,true,708072,293,34,34,1428,0
1774965917805,1828,Login,200,Cenario 2 - Carga Crescente 2-15,true,718,235,34,34,1828,0
1774965918056,1669,Login,200,Cenario 2 - Carga Crescente 2-30,true,718,235,34,34,1669,0
1774965918090,1686,Login,200,Cenario 2 - Carga Crescente 2-25,true,718,235,34,34,1686,0
1774965918323,1483,GET Articles,200,Cenario 2 - Carga Crescente 2-26,true,708072,293,34,34,1482,0
1774965918127,1766,Login,200,Cenario 2 - Carga Crescente 2-32,true,718,235,34,34,1766,0
1774965918371,1555,GET Articles,200,Cenario 2 - Carga Crescente 2-22,true,708072,293,34,34,1554,0
1774965918423,1549,GET Articles,200,Cenario 2 - Carga Crescente 2-31,true,708072,293,34,34,1548,0
1774965918157,1830,Login,200,Cenario 2 - Carga Crescente 2-12,true,718,235,34,34,1830,0
1774965918644,1387,GET Articles,200,Cenario 2 - Carga Crescente 2-11,true,708072,293,34,34,1386,0
1774965918370,1702,Login,200,Cenario 2 - Carga Crescente 2-6,true,718,235,34,34,1702,0
1774965918649,1423,GET Articles,200,Cenario 2 - Carga Crescente 2-4,true,708072,293,34,34,1423,0
1774965918452,1778,Login,200,Cenario 2 - Carga Crescente 2-20,true,718,235,34,34,1778,0
1774965918701,1633,Login,200,Cenario 2 - Carga Crescente 2-16,true,718,235,34,34,1632,0
1774965918657,1678,Login,200,Cenario 2 - Carga Crescente 2-34,true,718,235,34,34,1678,1
1774965918738,1648,GET Articles,200,Cenario 2 - Carga Crescente 2-33,true,708072,293,34,34,1647,0
1774965918738,1752,Login,200,Cenario 2 - Carga Crescente 2-27,true,718,235,35,35,1752,0
1774965918918,1600,GET Articles,200,Cenario 2 - Carga Crescente 2-14,true,708072,293,35,35,1600,0
1774965918780,1820,Login,200,Cenario 2 - Carga Crescente 2-24,true,718,235,35,35,1820,0
1774965918828,1816,Login,200,Cenario 2 - Carga Crescente 2-19,true,718,235,35,35,1816,0
1774965919020,1652,GET Articles,200,Cenario 2 - Carga Crescente 2-13,true,708072,293,35,35,1651,0
1774965918966,1808,Login,200,Cenario 2 - Carga Crescente 2-18,true,718,235,35,35,1807,0
1774965919107,1691,GET Articles,200,Cenario 2 - Carga Crescente 2-21,true,708072,293,35,35,1690,0
1774965919018,1843,Login,200,Cenario 2 - Carga Crescente 2-17,true,718,235,35,35,1843,0
1774965919076,1858,Login,200,Cenario 2 - Carga Crescente 2-29,true,718,235,35,35,1858,0
1774965919300,1685,GET Articles,200,Cenario 2 - Carga Crescente 2-1,true,708072,293,35,35,1685,0
1774965919156,1903,Login,200,Cenario 2 - Carga Crescente 2-9,true,718,235,35,35,1903,0
1774965919353,1735,GET Articles,200,Cenario 2 - Carga Crescente 2-28,true,708072,293,35,35,1734,0
1774965919207,1916,Login,200,Cenario 2 - Carga Crescente 2-23,true,718,235,35,35,1916,0
1774965919350,1897,Login,200,Cenario 2 - Carga Crescente 2-3,true,718,235,35,35,1897,0
1774965919394,1948,Login,200,Cenario 2 - Carga Crescente 2-7,true,718,235,35,35,1948,0
1774965919484,1888,GET Articles,200,Cenario 2 - Carga Crescente 2-10,true,708072,293,35,35,1887,0
1774965919426,1947,Login,200,Cenario 2 - Carga Crescente 2-5,true,718,235,35,35,1947,0
1774965919632,1777,GET Articles,200,Cenario 2 - Carga Crescente 2-15,true,708072,293,35,35,1776,0
1774965919724,1708,GET Articles,200,Cenario 2 - Carga Crescente 2-30,true,708072,293,35,35,1708,0
1774965919775,1682,GET Articles,200,Cenario 2 - Carga Crescente 2-25,true,708072,293,35,35,1681,0
1774965919456,2044,Login,200,Cenario 2 - Carga Crescente 2-2,true,718,235,35,35,2044,0
1774965919893,1655,GET Articles,200,Cenario 2 - Carga Crescente 2-32,true,708072,293,35,35,1654,0
1774965919510,2127,Login,200,Cenario 2 - Carga Crescente 2-8,true,718,235,35,35,2127,0
1774965919805,1912,Login,200,Cenario 2 - Carga Crescente 2-26,true,718,235,35,35,1912,0
1774965919986,1756,GET Articles,200,Cenario 2 - Carga Crescente 2-12,true,708072,293,35,35,1755,0
1774965919925,1885,Login,200,Cenario 2 - Carga Crescente 2-22,true,718,235,35,35,1885,0
1774965919971,1919,Login,200,Cenario 2 - Carga Crescente 2-31,true,718,235,35,35,1919,0
1774965920072,1862,GET Articles,200,Cenario 2 - Carga Crescente 2-6,true,708072,293,35,35,1861,0
1774965920230,1752,GET Articles,200,Cenario 2 - Carga Crescente 2-20,true,708072,293,35,35,1751,0
1774965920030,1991,Login,200,Cenario 2 - Carga Crescente 2-11,true,718,235,35,35,1991,0
1774965920333,1688,GET Articles,200,Cenario 2 - Carga Crescente 2-16,true,708072,293,35,35,1687,0
1774965920334,1731,GET Articles,200,Cenario 2 - Carga Crescente 2-34,true,708072,293,35,35,1730,0
1774965920072,1994,Login,200,Cenario 2 - Carga Crescente 2-4,true,718,235,35,35,1994,0
1774965920491,1630,GET Articles,200,Cenario 2 - Carga Crescente 2-27,true,708072,293,35,35,1629,0
1774965920386,1892,Login,200,Cenario 2 - Carga Crescente 2-33,true,718,235,36,36,1892,0
1774965920601,1719,GET Articles,200,Cenario 2 - Carga Crescente 2-24,true,708072,293,36,36,1718,0
1774965920644,1706,GET Articles,200,Cenario 2 - Carga Crescente 2-19,true,708072,293,36,36,1705,0
1774965920455,1895,Login,200,Cenario 2 - Carga Crescente 2-35,true,718,235,36,36,1895,1
1774965920774,1633,GET Articles,200,Cenario 2 - Carga Crescente 2-18,true,708072,293,36,36,1632,0
1774965920518,1890,Login,200,Cenario 2 - Carga Crescente 2-14,true,718,235,36,36,1890,0
1774965920862,1578,GET Articles,200,Cenario 2 - Carga Crescente 2-17,true,708072,293,36,36,1577,0
1774965920934,1535,GET Articles,200,Cenario 2 - Carga Crescente 2-29,true,708072,293,36,36,1534,0
1774965920672,1935,Login,200,Cenario 2 - Carga Crescente 2-13,true,718,235,36,36,1935,0
1774965921059,1575,GET Articles,200,Cenario 2 - Carga Crescente 2-9,true,708072,293,36,36,1574,0
1774965920798,1869,Login,200,Cenario 2 - Carga Crescente 2-21,true,718,235,36,36,1869,0
1774965921123,1571,GET Articles,200,Cenario 2 - Carga Crescente 2-23,true,708072,293,36,36,1570,0
1774965921248,1470,GET Articles,200,Cenario 2 - Carga Crescente 2-3,true,708072,293,36,36,1469,0
1774965921343,1403,GET Articles,200,Cenario 2 - Carga Crescente 2-7,true,708072,293,36,36,1402,0
1774965920986,1760,Login,200,Cenario 2 - Carga Crescente 2-1,true,718,235,36,36,1760,0
1774965921373,1427,GET Articles,200,Cenario 2 - Carga Crescente 2-5,true,708072,293,36,36,1426,0
1774965921088,1807,Login,200,Cenario 2 - Carga Crescente 2-28,true,718,235,36,36,1807,0
1774965921372,1641,Login,200,Cenario 2 - Carga Crescente 2-10,true,718,235,36,36,1641,0
1774965921409,1656,Login,200,Cenario 2 - Carga Crescente 2-15,true,718,235,36,36,1656,0
1774965921500,1612,GET Articles,200,Cenario 2 - Carga Crescente 2-2,true,708072,293,36,36,1611,1
1774965921433,1721,Login,200,Cenario 2 - Carga Crescente 2-30,true,718,235,36,36,1721,0
1774965921637,1567,GET Articles,200,Cenario 2 - Carga Crescente 2-8,true,708072,293,36,36,1566,0
1774965921717,1535,GET Articles,200,Cenario 2 - Carga Crescente 2-26,true,708072,293,36,36,1534,0
1774965921457,1813,Login,200,Cenario 2 - Carga Crescente 2-25,true,718,235,36,36,1812,0
1774965921810,1519,GET Articles,200,Cenario 2 - Carga Crescente 2-22,true,708072,293,36,36,1515,0
1774965921890,1479,GET Articles,200,Cenario 2 - Carga Crescente 2-31,true,708072,293,36,36,1479,0
1774965921548,1828,Login,200,Cenario 2 - Carga Crescente 2-32,true,718,235,36,36,1828,0
1774965921742,1780,Login,200,Cenario 2 - Carga Crescente 2-12,true,718,235,36,36,1780,0
1774965921934,1708,Login,200,Cenario 2 - Carga Crescente 2-6,true,718,235,36,36,1708,0
1774965921982,1666,Login,200,Cenario 2 - Carga Crescente 2-20,true,718,235,36,36,1666,0
1774965922021,1651,GET Articles,200,Cenario 2 - Carga Crescente 2-11,true,708072,293,36,36,1650,0
1774965922066,1640,GET Articles,200,Cenario 2 - Carga Crescente 2-4,true,708072,293,36,36,1639,0
1774965922021,1774,Login,200,Cenario 2 - Carga Crescente 2-16,true,718,235,36,36,1774,0
1774965922065,1874,Login,200,Cenario 2 - Carga Crescente 2-34,true,718,235,36,36,1874,0
1774965922278,1687,GET Articles,200,Cenario 2 - Carga Crescente 2-33,true,708072,293,36,36,1686,0
1774965922121,1852,Login,200,Cenario 2 - Carga Crescente 2-27,true,718,235,36,36,1852,0
1774965922256,1803,Login,200,Cenario 2 - Carga Crescente 2-36,true,718,235,37,37,1803,0
1774965922351,1757,GET Articles,200,Cenario 2 - Carga Crescente 2-35,true,708072,293,37,37,1756,0
1774965922320,1910,Login,200,Cenario 2 - Carga Crescente 2-24,true,718,235,37,37,1910,0
1774965922408,1850,GET Articles,200,Cenario 2 - Carga Crescente 2-14,true,708072,293,37,37,1849,0
1774965922351,1907,Login,200,Cenario 2 - Carga Crescente 2-19,true,718,235,37,37,1907,0
1774965922408,1964,Login,200,Cenario 2 - Carga Crescente 2-18,true,718,235,37,37,1964,0
1774965922607,1814,GET Articles,200,Cenario 2 - Carga Crescente 2-13,true,708072,293,37,37,1813,0
1774965922440,2078,Login,200,Cenario 2 - Carga Crescente 2-17,true,718,235,37,37,2078,0
1774965922469,2051,Login,200,Cenario 2 - Carga Crescente 2-29,true,718,235,37,37,2051,0
1774965922668,1887,GET Articles,200,Cenario 2 - Carga Crescente 2-21,true,708072,293,37,37,1886,0
1774965922634,2050,Login,200,Cenario 2 - Carga Crescente 2-9,true,718,235,37,37,2050,0
1774965922746,1987,GET Articles,200,Cenario 2 - Carga Crescente 2-1,true,708072,293,37,37,1986,0
1774965922694,2084,Login,200,Cenario 2 - Carga Crescente 2-23,true,718,235,37,37,2084,0
1774965922718,2091,Login,200,Cenario 2 - Carga Crescente 2-3,true,718,235,37,37,2091,0
1774965922895,1940,GET Articles,200,Cenario 2 - Carga Crescente 2-28,true,708072,293,37,37,1940,0
1774965923013,1850,GET Articles,200,Cenario 2 - Carga Crescente 2-10,true,708072,293,37,37,1850,0
1774965923066,1823,GET Articles,200,Cenario 2 - Carga Crescente 2-15,true,708072,293,37,37,1822,0
1774965922746,2250,Login,200,Cenario 2 - Carga Crescente 2-7,true,718,235,37,37,2250,0
1774965923155,1886,GET Articles,200,Cenario 2 - Carga Crescente 2-30,true,708072,293,37,37,1885,0
1774965922801,2240,Login,200,Cenario 2 - Carga Crescente 2-5,true,718,235,37,37,2240,0
1774965923112,2032,Login,200,Cenario 2 - Carga Crescente 2-2,true,718,235,37,37,2032,0
1774965923270,1902,GET Articles,200,Cenario 2 - Carga Crescente 2-25,true,708072,293,37,37,1901,0
1774965923204,2107,Login,200,Cenario 2 - Carga Crescente 2-8,true,718,235,37,37,2106,0
1774965923253,2061,Login,200,Cenario 2 - Carga Crescente 2-26,true,718,235,37,37,2061,0
1774965923376,1973,GET Articles,200,Cenario 2 - Carga Crescente 2-32,true,708072,293,37,37,1973,0
1774965923522,1859,GET Articles,200,Cenario 2 - Carga Crescente 2-12,true,708072,293,37,37,1858,0
1774965923642,1767,GET Articles,200,Cenario 2 - Carga Crescente 2-6,true,708072,293,37,37,1766,0
1774965923648,1796,GET Articles,200,Cenario 2 - Carga Crescente 2-20,true,708072,293,37,37,1796,0
1774965923329,2115,Login,200,Cenario 2 - Carga Crescente 2-22,true,718,235,37,37,2115,0
1774965923370,2207,Login,200,Cenario 2 - Carga Crescente 2-31,true,718,235,37,37,2207,0
1774965923795,1828,GET Articles,200,Cenario 2 - Carga Crescente 2-16,true,708072,293,37,37,1828,0
1774965923940,1731,GET Articles,200,Cenario 2 - Carga Crescente 2-34,true,708072,293,37,37,1730,0
1774965923672,2040,Login,200,Cenario 2 - Carga Crescente 2-11,true,718,235,37,37,2040,0
1774965923706,2007,Login,200,Cenario 2 - Carga Crescente 2-4,true,718,235,37,37,2007,0
1774965923973,1775,GET Articles,200,Cenario 2 - Carga Crescente 2-27,true,708072,293,37,37,1774,0
1774965924060,1715,GET Articles,200,Cenario 2 - Carga Crescente 2-36,true,708072,293,37,37,1715,0
1774965923965,1967,Login,200,Cenario 2 - Carga Crescente 2-33,true,718,235,38,38,1967,0
1774965924231,1725,GET Articles,200,Cenario 2 - Carga Crescente 2-24,true,708072,293,38,38,1725,0
1774965924057,1921,Login,200,Cenario 2 - Carga Crescente 2-37,true,718,235,38,38,1921,0
1774965924258,1764,GET Articles,200,Cenario 2 - Carga Crescente 2-19,true,708072,293,38,38,1763,0
1774965924373,1681,GET Articles,200,Cenario 2 - Carga Crescente 2-18,true,708072,293,38,38,1680,0
1774965924108,1947,Login,200,Cenario 2 - Carga Crescente 2-35,true,718,235,38,38,1947,0
1774965924519,1586,GET Articles,200,Cenario 2 - Carga Crescente 2-17,true,708072,293,38,38,1586,0
1774965924520,1635,GET Articles,200,Cenario 2 - Carga Crescente 2-29,true,708072,293,38,38,1634,0
1774965924258,1952,Login,200,Cenario 2 - Carga Crescente 2-14,true,718,235,38,38,1952,0
1774965924684,1551,GET Articles,200,Cenario 2 - Carga Crescente 2-9,true,708072,293,38,38,1551,0
1774965924421,1894,Login,200,Cenario 2 - Carga Crescente 2-13,true,718,235,38,38,1894,0
1774965924779,1566,GET Articles,200,Cenario 2 - Carga Crescente 2-23,true,708072,293,38,38,1565,0
1774965924809,1587,GET Articles,200,Cenario 2 - Carga Crescente 2-3,true,708072,293,38,38,1586,1
1774965924555,1862,Login,200,Cenario 2 - Carga Crescente 2-21,true,718,235,38,38,1862,0
1774965924733,1765,Login,200,Cenario 2 - Carga Crescente 2-1,true,718,235,38,38,1765,0
1774965924835,1822,Login,200,Cenario 2 - Carga Crescente 2-28,true,718,235,38,38,1822,0
1774965924996,1694,GET Articles,200,Cenario 2 - Carga Crescente 2-7,true,708072,293,38,38,1693,0
1774965924863,1827,Login,200,Cenario 2 - Carga Crescente 2-10,true,718,235,38,38,1827,0
1774965925042,1699,GET Articles,200,Cenario 2 - Carga Crescente 2-5,true,708072,293,38,38,1698,0
1774965925144,1629,GET Articles,200,Cenario 2 - Carga Crescente 2-2,true,708072,293,38,38,1628,0
1774965924889,1884,Login,200,Cenario 2 - Carga Crescente 2-15,true,718,235,38,38,1884,0
1774965925311,1515,GET Articles,200,Cenario 2 - Carga Crescente 2-8,true,708072,293,38,38,1514,0
1774965925314,1560,GET Articles,200,Cenario 2 - Carga Crescente 2-26,true,708072,293,38,38,1560,0
1774965925041,1916,Login,200,Cenario 2 - Carga Crescente 2-30,true,718,235,38,38,1916,0
1774965925172,1876,Login,200,Cenario 2 - Carga Crescente 2-25,true,718,235,38,38,1876,0
1774965925350,1796,Login,200,Cenario 2 - Carga Crescente 2-32,true,718,235,38,38,1796,0
1774965925445,1731,GET Articles,200,Cenario 2 - Carga Crescente 2-22,true,708072,293,38,38,1730,0
1774965925381,1854,Login,200,Cenario 2 - Carga Crescente 2-12,true,718,235,38,38,1854,0
1774965925577,1686,GET Articles,200,Cenario 2 - Carga Crescente 2-31,true,708072,293,38,38,1686,0
1774965925409,1913,Login,200,Cenario 2 - Carga Crescente 2-6,true,718,235,38,38,1913,0
1774965925445,2013,Login,200,Cenario 2 - Carga Crescente 2-20,true,718,235,38,38,2012,0
1774965925713,1771,GET Articles,200,Cenario 2 - Carga Crescente 2-11,true,708072,293,38,38,1770,0
1774965925714,1798,GET Articles,200,Cenario 2 - Carga Crescente 2-4,true,708072,293,38,38,1797,0
1774965925624,1922,Login,200,Cenario 2 - Carga Crescente 2-16,true,718,235,38,38,1922,0
1774965925671,1932,Login,200,Cenario 2 - Carga Crescente 2-34,true,718,235,38,38,1932,0
1774965925748,2043,Login,200,Cenario 2 - Carga Crescente 2-27,true,718,235,39,39,2043,0
1774965925932,1888,GET Articles,200,Cenario 2 - Carga Crescente 2-33,true,708072,293,39,39,1887,0
1774965925776,2045,Login,200,Cenario 2 - Carga Crescente 2-36,true,718,235,39,39,2045,0
1774965925979,1895,GET Articles,200,Cenario 2 - Carga Crescente 2-37,true,708072,293,39,39,1894,0
1774965925855,2020,Login,200,Cenario 2 - Carga Crescente 2-38,true,718,235,39,39,2020,0
1774965925957,2139,Login,200,Cenario 2 - Carga Crescente 2-24,true,718,235,39,39,2139,0
1774965926055,2092,GET Articles,200,Cenario 2 - Carga Crescente 2-35,true,708072,293,39,39,2091,0
1774965926054,2096,Login,200,Cenario 2 - Carga Crescente 2-18,true,718,235,39,39,2096,0
1774965926022,2129,Login,200,Cenario 2 - Carga Crescente 2-19,true,718,235,39,39,2129,0
1774965926211,1974,GET Articles,200,Cenario 2 - Carga Crescente 2-14,true,708072,293,39,39,1973,0
1774965926106,2310,Login,200,Cenario 2 - Carga Crescente 2-17,true,718,235,39,39,2310,0
1774965926155,2266,Login,200,Cenario 2 - Carga Crescente 2-29,true,718,235,39,39,2266,0
1774965926315,2151,GET Articles,200,Cenario 2 - Carga Crescente 2-13,true,708072,293,39,39,2150,0
1774965926235,2232,Login,200,Cenario 2 - Carga Crescente 2-9,true,718,235,39,39,2232,0
1774965926418,2088,GET Articles,200,Cenario 2 - Carga Crescente 2-21,true,708072,293,39,39,2087,0
1774965926499,2040,GET Articles,200,Cenario 2 - Carga Crescente 2-1,true,708072,293,39,39,2039,0
1774965926657,1914,GET Articles,200,Cenario 2 - Carga Crescente 2-28,true,708072,293,39,39,1913,0
1774965926345,2395,Login,200,Cenario 2 - Carga Crescente 2-23,true,718,235,39,39,2395,0
1774965926396,2346,Login,200,Cenario 2 - Carga Crescente 2-3,true,718,235,39,39,2346,0
1774965926690,2111,GET Articles,200,Cenario 2 - Carga Crescente 2-10,true,708072,293,39,39,2110,0
1774965926690,2152,Login,200,Cenario 2 - Carga Crescente 2-7,true,718,235,39,39,2152,0
1774965926774,2096,GET Articles,200,Cenario 2 - Carga Crescente 2-15,true,708072,293,39,39,2095,0
1774965926741,2282,Login,200,Cenario 2 - Carga Crescente 2-5,true,718,235,39,39,2282,1
1774965926773,2304,Login,200,Cenario 2 - Carga Crescente 2-2,true,718,235,39,39,2304,0
1774965926958,2153,GET Articles,200,Cenario 2 - Carga Crescente 2-30,true,708072,293,39,39,2152,0
1774965927049,2100,GET Articles,200,Cenario 2 - Carga Crescente 2-25,true,708072,293,39,39,2099,0
1774965926826,2323,Login,200,Cenario 2 - Carga Crescente 2-8,true,718,235,39,39,2323,0
1774965927146,2042,GET Articles,200,Cenario 2 - Carga Crescente 2-32,true,708072,293,39,39,2042,0
1774965927235,2001,GET Articles,200,Cenario 2 - Carga Crescente 2-12,true,708072,293,39,39,2000,0
1774965926874,2423,Login,200,Cenario 2 - Carga Crescente 2-26,true,718,235,39,39,2422,0
1774965927322,2010,GET Articles,200,Cenario 2 - Carga Crescente 2-6,true,708072,293,39,39,2009,0
1774965927458,1902,GET Articles,200,Cenario 2 - Carga Crescente 2-20,true,708072,293,39,39,1901,0
1774965927176,2251,Login,200,Cenario 2 - Carga Crescente 2-22,true,718,235,39,39,2251,0
1774965927263,2245,Login,200,Cenario 2 - Carga Crescente 2-31,true,718,235,40,40,2245,0
1774965927546,1988,GET Articles,200,Cenario 2 - Carga Crescente 2-16,true,708072,293,40,40,1987,0
1774965927604,1958,GET Articles,200,Cenario 2 - Carga Crescente 2-34,true,708072,293,40,40,1957,0
1774965927484,2145,Login,200,Cenario 2 - Carga Crescente 2-11,true,718,235,40,40,2145,0
1774965927792,1863,GET Articles,200,Cenario 2 - Carga Crescente 2-27,true,708072,293,40,40,1862,0
1774965927512,2184,Login,200,Cenario 2 - Carga Crescente 2-4,true,718,235,40,40,2184,0
1774965927822,1922,GET Articles,200,Cenario 2 - Carga Crescente 2-36,true,708072,293,40,40,1921,0
1774965927655,2171,Login,200,Cenario 2 - Carga Crescente 2-39,true,718,235,40,40,2171,1
1774965927876,2000,GET Articles,200,Cenario 2 - Carga Crescente 2-38,true,708072,293,40,40,1999,0
1774965928096,1829,GET Articles,200,Cenario 2 - Carga Crescente 2-24,true,708072,293,40,40,1828,0
1774965927820,2105,Login,200,Cenario 2 - Carga Crescente 2-33,true,718,235,40,40,2105,0
1774965928150,1808,GET Articles,200,Cenario 2 - Carga Crescente 2-18,true,708072,293,40,40,1807,0
1774965928151,1845,GET Articles,200,Cenario 2 - Carga Crescente 2-19,true,708072,293,40,40,1844,0
1774965927874,2133,Login,200,Cenario 2 - Carga Crescente 2-37,true,718,235,40,40,2133,0
1774965928417,1616,GET Articles,200,Cenario 2 - Carga Crescente 2-17,true,708072,293,40,40,1616,0
1774965928422,1642,GET Articles,200,Cenario 2 - Carga Crescente 2-29,true,708072,293,40,40,1642,0
1774965928147,2044,Login,200,Cenario 2 - Carga Crescente 2-35,true,718,235,40,40,2044,0
1774965928467,1768,GET Articles,200,Cenario 2 - Carga Crescente 2-9,true,708072,293,40,40,1768,0
1774965928185,2074,Login,200,Cenario 2 - Carga Crescente 2-14,true,718,235,40,40,2074,0
1774965928466,1859,Login,200,Cenario 2 - Carga Crescente 2-13,true,718,235,40,40,1859,0
1774965928506,1988,Login,200,Cenario 2 - Carga Crescente 2-21,true,718,235,40,40,1988,0
1774965928742,1790,GET Articles,200,Cenario 2 - Carga Crescente 2-23,true,708072,293,40,40,1789,0
1774965928539,1992,Login,200,Cenario 2 - Carga Crescente 2-1,true,718,235,40,40,1992,0
1774965928744,1819,GET Articles,200,Cenario 2 - Carga Crescente 2-3,true,708072,293,40,40,1819,0
1774965928844,1753,GET Articles,200,Cenario 2 - Carga Crescente 2-7,true,708072,293,40,40,1753,0
1774965928572,2024,Login,200,Cenario 2 - Carga Crescente 2-28,true,718,235,40,40,2024,0
1774965929025,1605,GET Articles,200,Cenario 2 - Carga Crescente 2-5,true,708072,293,40,40,1604,0
1774965929079,1581,GET Articles,200,Cenario 2 - Carga Crescente 2-2,true,708072,293,40,40,1581,0
1774965928802,1997,Login,200,Cenario 2 - Carga Crescente 2-10,true,718,235,40,40,1997,0
1774965929151,1700,GET Articles,200,Cenario 2 - Carga Crescente 2-8,true,708072,293,40,40,1699,0
1774965928871,1985,Login,200,Cenario 2 - Carga Crescente 2-15,true,718,235,40,40,1985,0
1774965929112,1801,Login,200,Cenario 2 - Carga Crescente 2-30,true,718,235,40,40,1801,0
1774965929150,1958,Login,200,Cenario 2 - Carga Crescente 2-25,true,718,235,40,40,1958,0
1774965929190,1920,Login,200,Cenario 2 - Carga Crescente 2-32,true,718,235,40,40,1920,0
1774965929298,1844,GET Articles,200,Cenario 2 - Carga Crescente 2-26,true,708072,293,40,40,1843,0
1774965929237,1929,Login,200,Cenario 2 - Carga Crescente 2-12,true,718,235,40,40,1929,0
1774965929428,1782,GET Articles,200,Cenario 2 - Carga Crescente 2-22,true,708072,293,40,40,1781,0
1774965929333,2059,Login,200,Cenario 2 - Carga Crescente 2-6,true,718,235,41,41,2059,0
1774965929361,2033,Login,200,Cenario 2 - Carga Crescente 2-20,true,718,235,41,41,2033,0
1774965929510,1914,GET Articles,200,Cenario 2 - Carga Crescente 2-31,true,708072,293,41,41,1914,0
1774965929457,2004,Login,200,Cenario 2 - Carga Crescente 2-40,true,718,235,41,41,2004,1
1774965929630,1878,GET Articles,200,Cenario 2 - Carga Crescente 2-11,true,708072,293,41,41,1877,0
1774965929535,2121,Login,200,Cenario 2 - Carga Crescente 2-16,true,718,235,41,41,2121,0
1774965929697,1996,GET Articles,200,Cenario 2 - Carga Crescente 2-4,true,708072,293,41,41,1996,0
1774965929563,2130,Login,200,Cenario 2 - Carga Crescente 2-34,true,718,235,41,41,2130,0
1774965929827,1905,GET Articles,200,Cenario 2 - Carga Crescente 2-39,true,708072,293,41,41,1904,0
1774965929656,2109,Login,200,Cenario 2 - Carga Crescente 2-27,true,718,235,41,41,2109,0
1774965929745,2207,Login,200,Cenario 2 - Carga Crescente 2-36,true,718,235,41,41,2207,0
1774965929926,2070,GET Articles,200,Cenario 2 - Carga Crescente 2-33,true,708072,293,41,41,2069,0
1774965929877,2119,Login,200,Cenario 2 - Carga Crescente 2-38,true,718,235,41,41,2119,0
1774965929926,2093,Login,200,Cenario 2 - Carga Crescente 2-24,true,718,235,41,41,2093,0
1774965930009,2040,GET Articles,200,Cenario 2 - Carga Crescente 2-37,true,708072,293,41,41,2039,0
1774965929959,2297,Login,200,Cenario 2 - Carga Crescente 2-18,true,718,235,41,41,2297,0
1774965929997,2263,Login,200,Cenario 2 - Carga Crescente 2-19,true,718,235,41,41,2263,0
1774965930192,2097,GET Articles,200,Cenario 2 - Carga Crescente 2-35,true,708072,293,41,41,2096,0
1774965930034,2269,Login,200,Cenario 2 - Carga Crescente 2-17,true,718,235,41,41,2269,0
1774965930260,2068,GET Articles,200,Cenario 2 - Carga Crescente 2-14,true,708072,293,41,41,2067,0
1774965930327,2024,GET Articles,200,Cenario 2 - Carga Crescente 2-13,true,708072,293,41,41,2024,0
1774965930496,1883,GET Articles,200,Cenario 2 - Carga Crescente 2-21,true,708072,293,41,41,1882,0
1774965930532,1884,GET Articles,200,Cenario 2 - Carga Crescente 2-1,true,708072,293,41,41,1883,0
1774965930066,2456,Login,200,Cenario 2 - Carga Crescente 2-29,true,718,235,41,41,2456,0
1774965930237,2313,Login,200,Cenario 2 - Carga Crescente 2-9,true,718,235,41,41,2313,0
1774965930598,2000,GET Articles,200,Cenario 2 - Carga Crescente 2-28,true,708072,293,41,41,1999,0
1774965930532,2148,Login,200,Cenario 2 - Carga Crescente 2-23,true,718,235,41,41,2148,0
1774965930564,2215,Login,200,Cenario 2 - Carga Crescente 2-3,true,718,235,41,41,2215,0
1774965930597,2261,Login,200,Cenario 2 - Carga Crescente 2-7,true,718,235,41,41,2261,1
1774965930800,2108,GET Articles,200,Cenario 2 - Carga Crescente 2-10,true,708072,293,41,41,2107,0
1774965930630,2304,Login,200,Cenario 2 - Carga Crescente 2-5,true,718,235,41,41,2304,0
1774965930856,2115,GET Articles,200,Cenario 2 - Carga Crescente 2-15,true,708072,293,41,41,2114,0
1774965930913,2087,GET Articles,200,Cenario 2 - Carga Crescente 2-30,true,708072,293,41,41,2087,0
1774965931108,1928,GET Articles,200,Cenario 2 - Carga Crescente 2-25,true,708072,293,41,41,1927,0
1774965930661,2375,Login,200,Cenario 2 - Carga Crescente 2-2,true,718,235,41,41,2375,0
1774965931110,1958,GET Articles,200,Cenario 2 - Carga Crescente 2-32,true,708072,293,42,42,1958,0
1774965931166,1929,GET Articles,200,Cenario 2 - Carga Crescente 2-12,true,708072,293,42,42,1929,0
1774965930851,2317,Login,200,Cenario 2 - Carga Crescente 2-8,true,718,235,42,42,2317,0
1774965931142,2160,Login,200,Cenario 2 - Carga Crescente 2-26,true,718,235,42,42,2160,0
1774965931392,1940,GET Articles,200,Cenario 2 - Carga Crescente 2-6,true,708072,293,42,42,1939,0
1774965931394,1965,GET Articles,200,Cenario 2 - Carga Crescente 2-20,true,708072,293,42,42,1964,0
1774965931210,2150,Login,200,Cenario 2 - Carga Crescente 2-22,true,718,235,42,42,2150,0
1774965931462,1949,GET Articles,200,Cenario 2 - Carga Crescente 2-40,true,708072,293,42,42,1948,0
1774965931256,2174,Login,200,Cenario 2 - Carga Crescente 2-41,true,718,235,42,42,2174,1
1774965931656,1826,GET Articles,200,Cenario 2 - Carga Crescente 2-16,true,708072,293,42,42,1825,0
1774965931694,1837,GET Articles,200,Cenario 2 - Carga Crescente 2-34,true,708072,293,42,42,1836,0
1774965931425,2207,Login,200,Cenario 2 - Carga Crescente 2-31,true,718,235,42,42,2207,0
1774965931508,2170,Login,200,Cenario 2 - Carga Crescente 2-11,true,718,235,42,42,2170,0
1774965931765,1961,GET Articles,200,Cenario 2 - Carga Crescente 2-27,true,708072,293,42,42,1960,0
1774965931952,1825,GET Articles,200,Cenario 2 - Carga Crescente 2-36,true,708072,293,42,42,1824,0
1774965931694,2109,Login,200,Cenario 2 - Carga Crescente 2-4,true,718,235,42,42,2109,0
1774965931996,1856,GET Articles,200,Cenario 2 - Carga Crescente 2-38,true,708072,293,42,42,1855,0
1774965932019,1881,GET Articles,200,Cenario 2 - Carga Crescente 2-24,true,708072,293,42,42,1880,0
1774965931732,2172,Login,200,Cenario 2 - Carga Crescente 2-39,true,718,235,42,42,2172,0
1774965932257,1699,GET Articles,200,Cenario 2 - Carga Crescente 2-18,true,708072,293,42,42,1698,0
1774965932260,1747,GET Articles,200,Cenario 2 - Carga Crescente 2-19,true,708072,293,42,42,1743,0
1774965931996,2051,Login,200,Cenario 2 - Carga Crescente 2-33,true,718,235,42,42,2051,0
1774965932303,1805,GET Articles,200,Cenario 2 - Carga Crescente 2-17,true,708072,293,42,42,1804,0
1774965932049,2123,Login,200,Cenario 2 - Carga Crescente 2-37,true,718,235,42,42,2122,0
1774965932289,1986,Login,200,Cenario 2 - Carga Crescente 2-35,true,718,235,42,42,1986,0
1774965932328,2045,Login,200,Cenario 2 - Carga Crescente 2-14,true,718,235,42,42,2045,0
1774965932351,2086,Login,200,Cenario 2 - Carga Crescente 2-13,true,718,235,42,42,2086,0
1774965932522,1943,GET Articles,200,Cenario 2 - Carga Crescente 2-29,true,708072,293,42,42,1943,0
1774965932551,1946,GET Articles,200,Cenario 2 - Carga Crescente 2-9,true,708072,293,42,42,1945,0
1774965932379,2158,Login,200,Cenario 2 - Carga Crescente 2-21,true,718,235,42,42,2158,0
1774965932681,1902,GET Articles,200,Cenario 2 - Carga Crescente 2-23,true,708072,293,42,42,1901,0
1774965932780,1829,GET Articles,200,Cenario 2 - Carga Crescente 2-3,true,708072,293,42,42,1828,0
1774965932859,1781,GET Articles,200,Cenario 2 - Carga Crescente 2-7,true,708072,293,42,42,1780,0
1774965932416,2224,Login,200,Cenario 2 - Carga Crescente 2-1,true,718,235,42,42,2224,0
1774965932935,1746,GET Articles,200,Cenario 2 - Carga Crescente 2-5,true,708072,293,42,42,1746,0
1774965932598,2160,Login,200,Cenario 2 - Carga Crescente 2-28,true,718,235,42,42,2160,0
1774965932908,1996,Login,200,Cenario 2 - Carga Crescente 2-10,true,718,235,43,43,1996,0
1774965932971,1969,Login,200,Cenario 2 - Carga Crescente 2-15,true,718,235,43,43,1969,0
1774965933036,1952,GET Articles,200,Cenario 2 - Carga Crescente 2-2,true,708072,293,43,43,1951,0
1774965933001,2015,Login,200,Cenario 2 - Carga Crescente 2-30,true,718,235,43,43,2015,0
1774965933036,2124,Login,200,Cenario 2 - Carga Crescente 2-25,true,718,235,43,43,2124,0
1774965933056,2185,Login,200,Cenario 2 - Carga Crescente 2-42,true,718,235,43,43,2185,1
1774965933169,2105,GET Articles,200,Cenario 2 - Carga Crescente 2-8,true,708072,293,43,43,2104,1
1774965933069,2205,Login,200,Cenario 2 - Carga Crescente 2-32,true,718,235,43,43,2205,0
1774965933302,2011,GET Articles,200,Cenario 2 - Carga Crescente 2-26,true,708072,293,43,43,2011,0
1774965933096,2317,Login,200,Cenario 2 - Carga Crescente 2-12,true,718,235,43,43,2317,0
1774965933360,2101,GET Articles,200,Cenario 2 - Carga Crescente 2-22,true,708072,293,43,43,2100,0
1774965933332,2203,Login,200,Cenario 2 - Carga Crescente 2-6,true,718,235,43,43,2203,0
1774965933431,2152,GET Articles,200,Cenario 2 - Carga Crescente 2-41,true,708072,293,43,43,2152,0
1774965933359,2225,Login,200,Cenario 2 - Carga Crescente 2-20,true,718,235,43,43,2225,0
1774965933411,2313,Login,200,Cenario 2 - Carga Crescente 2-40,true,718,235,43,43,2313,0
1774965933633,2141,GET Articles,200,Cenario 2 - Carga Crescente 2-31,true,708072,293,43,43,2140,0
1774965933679,2142,GET Articles,200,Cenario 2 - Carga Crescente 2-11,true,708072,293,43,43,2141,0
1774965933482,2366,Login,200,Cenario 2 - Carga Crescente 2-16,true,718,235,43,43,2366,0
1774965933531,2319,Login,200,Cenario 2 - Carga Crescente 2-34,true,718,235,43,43,2319,0
1774965933803,2100,GET Articles,200,Cenario 2 - Carga Crescente 2-4,true,708072,293,43,43,2099,0
1774965933726,2358,Login,200,Cenario 2 - Carga Crescente 2-27,true,718,235,43,43,2358,0
1774965933777,2341,Login,200,Cenario 2 - Carga Crescente 2-36,true,718,235,43,43,2341,0
1774965933904,2262,GET Articles,200,Cenario 2 - Carga Crescente 2-39,true,708072,293,43,43,2262,0
1774965933852,2315,Login,200,Cenario 2 - Carga Crescente 2-38,true,718,235,43,43,2315,0
1774965933900,2447,Login,200,Cenario 2 - Carga Crescente 2-24,true,718,235,43,43,2447,0
1774965934047,2348,GET Articles,200,Cenario 2 - Carga Crescente 2-33,true,708072,293,43,43,2347,0
1774965934007,2422,Login,200,Cenario 2 - Carga Crescente 2-19,true,718,235,43,43,2422,0
1774965933956,2478,Login,200,Cenario 2 - Carga Crescente 2-18,true,718,235,43,43,2478,0
1774965934172,2286,GET Articles,200,Cenario 2 - Carga Crescente 2-37,true,708072,293,43,43,2286,0
1774965934276,2237,GET Articles,200,Cenario 2 - Carga Crescente 2-35,true,708072,293,43,43,2236,0
1774965934373,2165,GET Articles,200,Cenario 2 - Carga Crescente 2-14,true,708073,293,43,43,2164,0
1774965934438,2150,GET Articles,200,Cenario 2 - Carga Crescente 2-13,true,708072,293,43,43,2149,0
1774965934108,2557,Login,200,Cenario 2 - Carga Crescente 2-17,true,718,235,44,44,2557,0
1774965934537,2157,GET Articles,200,Cenario 2 - Carga Crescente 2-21,true,708072,293,44,44,2156,0
1774965934466,2346,Login,200,Cenario 2 - Carga Crescente 2-29,true,718,235,44,44,2346,0
1774965934497,2361,Login,200,Cenario 2 - Carga Crescente 2-9,true,718,235,44,44,2361,0
1774965934583,2373,Login,200,Cenario 2 - Carga Crescente 2-23,true,718,235,44,44,2373,0
1774965934641,2362,GET Articles,200,Cenario 2 - Carga Crescente 2-1,true,708072,293,44,44,2361,0
1774965934609,2461,Login,200,Cenario 2 - Carga Crescente 2-3,true,718,235,44,44,2461,0
1774965934759,2342,GET Articles,200,Cenario 2 - Carga Crescente 2-28,true,708072,293,44,44,2341,0
1774965934640,2481,Login,200,Cenario 2 - Carga Crescente 2-7,true,718,235,44,44,2481,0
1774965934904,2268,GET Articles,200,Cenario 2 - Carga Crescente 2-10,true,708072,293,44,44,2267,0
1774965934940,2280,GET Articles,200,Cenario 2 - Carga Crescente 2-15,true,708072,293,44,44,2280,0
1774965934681,2583,Login,200,Cenario 2 - Carga Crescente 2-5,true,718,235,44,44,2583,0
1774965935016,2296,GET Articles,200,Cenario 2 - Carga Crescente 2-30,true,708072,293,44,44,2295,0
1774965935160,2201,GET Articles,200,Cenario 2 - Carga Crescente 2-25,true,708072,293,44,44,2200,0
1774965934857,2507,Login,200,Cenario 2 - Carga Crescente 2-43,true,718,235,44,44,2507,1
1774965935242,2169,GET Articles,200,Cenario 2 - Carga Crescente 2-42,true,708072,293,44,44,2169,0
1774965935274,2170,GET Articles,200,Cenario 2 - Carga Crescente 2-32,true,708072,293,44,44,2169,0
1774965934988,2500,Login,200,Cenario 2 - Carga Crescente 2-2,true,718,235,44,44,2500,0
1774965935414,2101,GET Articles,200,Cenario 2 - Carga Crescente 2-12,true,708072,293,44,44,2100,0
1774965935274,2430,Login,200,Cenario 2 - Carga Crescente 2-8,true,718,235,44,44,2430,0
1774965935536,2216,GET Articles,200,Cenario 2 - Carga Crescente 2-6,true,708072,293,44,44,2216,0
1774965935313,2440,Login,200,Cenario 2 - Carga Crescente 2-26,true,718,235,44,44,2440,0
1774965935584,2211,GET Articles,200,Cenario 2 - Carga Crescente 2-20,true,708072,293,44,44,2210,0
1774965935461,2334,Login,200,Cenario 2 - Carga Crescente 2-22,true,718,235,44,44,2334,0
1774965935724,2126,GET Articles,200,Cenario 2 - Carga Crescente 2-40,true,708072,293,44,44,2125,0
1774965935583,2438,Login,200,Cenario 2 - Carga Crescente 2-41,true,718,235,44,44,2438,0
1774965935849,2220,GET Articles,200,Cenario 2 - Carga Crescente 2-16,true,708072,293,44,44,2220,0
1774965935774,2296,Login,200,Cenario 2 - Carga Crescente 2-31,true,718,235,44,44,2296,0
1774965935850,2273,GET Articles,200,Cenario 2 - Carga Crescente 2-34,true,708072,293,44,44,2272,0
1774965935821,2302,Login,200,Cenario 2 - Carga Crescente 2-11,true,718,235,44,44,2302,0
1774965936085,2075,GET Articles,200,Cenario 2 - Carga Crescente 2-27,true,708072,293,44,44,2074,0
1774965936118,2086,GET Articles,200,Cenario 2 - Carga Crescente 2-36,true,708073,293,44,44,2085,0
1774965936168,2086,GET Articles,200,Cenario 2 - Carga Crescente 2-38,true,708072,293,44,44,2086,0
1774965936348,1957,GET Articles,200,Cenario 2 - Carga Crescente 2-24,true,708072,293,44,44,1956,0
1774965935903,2435,Login,200,Cenario 2 - Carga Crescente 2-4,true,718,235,44,44,2435,0
1774965936429,1960,GET Articles,200,Cenario 2 - Carga Crescente 2-19,true,708072,293,44,44,1959,0
1774965936434,2005,GET Articles,200,Cenario 2 - Carga Crescente 2-18,true,708072,293,44,44,2004,0
1774965936167,2310,Login,200,Cenario 2 - Carga Crescente 2-39,true,718,235,45,45,2310,0
1774965936395,2179,Login,200,Cenario 2 - Carga Crescente 2-33,true,718,235,45,45,2179,0
1774965936458,2249,Login,200,Cenario 2 - Carga Crescente 2-37,true,718,235,45,45,2249,0
1774965936513,2229,Login,200,Cenario 2 - Carga Crescente 2-35,true,718,235,45,45,2229,0
1774965936538,2300,Login,200,Cenario 2 - Carga Crescente 2-14,true,718,235,45,45,2300,0
1774965936666,2224,GET Articles,200,Cenario 2 - Carga Crescente 2-17,true,708072,293,45,45,2223,0
1774965936588,2388,Login,200,Cenario 2 - Carga Crescente 2-13,true,718,235,45,45,2388,0
1774965936813,2208,GET Articles,200,Cenario 2 - Carga Crescente 2-29,true,708072,293,45,45,2207,0
1774965936656,2365,Login,200,Cenario 2 - Carga Crescente 2-44,true,718,235,45,45,2365,0
1774965936858,2212,GET Articles,200,Cenario 2 - Carga Crescente 2-9,true,708072,293,45,45,2212,0
1774965936957,2142,GET Articles,200,Cenario 2 - Carga Crescente 2-23,true,708073,293,45,45,2142,0
1774965937071,2060,GET Articles,200,Cenario 2 - Carga Crescente 2-3,true,708072,293,45,45,2060,0
1774965936694,2462,Login,200,Cenario 2 - Carga Crescente 2-21,true,718,235,45,45,2462,0
1774965937122,2060,GET Articles,200,Cenario 2 - Carga Crescente 2-7,true,708072,293,45,45,2059,0
1774965937003,2366,Login,200,Cenario 2 - Carga Crescente 2-1,true,718,235,45,45,2366,0
1774965937101,2294,Login,200,Cenario 2 - Carga Crescente 2-28,true,718,235,45,45,2294,0
1774965937265,2157,GET Articles,200,Cenario 2 - Carga Crescente 2-5,true,708072,293,45,45,2157,0
1774965937172,2271,Login,200,Cenario 2 - Carga Crescente 2-10,true,718,235,45,45,2271,1
1774965937220,2413,Login,200,Cenario 2 - Carga Crescente 2-15,true,718,235,45,45,2413,0
1774965937365,2315,GET Articles,200,Cenario 2 - Carga Crescente 2-43,true,708072,293,45,45,2314,0
1774965937312,2369,Login,200,Cenario 2 - Carga Crescente 2-30,true,718,235,45,45,2369,0
1774965937361,2340,Login,200,Cenario 2 - Carga Crescente 2-25,true,718,235,45,45,2340,0
1774965937489,2239,GET Articles,200,Cenario 2 - Carga Crescente 2-2,true,708072,293,45,45,2238,0
1774965937444,2494,Login,200,Cenario 2 - Carga Crescente 2-32,true,718,235,45,45,2494,0
1774965937412,2529,Login,200,Cenario 2 - Carga Crescente 2-42,true,718,235,45,45,2528,0
1774965937705,2271,GET Articles,200,Cenario 2 - Carga Crescente 2-8,true,708072,293,45,45,2271,0
1774965937515,2465,Login,200,Cenario 2 - Carga Crescente 2-12,true,718,235,45,45,2465,0
1774965937753,2256,GET Articles,200,Cenario 2 - Carga Crescente 2-26,true,708072,293,45,45,2256,0
1774965937796,2235,GET Articles,200,Cenario 2 - Carga Crescente 2-22,true,708073,293,45,45,2234,0
1774965937753,2478,Login,200,Cenario 2 - Carga Crescente 2-6,true,718,235,45,45,2478,0
1774965938021,2260,GET Articles,200,Cenario 2 - Carga Crescente 2-41,true,708072,293,46,46,2259,0
1774965937795,2491,Login,200,Cenario 2 - Carga Crescente 2-20,true,718,235,46,46,2491,0
1774965937850,2440,Login,200,Cenario 2 - Carga Crescente 2-40,true,718,235,46,46,2440,0
1774965938070,2271,GET Articles,200,Cenario 2 - Carga Crescente 2-31,true,708072,293,46,46,2270,0
1774965938123,2264,GET Articles,200,Cenario 2 - Carga Crescente 2-11,true,708072,293,46,46,2263,1
1774965938070,2472,Login,200,Cenario 2 - Carga Crescente 2-16,true,718,235,46,46,2472,0
1774965938123,2428,Login,200,Cenario 2 - Carga Crescente 2-34,true,718,235,46,46,2428,0
1774965938160,2489,Login,200,Cenario 2 - Carga Crescente 2-27,true,718,235,46,46,2489,0
1774965938204,2590,Login,200,Cenario 2 - Carga Crescente 2-36,true,718,235,46,46,2590,0
1774965938339,2483,GET Articles,200,Cenario 2 - Carga Crescente 2-4,true,708072,293,46,46,2482,0
1774965938255,2567,Login,200,Cenario 2 - Carga Crescente 2-38,true,718,235,46,46,2567,0
1774965938305,2599,Login,200,Cenario 2 - Carga Crescente 2-24,true,718,235,46,46,2599,0
1774965938389,2689,Login,200,Cenario 2 - Carga Crescente 2-19,true,718,235,46,46,2689,0
1774965938439,2640,Login,200,Cenario 2 - Carga Crescente 2-18,true,718,235,46,46,2640,0
1774965938477,2632,GET Articles,200,Cenario 2 - Carga Crescente 2-39,true,708072,293,46,46,2631,0
1774965938575,2556,GET Articles,200,Cenario 2 - Carga Crescente 2-33,true,708073,293,46,46,2555,0
1774965938707,2465,GET Articles,200,Cenario 2 - Carga Crescente 2-37,true,708072,293,46,46,2464,0
1774965938456,2716,Login,200,Cenario 2 - Carga Crescente 2-45,true,718,235,46,46,2716,1
1774965938743,2457,GET Articles,200,Cenario 2 - Carga Crescente 2-35,true,708073,293,46,46,2456,0
1774965938838,2398,GET Articles,200,Cenario 2 - Carga Crescente 2-14,true,708072,293,46,46,2397,0
1774965938977,2306,GET Articles,200,Cenario 2 - Carga Crescente 2-13,true,708073,293,46,46,2305,0
1774965939022,2293,GET Articles,200,Cenario 2 - Carga Crescente 2-44,true,708072,293,46,46,2293,0
1774965938890,2575,Login,200,Cenario 2 - Carga Crescente 2-17,true,718,235,46,46,2575,0
1774965939021,2525,Login,200,Cenario 2 - Carga Crescente 2-29,true,718,235,46,46,2525,0
1774965939071,2497,Login,200,Cenario 2 - Carga Crescente 2-9,true,718,235,46,46,2497,0
1774965939157,2435,GET Articles,200,Cenario 2 - Carga Crescente 2-21,true,708072,293,46,46,2434,0
1774965939099,2628,Login,200,Cenario 2 - Carga Crescente 2-23,true,718,235,46,46,2628,0
1774965939370,2408,GET Articles,200,Cenario 2 - Carga Crescente 2-1,true,708072,293,46,46,2408,0
1774965939395,2417,GET Articles,200,Cenario 2 - Carga Crescente 2-28,true,708072,293,46,46,2416,0
1774965939132,2681,Login,200,Cenario 2 - Carga Crescente 2-3,true,718,235,46,46,2681,0
1774965939443,2423,GET Articles,200,Cenario 2 - Carga Crescente 2-10,true,708072,293,46,46,2422,0
1774965939182,2684,Login,200,Cenario 2 - Carga Crescente 2-7,true,718,235,46,46,2684,0
1774965939633,2290,GET Articles,200,Cenario 2 - Carga Crescente 2-15,true,708072,293,46,46,2289,0
1774965939682,2289,GET Articles,200,Cenario 2 - Carga Crescente 2-30,true,708072,293,46,46,2288,0
1774965939701,2316,GET Articles,200,Cenario 2 - Carga Crescente 2-25,true,708072,293,46,46,2315,0
1774965939422,2664,Login,200,Cenario 2 - Carga Crescente 2-5,true,718,235,47,47,2664,0
1774965939938,2182,GET Articles,200,Cenario 2 - Carga Crescente 2-32,true,708072,293,47,47,2181,0
1774965939941,2208,GET Articles,200,Cenario 2 - Carga Crescente 2-42,true,708072,293,47,47,2207,0
1774965939680,2470,Login,200,Cenario 2 - Carga Crescente 2-43,true,718,235,47,47,2470,0
1774965939980,2221,GET Articles,200,Cenario 2 - Carga Crescente 2-12,true,708072,293,47,47,2220,0
1774965939728,2552,Login,200,Cenario 2 - Carga Crescente 2-2,true,718,235,47,47,2552,0
1774965939976,2445,Login,200,Cenario 2 - Carga Crescente 2-8,true,718,235,47,47,2445,0
1774965940231,2223,GET Articles,200,Cenario 2 - Carga Crescente 2-6,true,708072,293,47,47,2222,0
1774965940009,2459,Login,200,Cenario 2 - Carga Crescente 2-26,true,718,235,47,47,2459,0
1774965940031,2512,Login,200,Cenario 2 - Carga Crescente 2-22,true,718,235,47,47,2512,0
1774965940286,2305,GET Articles,200,Cenario 2 - Carga Crescente 2-20,true,708072,293,47,47,2304,0
1774965940290,2348,GET Articles,200,Cenario 2 - Carga Crescente 2-40,true,708072,293,47,47,2347,0
1774965940258,2464,Login,200,Cenario 2 - Carga Crescente 2-46,true,718,235,47,47,2464,0
1774965940282,2455,Login,200,Cenario 2 - Carga Crescente 2-41,true,718,235,47,47,2455,0
1774965940543,2222,GET Articles,200,Cenario 2 - Carga Crescente 2-16,true,708072,293,47,47,2221,0
1774965940551,2241,GET Articles,200,Cenario 2 - Carga Crescente 2-34,true,708072,293,47,47,2240,0
1774965940650,2167,GET Articles,200,Cenario 2 - Carga Crescente 2-27,true,708072,293,47,47,2167,0
1774965940794,2052,GET Articles,200,Cenario 2 - Carga Crescente 2-36,true,708072,293,47,47,2051,0
1774965940341,2563,Login,200,Cenario 2 - Carga Crescente 2-31,true,718,235,47,47,2563,0
1774965940822,2132,GET Articles,200,Cenario 2 - Carga Crescente 2-38,true,708072,293,47,47,2131,0
1774965940904,2100,GET Articles,200,Cenario 2 - Carga Crescente 2-24,true,708072,293,47,47,2099,0
1774965940387,2617,Login,200,Cenario 2 - Carga Crescente 2-11,true,718,235,47,47,2617,0
1774965941078,1987,GET Articles,200,Cenario 2 - Carga Crescente 2-19,true,708072,293,47,47,1986,0
1774965941079,2031,GET Articles,200,Cenario 2 - Carga Crescente 2-18,true,708073,293,47,47,2030,0
1774965940822,2296,Login,200,Cenario 2 - Carga Crescente 2-4,true,718,235,47,47,2296,0
1774965941172,1997,GET Articles,200,Cenario 2 - Carga Crescente 2-45,true,708072,293,47,47,1995,0
1774965941109,2274,Login,200,Cenario 2 - Carga Crescente 2-39,true,718,235,47,47,2274,0
1774965941131,2258,Login,200,Cenario 2 - Carga Crescente 2-33,true,718,235,47,47,2258,0
1774965941172,2262,Login,200,Cenario 2 - Carga Crescente 2-37,true,718,235,47,47,2262,0
1774965941200,2448,Login,200,Cenario 2 - Carga Crescente 2-35,true,718,235,47,47,2448,0
1774965941236,2429,Login,200,Cenario 2 - Carga Crescente 2-14,true,718,235,47,47,2429,0
1774965941466,2239,GET Articles,200,Cenario 2 - Carga Crescente 2-17,true,708072,293,47,47,2238,0
1774965941283,2422,Login,200,Cenario 2 - Carga Crescente 2-13,true,718,235,47,47,2422,1
1774965941546,2218,GET Articles,200,Cenario 2 - Carga Crescente 2-29,true,708072,293,47,47,2217,0
1774965941569,2219,GET Articles,200,Cenario 2 - Carga Crescente 2-9,true,708073,293,47,47,2217,0
1774965941728,2094,GET Articles,200,Cenario 2 - Carga Crescente 2-23,true,708072,293,47,47,2093,0
1774965941316,2606,Login,200,Cenario 2 - Carga Crescente 2-44,true,718,235,48,48,2606,0
1774965941592,2474,Login,200,Cenario 2 - Carga Crescente 2-21,true,718,235,48,48,2474,0
1774965941813,2280,GET Articles,200,Cenario 2 - Carga Crescente 2-3,true,708072,293,48,48,2279,0
1774965941779,2315,Login,200,Cenario 2 - Carga Crescente 2-1,true,718,235,48,48,2315,0
1774965941866,2255,GET Articles,200,Cenario 2 - Carga Crescente 2-7,true,708072,293,48,48,2254,0
1774965941812,2382,Login,200,Cenario 2 - Carga Crescente 2-28,true,718,235,48,48,2382,0
1774965941923,2459,Login,200,Cenario 2 - Carga Crescente 2-15,true,718,235,48,48,2459,0
1774965941866,2519,Login,200,Cenario 2 - Carga Crescente 2-10,true,718,235,48,48,2519,0
1774965941971,2479,Login,200,Cenario 2 - Carga Crescente 2-30,true,718,235,48,48,2479,0
1774965942087,2413,GET Articles,200,Cenario 2 - Carga Crescente 2-5,true,708072,293,48,48,2413,0
1774965942017,2623,Login,200,Cenario 2 - Carga Crescente 2-25,true,718,235,48,48,2623,0
1774965942057,2589,Login,200,Cenario 2 - Carga Crescente 2-47,true,718,235,48,48,2589,0
1774965942150,2543,GET Articles,200,Cenario 2 - Carga Crescente 2-43,true,708072,293,48,48,2542,0
1774965942120,2639,Login,200,Cenario 2 - Carga Crescente 2-32,true,718,235,48,48,2639,0
1774965942280,2506,GET Articles,200,Cenario 2 - Carga Crescente 2-2,true,708072,293,48,48,2505,0
1774965942421,2403,GET Articles,200,Cenario 2 - Carga Crescente 2-8,true,708072,293,48,48,2402,0
1774965942149,2743,Login,200,Cenario 2 - Carga Crescente 2-42,true,718,235,48,48,2743,0
1774965942468,2459,GET Articles,200,Cenario 2 - Carga Crescente 2-26,true,708072,293,48,48,2459,0
1774965942544,2412,GET Articles,200,Cenario 2 - Carga Crescente 2-22,true,708072,293,48,48,2411,0
1774965942201,2756,Login,200,Cenario 2 - Carga Crescente 2-12,true,718,235,48,48,2756,0
1774965942455,2628,Login,200,Cenario 2 - Carga Crescente 2-6,true,718,235,48,48,2628,0
1774965942722,2410,GET Articles,200,Cenario 2 - Carga Crescente 2-46,true,708072,293,48,48,2410,0
1774965942738,2441,GET Articles,200,Cenario 2 - Carga Crescente 2-41,true,708072,293,48,48,2440,0
1774965942591,2622,Login,200,Cenario 2 - Carga Crescente 2-20,true,718,235,48,48,2622,0
1774965942638,2579,Login,200,Cenario 2 - Carga Crescente 2-40,true,718,235,48,48,2579,0
1774965942765,2668,Login,200,Cenario 2 - Carga Crescente 2-16,true,718,235,48,48,2668,0
1774965942792,2670,Login,200,Cenario 2 - Carga Crescente 2-34,true,718,235,48,48,2670,0
1774965942818,2673,Login,200,Cenario 2 - Carga Crescente 2-27,true,718,235,48,48,2673,0
1774965942904,2588,GET Articles,200,Cenario 2 - Carga Crescente 2-31,true,708072,293,48,48,2584,0
1774965942846,2841,Login,200,Cenario 2 - Carga Crescente 2-36,true,718,235,49,49,2841,0
1774965943005,2729,GET Articles,200,Cenario 2 - Carga Crescente 2-11,true,708072,293,49,49,2728,0
1774965942954,2791,Login,200,Cenario 2 - Carga Crescente 2-38,true,718,235,49,49,2791,0
1774965943004,2743,Login,200,Cenario 2 - Carga Crescente 2-24,true,718,235,49,49,2743,0
1774965943119,2662,GET Articles,200,Cenario 2 - Carga Crescente 2-4,true,708072,293,49,49,2662,0
1774965943065,2931,Login,200,Cenario 2 - Carga Crescente 2-19,true,718,235,49,49,2931,0
1774965943384,2659,GET Articles,200,Cenario 2 - Carga Crescente 2-39,true,708072,293,49,49,2659,0
1774965943110,2934,Login,200,Cenario 2 - Carga Crescente 2-18,true,718,235,49,49,2934,0
1774965943169,2876,Login,200,Cenario 2 - Carga Crescente 2-45,true,718,235,49,49,2876,0
1774965943390,2701,GET Articles,200,Cenario 2 - Carga Crescente 2-33,true,708072,293,49,49,2701,0
1774965943434,2687,GET Articles,200,Cenario 2 - Carga Crescente 2-37,true,708073,293,49,49,2686,0
1774965943648,2502,GET Articles,200,Cenario 2 - Carga Crescente 2-35,true,708073,293,49,49,2501,0
1774965943666,2521,GET Articles,200,Cenario 2 - Carga Crescente 2-14,true,708072,293,49,49,2520,0
1774965943705,2527,GET Articles,200,Cenario 2 - Carga Crescente 2-13,true,708073,293,49,49,2527,0
1774965943705,2709,Login,200,Cenario 2 - Carga Crescente 2-17,true,718,235,49,49,2709,0
1774965943764,2730,Login,200,Cenario 2 - Carga Crescente 2-29,true,718,235,49,49,2730,0
1774965943788,2711,Login,200,Cenario 2 - Carga Crescente 2-9,true,718,235,49,49,2711,0
1774965943922,2601,GET Articles,200,Cenario 2 - Carga Crescente 2-44,true,708072,293,49,49,2601,0
1774965944066,2497,GET Articles,200,Cenario 2 - Carga Crescente 2-21,true,708072,293,49,49,2496,0
1774965943822,2850,Login,200,Cenario 2 - Carga Crescente 2-23,true,718,235,49,49,2850,0
1774965944095,2626,GET Articles,200,Cenario 2 - Carga Crescente 2-1,true,708072,293,49,49,2625,0
1774965943857,2895,Login,200,Cenario 2 - Carga Crescente 2-48,true,718,235,49,49,2895,0
1774965944195,2583,GET Articles,200,Cenario 2 - Carga Crescente 2-28,true,708072,293,49,49,2582,0
1774965944383,2423,GET Articles,200,Cenario 2 - Carga Crescente 2-15,true,708072,293,49,49,2422,0
1774965944385,2449,GET Articles,200,Cenario 2 - Carga Crescente 2-10,true,708072,293,49,49,2448,0
1774965944093,2740,Login,200,Cenario 2 - Carga Crescente 2-3,true,718,235,49,49,2740,0
1774965944450,2438,GET Articles,200,Cenario 2 - Carga Crescente 2-30,true,708072,293,49,49,2437,0
1774965944640,2301,GET Articles,200,Cenario 2 - Carga Crescente 2-25,true,708072,293,49,49,2300,0
1774965944646,2345,GET Articles,200,Cenario 2 - Carga Crescente 2-47,true,708072,293,49,49,2345,0
1774965944121,2872,Login,200,Cenario 2 - Carga Crescente 2-7,true,718,235,49,49,2872,0
1774965944760,2287,GET Articles,200,Cenario 2 - Carga Crescente 2-32,true,708072,293,49,49,2287,0
1774965944501,2613,Login,200,Cenario 2 - Carga Crescente 2-5,true,718,235,49,49,2613,0
1774965944693,2576,Login,200,Cenario 2 - Carga Crescente 2-43,true,718,235,49,49,2576,0
1774965944893,2425,GET Articles,200,Cenario 2 - Carga Crescente 2-42,true,708072,293,49,49,2424,0
1774965944786,2533,Login,200,Cenario 2 - Carga Crescente 2-2,true,718,235,49,49,2533,0
1774965944824,2560,Login,200,Cenario 2 - Carga Crescente 2-8,true,718,235,49,49,2560,0
1774965944957,2474,GET Articles,200,Cenario 2 - Carga Crescente 2-12,true,708072,293,49,49,2474,0
1774965945083,2399,GET Articles,200,Cenario 2 - Carga Crescente 2-6,true,708072,293,50,50,2398,0
1774965944956,2632,Login,200,Cenario 2 - Carga Crescente 2-22,true,718,235,50,50,2632,0
1774965944927,2667,Login,200,Cenario 2 - Carga Crescente 2-26,true,718,235,50,50,2667,0
1774965945213,2410,GET Articles,200,Cenario 2 - Carga Crescente 2-20,true,708072,293,50,50,2409,0
1774965945218,2462,GET Articles,200,Cenario 2 - Carga Crescente 2-40,true,708072,293,50,50,2461,0
1774965945433,2275,GET Articles,200,Cenario 2 - Carga Crescente 2-16,true,708072,293,50,50,2274,0
1774965945463,2294,GET Articles,200,Cenario 2 - Carga Crescente 2-34,true,708072,293,50,50,2293,0
1774965945133,2625,Login,200,Cenario 2 - Carga Crescente 2-46,true,718,235,50,50,2625,0
1774965945492,2312,GET Articles,200,Cenario 2 - Carga Crescente 2-27,true,708072,293,50,50,2311,0
1774965945179,2683,Login,200,Cenario 2 - Carga Crescente 2-41,true,718,235,50,50,2683,0
1774965945688,2224,GET Articles,200,Cenario 2 - Carga Crescente 2-36,true,708072,293,50,50,2223,0
1774965945492,2545,Login,200,Cenario 2 - Carga Crescente 2-31,true,718,235,50,50,2545,0
1774965945746,2342,GET Articles,200,Cenario 2 - Carga Crescente 2-38,true,708072,293,50,50,2341,0
1774965945657,2431,Login,200,Cenario 2 - Carga Crescente 2-49,true,718,235,50,50,2431,1
1774965945747,2399,GET Articles,200,Cenario 2 - Carga Crescente 2-24,true,708072,293,50,50,2398,0
1774965945996,2200,GET Articles,200,Cenario 2 - Carga Crescente 2-19,true,708072,293,50,50,2199,0
1774965945734,2463,Login,200,Cenario 2 - Carga Crescente 2-11,true,718,235,50,50,2463,0
1774965946044,2208,GET Articles,200,Cenario 2 - Carga Crescente 2-18,true,708072,293,50,50,2207,0
1774965946045,2257,GET Articles,200,Cenario 2 - Carga Crescente 2-45,true,708072,293,50,50,2256,0
1774965945782,2581,Login,200,Cenario 2 - Carga Crescente 2-4,true,718,235,50,50,2581,0
1774965946044,2424,Login,200,Cenario 2 - Carga Crescente 2-39,true,718,235,50,50,2424,0
1774965946092,2476,Login,200,Cenario 2 - Carga Crescente 2-33,true,718,235,50,50,2476,0
1774965946121,2513,Login,200,Cenario 2 - Carga Crescente 2-37,true,718,235,50,50,2513,0
1774965946150,2592,Login,200,Cenario 2 - Carga Crescente 2-35,true,718,235,50,50,2592,0
1774965946414,2355,GET Articles,200,Cenario 2 - Carga Crescente 2-17,true,708072,293,50,50,2354,0
1774965946494,2303,GET Articles,200,Cenario 2 - Carga Crescente 2-29,true,708072,293,50,50,2303,0
1774965946499,2352,GET Articles,200,Cenario 2 - Carga Crescente 2-9,true,708072,293,50,50,2351,0
1774965946187,2664,Login,200,Cenario 2 - Carga Crescente 2-14,true,718,235,50,50,2664,0
1774965946233,2679,Login,200,Cenario 2 - Carga Crescente 2-13,true,718,235,50,50,2679,0
1774965946673,2289,GET Articles,200,Cenario 2 - Carga Crescente 2-23,true,708072,293,50,50,2288,0
1774965946563,2568,Login,200,Cenario 2 - Carga Crescente 2-21,true,718,235,50,50,2568,0
1774965946523,2609,Login,200,Cenario 2 - Carga Crescente 2-44,true,718,235,50,50,2609,0
1774965946752,2433,GET Articles,200,Cenario 2 - Carga Crescente 2-48,true,708072,293,50,50,2432,0
1774965946721,2512,Login,200,Cenario 2 - Carga Crescente 2-1,true,718,235,50,50,2512,0
1774965946834,2449,GET Articles,200,Cenario 2 - Carga Crescente 2-3,true,708072,293,50,50,2448,0
1774965946778,2621,Login,200,Cenario 2 - Carga Crescente 2-28,true,718,235,49,49,2621,0
1774965946806,2641,Login,200,Cenario 2 - Carga Crescente 2-15,true,718,235,48,48,2641,1
1774965946834,2711,Login,200,Cenario 2 - Carga Crescente 2-10,true,718,235,47,47,2711,0
1774965946888,2774,Login,200,Cenario 2 - Carga Crescente 2-30,true,718,235,46,46,2774,0
1774965946993,2718,GET Articles,200,Cenario 2 - Carga Crescente 2-7,true,708072,293,45,45,2717,0
1774965946941,2771,Login,200,Cenario 2 - Carga Crescente 2-25,true,718,235,44,44,2771,0
1774965947115,2629,GET Articles,200,Cenario 2 - Carga Crescente 2-5,true,708072,293,43,43,2628,0
1774965947270,2507,GET Articles,200,Cenario 2 - Carga Crescente 2-43,true,708072,293,42,42,2506,0
1774965946992,2824,Login,200,Cenario 2 - Carga Crescente 2-47,true,718,235,41,41,2824,0
1774965947320,2530,GET Articles,200,Cenario 2 - Carga Crescente 2-2,true,708072,293,40,40,2529,0
1774965947384,2497,GET Articles,200,Cenario 2 - Carga Crescente 2-8,true,708072,293,39,39,2496,0
1774965947048,2932,Login,200,Cenario 2 - Carga Crescente 2-32,true,718,235,38,38,2932,0
1774965947318,2725,Login,200,Cenario 2 - Carga Crescente 2-42,true,718,235,37,37,2725,0
1774965947432,2711,Login,200,Cenario 2 - Carga Crescente 2-12,true,718,235,36,36,2711,0
1774965947589,2581,GET Articles,200,Cenario 2 - Carga Crescente 2-22,true,708072,293,35,35,2580,0
1774965947595,2601,GET Articles,200,Cenario 2 - Carga Crescente 2-26,true,708072,293,34,34,2600,0
1774965947456,2788,Login,200,Cenario 2 - Carga Crescente 2-50,true,718,235,33,33,2787,1
1774965947482,2823,Login,200,Cenario 2 - Carga Crescente 2-6,true,718,235,32,32,2823,0
1774965947623,2835,Login,200,Cenario 2 - Carga Crescente 2-20,true,718,235,31,31,2835,0
1774965947680,2828,Login,200,Cenario 2 - Carga Crescente 2-40,true,718,235,30,30,2828,0
1774965947758,2796,GET Articles,200,Cenario 2 - Carga Crescente 2-46,true,708072,293,29,29,2795,0
1774965947708,2861,Login,200,Cenario 2 - Carga Crescente 2-16,true,718,235,28,28,2861,0
1774965947862,2757,GET Articles,200,Cenario 2 - Carga Crescente 2-41,true,708072,293,27,27,2756,0
1774965947757,2961,Login,200,Cenario 2 - Carga Crescente 2-34,true,718,235,26,26,2961,0
1774965948038,2714,GET Articles,200,Cenario 2 - Carga Crescente 2-31,true,708072,293,25,25,2713,0
1774965947804,3010,Login,200,Cenario 2 - Carga Crescente 2-27,true,718,235,24,24,3010,0
1774965948089,2773,GET Articles,200,Cenario 2 - Carga Crescente 2-49,true,708072,293,23,23,2772,0
1774965947912,2965,Login,200,Cenario 2 - Carga Crescente 2-36,true,718,235,22,22,2965,0
1774965948088,2919,Login,200,Cenario 2 - Carga Crescente 2-38,true,718,235,21,21,2919,0
1774965948197,2861,GET Articles,200,Cenario 2 - Carga Crescente 2-11,true,708072,293,20,20,2860,0
1774965948146,2972,Login,200,Cenario 2 - Carga Crescente 2-24,true,718,235,19,19,2972,0
1774965948196,2943,Login,200,Cenario 2 - Carga Crescente 2-19,true,718,235,18,18,2943,0
1774965948364,2811,GET Articles,200,Cenario 2 - Carga Crescente 2-4,true,708072,293,17,17,2810,0
1774965948469,2736,GET Articles,200,Cenario 2 - Carga Crescente 2-39,true,708072,293,16,16,2735,0
1774965948569,2686,GET Articles,200,Cenario 2 - Carga Crescente 2-33,true,708072,293,15,15,2685,0
1774965948635,2667,GET Articles,200,Cenario 2 - Carga Crescente 2-37,true,708072,293,14,14,2667,0
1774965948252,3088,Login,200,Cenario 2 - Carga Crescente 2-18,true,718,235,13,13,3088,0
1774965948743,2598,GET Articles,200,Cenario 2 - Carga Crescente 2-35,true,708072,293,13,13,2597,0
1774965948302,3072,Login,200,Cenario 2 - Carga Crescente 2-45,true,718,235,11,11,3072,0
1774965948797,2799,Login,200,Cenario 2 - Carga Crescente 2-29,true,718,235,10,10,2799,0
1774965948769,2835,Login,200,Cenario 2 - Carga Crescente 2-17,true,718,235,9,9,2835,1
1774965948852,2779,GET Articles,200,Cenario 2 - Carga Crescente 2-14,true,708072,293,8,8,2778,0
1774965948851,2782,Login,200,Cenario 2 - Carga Crescente 2-9,true,718,235,7,7,2782,0
1774965948913,2779,GET Articles,200,Cenario 2 - Carga Crescente 2-13,true,708072,293,6,6,2778,0
1774965949132,2603,GET Articles,200,Cenario 2 - Carga Crescente 2-21,true,708073,293,5,5,2602,0
1774965949132,2657,GET Articles,200,Cenario 2 - Carga Crescente 2-44,true,708072,293,4,4,2657,0
1774965949234,2603,GET Articles,200,Cenario 2 - Carga Crescente 2-1,true,708072,293,3,3,2602,0
1774965948962,2938,Login,200,Cenario 2 - Carga Crescente 2-23,true,718,235,2,2,2938,0
1774965949185,2817,Login,200,Cenario 2 - Carga Crescente 2-48,true,718,235,1,1,2817,0
1774965952005,259,Login,200,Cenario 3 - Pico de Requisicoes 3-1,true,718,235,6,6,259,0
1774965952054,259,Login,200,Cenario 3 - Pico de Requisicoes 3-2,true,718,235,7,7,259,1
1774965952105,262,Login,200,Cenario 3 - Pico de Requisicoes 3-3,true,718,235,8,8,262,0
1774965952155,371,Login,200,Cenario 3 - Pico de Requisicoes 3-4,true,718,235,11,11,371,1
1774965952264,293,GET Articles,200,Cenario 3 - Pico de Requisicoes 3-1,true,708072,293,12,12,292,0
1774965952204,363,Login,200,Cenario 3 - Pico de Requisicoes 3-5,true,718,235,12,12,363,1
1774965952314,281,GET Articles,200,Cenario 3 - Pico de Requisicoes 3-2,true,708072,293,12,12,280,0
1774965952255,371,Login,200,Cenario 3 - Pico de Requisicoes 3-6,true,718,235,13,13,371,0
1774965952368,306,GET Articles,200,Cenario 3 - Pico de Requisicoes 3-3,true,708072,293,14,14,305,0
1774965952305,534,Login,200,Cenario 3 - Pico de Requisicoes 3-7,true,718,235,17,17,534,0
1774965952354,519,Login,200,Cenario 3 - Pico de Requisicoes 3-8,true,718,235,18,18,519,0
1774965952404,553,Login,200,Cenario 3 - Pico de Requisicoes 3-9,true,718,235,20,20,553,1
1774965952527,464,GET Articles,200,Cenario 3 - Pico de Requisicoes 3-4,true,708072,293,20,20,463,0
1774965952454,674,Login,200,Cenario 3 - Pico de Requisicoes 3-10,true,718,235,23,23,674,1
1774965952504,658,Login,200,Cenario 3 - Pico de Requisicoes 3-11,true,718,235,24,24,658,1
1774965952568,631,GET Articles,200,Cenario 3 - Pico de Requisicoes 3-5,true,708072,293,24,24,631,0
1774965952555,712,Login,200,Cenario 3 - Pico de Requisicoes 3-12,true,718,235,26,26,712,0
1774965952557,847,Login,200,Cenario 3 - Pico de Requisicoes 3-1,true,718,235,29,29,847,0
1774965952627,827,GET Articles,200,Cenario 3 - Pico de Requisicoes 3-6,true,708072,293,30,30,826,0
1774965952595,877,Login,200,Cenario 3 - Pico de Requisicoes 3-2,true,718,235,30,30,877,0
1774965952605,935,Login,200,Cenario 3 - Pico de Requisicoes 3-13,true,718,235,31,31,935,0
1774965952654,1067,Login,200,Cenario 3 - Pico de Requisicoes 3-14,true,718,235,35,35,1067,1
1774965952674,1064,Login,200,Cenario 3 - Pico de Requisicoes 3-3,true,718,235,35,35,1064,0
1774965952704,1100,Login,200,Cenario 3 - Pico de Requisicoes 3-15,true,718,235,36,36,1100,1
1774965952840,991,GET Articles,200,Cenario 3 - Pico de Requisicoes 3-7,true,708072,293,37,37,991,0
1774965952755,1230,Login,200,Cenario 3 - Pico de Requisicoes 3-16,true,718,235,40,40,1230,6
1774965952873,1158,GET Articles,200,Cenario 3 - Pico de Requisicoes 3-8,true,708072,293,41,41,1157,0
1774965952805,1226,Login,200,Cenario 3 - Pico de Requisicoes 3-17,true,718,235,41,41,1226,0
1774965952855,1246,Login,200,Cenario 3 - Pico de Requisicoes 3-18,true,718,235,42,42,1246,1
1774965952958,1183,GET Articles,200,Cenario 3 - Pico de Requisicoes 3-9,true,708072,293,43,43,1182,0
1774965952954,1348,Login,200,Cenario 3 - Pico de Requisicoes 3-20,true,718,235,46,46,1348,1
1774965952905,1399,Login,200,Cenario 3 - Pico de Requisicoes 3-19,true,718,235,46,46,1399,0
1774965952991,1412,Login,200,Cenario 3 - Pico de Requisicoes 3-4,true,718,235,48,48,1412,0
1774965953055,1513,Login,200,Cenario 3 - Pico de Requisicoes 3-22,true,718,235,52,52,1513,0
1774965953004,1569,Login,200,Cenario 3 - Pico de Requisicoes 3-21,true,718,235,52,52,1569,1
1774965953129,1469,GET Articles,200,Cenario 3 - Pico de Requisicoes 3-10,true,708072,293,52,52,1468,0
1774965953163,1490,GET Articles,200,Cenario 3 - Pico de Requisicoes 3-11,true,708072,293,53,53,1489,0
1774965953105,1559,Login,200,Cenario 3 - Pico de Requisicoes 3-23,true,718,235,54,54,1559,0
1774965953155,1701,Login,200,Cenario 3 - Pico de Requisicoes 3-24,true,718,235,58,58,1701,1
1774965953200,1713,Login,200,Cenario 3 - Pico de Requisicoes 3-5,true,718,235,59,59,1713,0
1774965953268,1679,GET Articles,200,Cenario 3 - Pico de Requisicoes 3-12,true,708072,293,59,59,1679,0
1774965953205,1742,Login,200,Cenario 3 - Pico de Requisicoes 3-25,true,718,235,59,59,1742,0
1774965953254,1859,Login,200,Cenario 3 - Pico de Requisicoes 3-26,true,718,235,63,63,1859,0
1774965953305,1898,Login,200,Cenario 3 - Pico de Requisicoes 3-27,true,718,235,64,64,1898,1
1774965953355,1850,Login,200,Cenario 3 - Pico de Requisicoes 3-28,true,718,235,65,65,1850,0
1774965953404,1837,GET Articles,200,Cenario 3 - Pico de Requisicoes 3-1,true,708072,293,65,65,1837,0
1774965953404,1962,Login,200,Cenario 3 - Pico de Requisicoes 3-29,true,718,235,68,68,1962,0
1774965953473,1924,GET Articles,200,Cenario 3 - Pico de Requisicoes 3-2,true,708072,293,68,68,1923,0
1774965953454,2012,Login,200,Cenario 3 - Pico de Requisicoes 3-6,true,718,235,70,70,2012,0
1774965953540,1975,GET Articles,200,Cenario 3 - Pico de Requisicoes 3-13,true,708072,293,71,71,1974,0
1774965953454,2061,Login,200,Cenario 3 - Pico de Requisicoes 3-30,true,718,235,71,71,2061,1
1774965953504,2149,Login,200,Cenario 3 - Pico de Requisicoes 3-31,true,718,235,73,73,2149,1
1774965953604,2170,Login,200,Cenario 3 - Pico de Requisicoes 3-33,true,718,235,76,76,2170,1
1774965953554,2227,Login,200,Cenario 3 - Pico de Requisicoes 3-32,true,718,235,76,76,2227,1
1774965953721,2087,GET Articles,200,Cenario 3 - Pico de Requisicoes 3-14,true,708072,293,77,77,2087,0
1774965953739,2108,GET Articles,200,Cenario 3 - Pico de Requisicoes 3-3,true,708072,293,77,77,2107,0
1774965953655,2264,Login,200,Cenario 3 - Pico de Requisicoes 3-34,true,718,235,79,79,2264,0
1774965953805,2165,GET Articles,200,Cenario 3 - Pico de Requisicoes 3-15,true,708072,293,80,80,2164,0
1774965953705,2346,Login,200,Cenario 3 - Pico de Requisicoes 3-35,true,718,235,81,81,2346,0
1774965953755,2369,Login,200,Cenario 3 - Pico de Requisicoes 3-36,true,718,235,83,83,2369,0
1774965953805,2436,Login,200,Cenario 3 - Pico de Requisicoes 3-37,true,718,235,85,85,2436,0
1774965953832,2485,Login,200,Cenario 3 - Pico de Requisicoes 3-7,true,718,235,87,87,2485,0
1774965953855,2535,Login,200,Cenario 3 - Pico de Requisicoes 3-38,true,718,235,88,88,2535,0
1774965953985,2445,GET Articles,200,Cenario 3 - Pico de Requisicoes 3-16,true,708072,293,89,89,2444,0
1774965953904,2599,Login,200,Cenario 3 - Pico de Requisicoes 3-39,true,718,235,90,90,2599,0
1774965954031,2511,GET Articles,200,Cenario 3 - Pico de Requisicoes 3-17,true,708072,293,91,91,2510,0
1774965953954,2621,Login,200,Cenario 3 - Pico de Requisicoes 3-40,true,718,235,92,92,2621,0
1774965954004,2682,Login,200,Cenario 3 - Pico de Requisicoes 3-41,true,718,235,94,94,2682,1
1774965954102,2625,GET Articles,200,Cenario 3 - Pico de Requisicoes 3-18,true,708072,293,95,95,2624,0
1774965954031,2763,Login,200,Cenario 3 - Pico de Requisicoes 3-8,true,718,235,96,96,2763,0
1774965954054,2776,Login,200,Cenario 3 - Pico de Requisicoes 3-42,true,718,235,97,97,2776,1
1774965954104,2877,Login,200,Cenario 3 - Pico de Requisicoes 3-43,true,718,235,100,100,2877,1
1774965954141,2907,Login,200,Cenario 3 - Pico de Requisicoes 3-9,true,718,235,100,100,2907,0
1774965954155,2928,Login,200,Cenario 3 - Pico de Requisicoes 3-44,true,718,235,100,100,2928,0
1774965954303,2810,GET Articles,200,Cenario 3 - Pico de Requisicoes 3-20,true,708072,293,100,100,2809,0
1774965954305,2846,GET Articles,200,Cenario 3 - Pico de Requisicoes 3-19,true,708072,293,100,100,2845,0
1774965954204,3031,Login,200,Cenario 3 - Pico de Requisicoes 3-45,true,718,235,100,100,3031,0
1774965954255,3046,Login,200,Cenario 3 - Pico de Requisicoes 3-46,true,718,235,100,100,3046,0
1774965954403,2930,GET Articles,200,Cenario 3 - Pico de Requisicoes 3-4,true,708072,293,100,100,2929,0
1774965954305,3098,Login,200,Cenario 3 - Pico de Requisicoes 3-47,true,718,235,100,100,3098,0
1774965954354,3136,Login,200,Cenario 3 - Pico de Requisicoes 3-48,true,718,235,100,100,3136,0
1774965954404,3186,Login,200,Cenario 3 - Pico de Requisicoes 3-49,true,718,235,100,100,3186,0
1774965954454,3209,Login,200,Cenario 3 - Pico de Requisicoes 3-50,true,718,235,100,100,3209,1
1774965954569,3120,GET Articles,200,Cenario 3 - Pico de Requisicoes 3-22,true,708072,293,100,100,3119,0
1774965954573,3144,GET Articles,200,Cenario 3 - Pico de Requisicoes 3-21,true,708072,293,100,100,3143,0
1774965954504,3247,Login,200,Cenario 3 - Pico de Requisicoes 3-51,true,718,235,100,100,3247,1
1774965954554,3300,Login,200,Cenario 3 - Pico de Requisicoes 3-52,true,718,235,100,100,3300,0
1774965954598,3374,Login,200,Cenario 3 - Pico de Requisicoes 3-10,true,718,235,100,100,3374,0
1774965954605,3401,Login,200,Cenario 3 - Pico de Requisicoes 3-53,true,718,235,100,100,3401,0
1774965954664,3367,GET Articles,200,Cenario 3 - Pico de Requisicoes 3-23,true,708072,293,100,100,3366,0
1774965954653,3464,Login,200,Cenario 3 - Pico de Requisicoes 3-11,true,718,235,100,100,3464,0
1774965954655,3569,Login,200,Cenario 3 - Pico de Requisicoes 3-54,true,718,235,100,100,3569,0
1774965954704,3579,Login,200,Cenario 3 - Pico de Requisicoes 3-55,true,718,235,100,100,3579,0
1774965954754,3625,Login,200,Cenario 3 - Pico de Requisicoes 3-56,true,718,235,100,100,3625,1
1774965954856,3569,GET Articles,200,Cenario 3 - Pico de Requisicoes 3-24,true,708072,293,100,100,3568,0
1774965954804,3672,Login,200,Cenario 3 - Pico de Requisicoes 3-57,true,718,235,100,100,3672,1
1774965954913,3590,GET Articles,200,Cenario 3 - Pico de Requisicoes 3-5,true,708072,293,100,100,3590,0
1774965954948,3582,GET Articles,200,Cenario 3 - Pico de Requisicoes 3-25,true,708072,293,100,100,3581,0
1774965954854,3686,Login,200,Cenario 3 - Pico de Requisicoes 3-58,true,718,235,100,100,3686,1
1774965954904,3784,Login,200,Cenario 3 - Pico de Requisicoes 3-59,true,718,235,100,100,3784,1
1774965954948,3843,Login,200,Cenario 3 - Pico de Requisicoes 3-12,true,718,235,100,100,3843,0
1774965954955,3849,Login,200,Cenario 3 - Pico de Requisicoes 3-60,true,718,235,100,100,3848,0
1774965955005,3945,Login,200,Cenario 3 - Pico de Requisicoes 3-61,true,718,235,100,100,3945,0
1774965955114,3861,GET Articles,200,Cenario 3 - Pico de Requisicoes 3-26,true,708072,293,100,100,3860,0
1774965955054,4001,Login,200,Cenario 3 - Pico de Requisicoes 3-62,true,718,235,100,100,4001,0
1774965955204,3882,GET Articles,200,Cenario 3 - Pico de Requisicoes 3-27,true,708072,293,100,100,3881,0
1774965955105,3981,Login,200,Cenario 3 - Pico de Requisicoes 3-63,true,718,235,100,100,3981,0
1774965955206,3935,GET Articles,200,Cenario 3 - Pico de Requisicoes 3-28,true,708072,293,100,100,3934,0
1774965955154,4084,Login,200,Cenario 3 - Pico de Requisicoes 3-64,true,718,235,100,100,4084,0
1774965955204,4150,Login,200,Cenario 3 - Pico de Requisicoes 3-65,true,718,235,100,100,4150,0
1774965955241,4158,Login,200,Cenario 3 - Pico de Requisicoes 3-1,true,718,235,100,100,4158,0
1774965955254,4237,Login,200,Cenario 3 - Pico de Requisicoes 3-66,true,718,235,100,100,4237,1
1774965955366,4152,GET Articles,200,Cenario 3 - Pico de Requisicoes 3-29,true,708072,293,100,100,4151,0
1774965955304,4311,Login,200,Cenario 3 - Pico de Requisicoes 3-67,true,718,235,100,100,4311,1
1774965955354,4299,Login,200,Cenario 3 - Pico de Requisicoes 3-68,true,718,235,100,100,4299,0
1774965955397,4373,Login,200,Cenario 3 - Pico de Requisicoes 3-2,true,718,235,100,100,4373,0
1774965955466,4339,GET Articles,200,Cenario 3 - Pico de Requisicoes 3-6,true,708072,293,100,100,4338,0
1774965955404,4465,Login,200,Cenario 3 - Pico de Requisicoes 3-69,true,718,235,100,100,4465,1
1774965955515,4398,GET Articles,200,Cenario 3 - Pico de Requisicoes 3-30,true,708072,293,100,100,4397,0
1774965955454,4459,Login,200,Cenario 3 - Pico de Requisicoes 3-70,true,718,235,100,100,4459,0
1774965955504,4553,Login,200,Cenario 3 - Pico de Requisicoes 3-71,true,718,235,100,100,4553,0
1774965955555,4613,Login,200,Cenario 3 - Pico de Requisicoes 3-72,true,718,235,100,100,4613,0
1774965955515,4655,Login,200,Cenario 3 - Pico de Requisicoes 3-13,true,718,235,100,100,4655,0
1774965955654,4562,GET Articles,200,Cenario 3 - Pico de Requisicoes 3-31,true,708072,293,100,100,4561,0
1774965955605,4711,Login,200,Cenario 3 - Pico de Requisicoes 3-73,true,718,235,100,100,4711,1
1774965955654,4783,Login,200,Cenario 3 - Pico de Requisicoes 3-74,true,718,235,100,100,4783,0
1774965955774,4697,GET Articles,200,Cenario 3 - Pico de Requisicoes 3-33,true,708072,293,100,100,4696,0
1774965955782,4714,GET Articles,200,Cenario 3 - Pico de Requisicoes 3-32,true,708072,293,100,100,4713,0
1774965955704,4791,Login,200,Cenario 3 - Pico de Requisicoes 3-75,true,718,235,100,100,4791,0
1774965955754,4824,Login,200,Cenario 3 - Pico de Requisicoes 3-76,true,718,235,100,100,4824,1
1774965955809,4947,Login,200,Cenario 3 - Pico de Requisicoes 3-14,true,718,235,100,100,4947,0
1774965955804,4955,Login,200,Cenario 3 - Pico de Requisicoes 3-77,true,718,235,100,100,4955,1
1774965955847,4994,Login,200,Cenario 3 - Pico de Requisicoes 3-3,true,718,235,100,100,4994,0
1774965955919,4953,GET Articles,200,Cenario 3 - Pico de Requisicoes 3-34,true,708072,293,100,100,4952,0
1774965955854,5157,Login,200,Cenario 3 - Pico de Requisicoes 3-78,true,718,235,100,100,5157,1
1774965955904,5117,Login,200,Cenario 3 - Pico de Requisicoes 3-79,true,718,235,100,100,5117,0
1774965955955,5169,Login,200,Cenario 3 - Pico de Requisicoes 3-80,true,718,235,100,100,5169,0
1774965956051,5120,GET Articles,200,Cenario 3 - Pico de Requisicoes 3-35,true,708072,293,100,100,5119,0
1774965955970,5294,Login,200,Cenario 3 - Pico de Requisicoes 3-15,true,718,235,100,100,5294,0
1774965956005,5269,Login,200,Cenario 3 - Pico de Requisicoes 3-81,true,718,235,100,100,5269,0
1774965956125,5181,GET Articles,200,Cenario 3 - Pico de Requisicoes 3-36,true,708072,293,100,100,5181,0
1774965956055,5371,Login,200,Cenario 3 - Pico de Requisicoes 3-82,true,718,235,100,100,5371,1
1774965956104,5420,Login,200,Cenario 3 - Pico de Requisicoes 3-83,true,718,235,100,100,5420,1
1774965956154,5419,Login,200,Cenario 3 - Pico de Requisicoes 3-84,true,718,235,100,100,5419,1
1774965956242,5331,GET Articles,200,Cenario 3 - Pico de Requisicoes 3-37,true,708072,293,100,100,5325,0
1774965956204,5475,Login,200,Cenario 3 - Pico de Requisicoes 3-85,true,718,235,100,100,5475,1
1774965956317,5391,GET Articles,200,Cenario 3 - Pico de Requisicoes 3-7,true,708072,293,100,100,5390,0
1774965956255,5575,Login,200,Cenario 3 - Pico de Requisicoes 3-86,true,718,235,100,100,5575,0
1774965956304,5527,Login,200,Cenario 3 - Pico de Requisicoes 3-87,true,718,235,100,100,5527,0
1774965956391,5497,GET Articles,200,Cenario 3 - Pico de Requisicoes 3-38,true,708072,293,100,100,5496,0
1774965956354,5608,Login,200,Cenario 3 - Pico de Requisicoes 3-88,true,718,235,100,100,5608,0
1774965956405,5691,Login,200,Cenario 3 - Pico de Requisicoes 3-89,true,718,235,100,100,5691,4
1774965956504,5639,GET Articles,200,Cenario 3 - Pico de Requisicoes 3-39,true,708072,293,100,100,5638,0
1774965956430,5718,Login,200,Cenario 3 - Pico de Requisicoes 3-16,true,718,235,100,100,5718,0
1774965956455,5763,Login,200,Cenario 3 - Pico de Requisicoes 3-90,true,718,235,100,100,5763,0
1774965956504,5894,Login,200,Cenario 3 - Pico de Requisicoes 3-91,true,718,235,100,100,5894,0
1774965956542,5861,Login,200,Cenario 3 - Pico de Requisicoes 3-17,true,718,235,100,100,5861,0
1774965956576,5852,GET Articles,200,Cenario 3 - Pico de Requisicoes 3-40,true,708072,293,100,100,5851,0
1774965956554,5921,Login,200,Cenario 3 - Pico de Requisicoes 3-92,true,718,235,100,100,5921,0
1774965956686,5820,GET Articles,200,Cenario 3 - Pico de Requisicoes 3-41,true,708072,293,100,100,5820,0
1774965956604,6079,Login,200,Cenario 3 - Pico de Requisicoes 3-93,true,718,235,100,100,6079,1
1774965956654,6037,Login,200,Cenario 3 - Pico de Requisicoes 3-94,true,718,235,100,100,6037,1
1774965956704,6055,Login,200,Cenario 3 - Pico de Requisicoes 3-95,true,718,235,100,100,6055,1
1774965956795,6008,GET Articles,200,Cenario 3 - Pico de Requisicoes 3-8,true,708072,293,100,100,6008,0
1774965956727,6209,Login,200,Cenario 3 - Pico de Requisicoes 3-18,true,718,235,100,100,6209,0
1774965956830,6136,GET Articles,200,Cenario 3 - Pico de Requisicoes 3-42,true,708072,293,100,100,6135,0
1774965956754,6212,Login,200,Cenario 3 - Pico de Requisicoes 3-96,true,718,235,100,100,6212,1
1774965956804,6255,Login,200,Cenario 3 - Pico de Requisicoes 3-97,true,718,235,100,100,6255,0
1774965956854,6371,Login,200,Cenario 3 - Pico de Requisicoes 3-98,true,718,235,100,100,6371,0
1774965956905,6322,Login,200,Cenario 3 - Pico de Requisicoes 3-99,true,718,235,100,100,6322,0
1774965956982,6283,GET Articles,200,Cenario 3 - Pico de Requisicoes 3-43,true,708072,293,100,100,6282,0
1774965957049,6241,GET Articles,200,Cenario 3 - Pico de Requisicoes 3-9,true,708073,293,100,100,6240,0
1774965957084,6245,GET Articles,200,Cenario 3 - Pico de Requisicoes 3-44,true,708072,293,100,100,6244,0
1774965956955,6374,Login,200,Cenario 3 - Pico de Requisicoes 3-100,true,718,235,100,100,6374,0
1774965957236,6146,GET Articles,200,Cenario 3 - Pico de Requisicoes 3-45,true,708072,293,100,100,6145,0
1774965957302,6132,GET Articles,200,Cenario 3 - Pico de Requisicoes 3-46,true,708072,293,100,100,6131,0
1774965957113,6443,Login,200,Cenario 3 - Pico de Requisicoes 3-20,true,718,235,100,100,6443,0
1774965957403,6202,GET Articles,200,Cenario 3 - Pico de Requisicoes 3-47,true,708072,293,100,100,6201,0
1774965957151,6454,Login,200,Cenario 3 - Pico de Requisicoes 3-19,true,718,235,100,100,6454,0
1774965957590,6058,GET Articles,200,Cenario 3 - Pico de Requisicoes 3-49,true,708072,293,100,100,6057,0
1774965957491,6187,GET Articles,200,Cenario 3 - Pico de Requisicoes 3-48,true,708073,293,100,100,6187,0
1774965957664,6045,GET Articles,200,Cenario 3 - Pico de Requisicoes 3-50,true,708072,293,100,100,6045,0
1774965957333,6377,Login,200,Cenario 3 - Pico de Requisicoes 3-4,true,718,235,100,100,6377,0
1774965957752,6009,GET Articles,200,Cenario 3 - Pico de Requisicoes 3-51,true,708072,293,100,100,6008,0
1774965957855,5956,GET Articles,200,Cenario 3 - Pico de Requisicoes 3-52,true,708072,293,100,100,5955,0
1774965957972,5873,GET Articles,200,Cenario 3 - Pico de Requisicoes 3-10,true,708072,293,100,100,5873,0
1774965958006,5870,GET Articles,200,Cenario 3 - Pico de Requisicoes 3-53,true,708072,293,100,100,5870,0
1774965957689,6256,Login,200,Cenario 3 - Pico de Requisicoes 3-22,true,718,235,100,100,6256,0
1774965958118,5879,GET Articles,200,Cenario 3 - Pico de Requisicoes 3-11,true,708072,293,100,100,5878,0
1774965957717,6280,Login,200,Cenario 3 - Pico de Requisicoes 3-21,true,718,235,100,100,6280,0
1774965958225,5806,GET Articles,200,Cenario 3 - Pico de Requisicoes 3-54,true,708072,293,100,100,5806,0
1774965958283,5776,GET Articles,200,Cenario 3 - Pico de Requisicoes 3-55,true,708073,293,100,100,5776,0
1774965958380,5735,GET Articles,200,Cenario 3 - Pico de Requisicoes 3-56,true,708072,293,100,100,5735,0
1774965958476,5683,GET Articles,200,Cenario 3 - Pico de Requisicoes 3-57,true,708072,293,100,100,5682,0
1774965958031,6129,Login,200,Cenario 3 - Pico de Requisicoes 3-23,true,718,235,100,100,6129,0
1774965958426,5900,Login,200,Cenario 3 - Pico de Requisicoes 3-24,true,718,235,100,100,5900,0
1774965958541,5817,GET Articles,200,Cenario 3 - Pico de Requisicoes 3-58,true,708072,293,100,100,5817,0
1774965958689,5700,GET Articles,200,Cenario 3 - Pico de Requisicoes 3-59,true,708072,293,100,100,5699,0
1774965958792,5629,GET Articles,200,Cenario 3 - Pico de Requisicoes 3-12,true,708072,293,100,100,5628,0
1774965958503,5919,Login,200,Cenario 3 - Pico de Requisicoes 3-5,true,718,235,100,100,5919,0
1774965958530,5896,Login,200,Cenario 3 - Pico de Requisicoes 3-25,true,718,235,100,100,5896,0
1774965958804,5659,GET Articles,200,Cenario 3 - Pico de Requisicoes 3-60,true,708072,293,100,100,5658,0
1774965958951,5546,GET Articles,200,Cenario 3 - Pico de Requisicoes 3-61,true,708073,293,100,100,5545,0
1774965959056,5488,GET Articles,200,Cenario 3 - Pico de Requisicoes 3-62,true,708072,293,100,100,5487,0
1774965959087,5504,GET Articles,200,Cenario 3 - Pico de Requisicoes 3-63,true,708073,293,100,100,5503,0
1774965958975,5750,Login,200,Cenario 3 - Pico de Requisicoes 3-26,true,718,235,100,100,5750,0
1774965959238,5536,GET Articles,200,Cenario 3 - Pico de Requisicoes 3-64,true,708072,293,100,100,5536,0
1774965959354,5467,GET Articles,200,Cenario 3 - Pico de Requisicoes 3-65,true,708072,293,100,100,5466,0
1774965959400,5473,GET Articles,200,Cenario 3 - Pico de Requisicoes 3-1,true,708072,293,100,100,5472,0
1774965959087,5786,Login,200,Cenario 3 - Pico de Requisicoes 3-27,true,718,235,100,100,5786,0
1774965959142,5732,Login,200,Cenario 3 - Pico de Requisicoes 3-28,true,718,235,100,100,5732,0
1774965959491,5444,GET Articles,200,Cenario 3 - Pico de Requisicoes 3-66,true,708072,293,100,100,5443,0
1774965959616,5365,GET Articles,200,Cenario 3 - Pico de Requisicoes 3-67,true,708073,293,100,100,5365,0
1774965959653,5383,GET Articles,200,Cenario 3 - Pico de Requisicoes 3-68,true,708072,293,100,100,5382,0
1774965959771,5308,GET Articles,200,Cenario 3 - Pico de Requisicoes 3-2,true,708073,293,100,100,5308,0
1774965959869,5266,GET Articles,200,Cenario 3 - Pico de Requisicoes 3-69,true,708072,293,100,100,5266,0
1774965959518,5629,Login,200,Cenario 3 - Pico de Requisicoes 3-29,true,718,235,100,100,5629,0
1774965959913,5264,GET Articles,200,Cenario 3 - Pico de Requisicoes 3-70,true,708072,293,100,100,5264,0
1774965960058,5150,GET Articles,200,Cenario 3 - Pico de Requisicoes 3-71,true,708072,293,100,100,5150,0
1774965960169,5084,GET Articles,200,Cenario 3 - Pico de Requisicoes 3-72,true,708072,293,100,100,5083,0
1774965960170,5132,GET Articles,200,Cenario 3 - Pico de Requisicoes 3-13,true,708072,293,100,100,5131,0
1774965959805,5544,Login,200,Cenario 3 - Pico de Requisicoes 3-6,true,718,235,100,100,5544,0
1774965960317,5084,GET Articles,200,Cenario 3 - Pico de Requisicoes 3-73,true,708072,293,100,100,5083,0
1774965959913,5491,Login,200,Cenario 3 - Pico de Requisicoes 3-30,true,718,235,100,100,5491,0
1774965960438,5018,GET Articles,200,Cenario 3 - Pico de Requisicoes 3-74,true,708072,293,100,100,5017,0
1774965960496,5011,GET Articles,200,Cenario 3 - Pico de Requisicoes 3-75,true,708072,293,100,100,5010,0
1774965960216,5361,Login,200,Cenario 3 - Pico de Requisicoes 3-31,true,718,235,100,100,5361,0
1774965960578,5032,GET Articles,200,Cenario 3 - Pico de Requisicoes 3-76,true,708072,293,100,100,5031,0
1774965960756,4891,GET Articles,200,Cenario 3 - Pico de Requisicoes 3-14,true,708072,293,100,100,4891,0
1774965960759,4922,GET Articles,200,Cenario 3 - Pico de Requisicoes 3-77,true,708072,293,100,100,4922,0
1774965960841,4884,GET Articles,200,Cenario 3 - Pico de Requisicoes 3-3,true,708072,293,100,100,4883,0
1774965960471,5255,Login,200,Cenario 3 - Pico de Requisicoes 3-33,true,719,235,100,100,5255,0
1774965961011,4769,GET Articles,200,Cenario 3 - Pico de Requisicoes 3-78,true,708072,293,100,100,4769,0
1774965960496,5285,Login,200,Cenario 3 - Pico de Requisicoes 3-32,true,718,235,100,100,5285,0
1774965961021,4817,GET Articles,200,Cenario 3 - Pico de Requisicoes 3-79,true,708072,293,100,100,4816,0
1774965961125,4748,GET Articles,200,Cenario 3 - Pico de Requisicoes 3-80,true,708073,293,100,100,4747,0
1774965961264,4666,GET Articles,200,Cenario 3 - Pico de Requisicoes 3-15,true,708072,293,100,100,4665,0
1774965961274,4706,GET Articles,200,Cenario 3 - Pico de Requisicoes 3-81,true,708072,293,100,100,4705,0
1774965960872,5130,Login,200,Cenario 3 - Pico de Requisicoes 3-34,true,718,235,100,100,5130,0
1774965961426,4606,GET Articles,200,Cenario 3 - Pico de Requisicoes 3-82,true,708072,293,100,100,4605,0
1774965961525,4557,GET Articles,200,Cenario 3 - Pico de Requisicoes 3-83,true,708072,293,100,100,4557,0
1774965961573,4561,GET Articles,200,Cenario 3 - Pico de Requisicoes 3-84,true,708072,293,100,100,4560,0
1774965961171,4971,Login,200,Cenario 3 - Pico de Requisicoes 3-35,true,718,235,100,100,4971,0
1774965961679,4515,GET Articles,200,Cenario 3 - Pico de Requisicoes 3-85,true,708072,293,100,100,4514,0
1774965961307,4949,Login,200,Cenario 3 - Pico de Requisicoes 3-36,true,718,235,100,100,4949,0
1774965961830,4475,GET Articles,200,Cenario 3 - Pico de Requisicoes 3-86,true,708072,293,100,100,4474,0
1774965961832,4525,GET Articles,200,Cenario 3 - Pico de Requisicoes 3-87,true,708072,293,100,100,4524,0
1774965961573,4834,Login,200,Cenario 3 - Pico de Requisicoes 3-37,true,718,235,100,100,4834,0
1774965961963,4471,GET Articles,200,Cenario 3 - Pico de Requisicoes 3-88,true,708072,293,100,100,4470,0
1774965962096,4366,GET Articles,200,Cenario 3 - Pico de Requisicoes 3-89,true,708072,293,100,100,4366,0
1774965961708,4759,Login,200,Cenario 3 - Pico de Requisicoes 3-7,true,718,235,100,100,4759,0
1774965962148,4370,GET Articles,200,Cenario 3 - Pico de Requisicoes 3-16,true,708072,293,100,100,4369,0
1774965962218,4350,GET Articles,200,Cenario 3 - Pico de Requisicoes 3-90,true,708072,293,100,100,4349,0
1774965962398,4223,GET Articles,200,Cenario 3 - Pico de Requisicoes 3-91,true,708072,293,100,100,4222,0
1774965962404,4271,GET Articles,200,Cenario 3 - Pico de Requisicoes 3-17,true,708072,293,100,100,4270,0
1774965961888,4787,Login,200,Cenario 3 - Pico de Requisicoes 3-38,true,718,235,100,100,4787,0
1774965962475,4262,GET Articles,200,Cenario 3 - Pico de Requisicoes 3-92,true,708072,293,100,100,4261,0
1774965962143,4598,Login,200,Cenario 3 - Pico de Requisicoes 3-39,true,718,235,100,100,4598,0
1774965962683,4098,GET Articles,200,Cenario 3 - Pico de Requisicoes 3-93,true,708072,293,100,100,4097,0
1774965962691,4126,GET Articles,200,Cenario 3 - Pico de Requisicoes 3-94,true,708072,293,100,100,4125,0
1774965962760,4091,GET Articles,200,Cenario 3 - Pico de Requisicoes 3-95,true,708072,293,100,100,4090,0
1774965962428,4534,Login,200,Cenario 3 - Pico de Requisicoes 3-40,true,718,235,100,100,4534,0
1774965962936,4057,GET Articles,200,Cenario 3 - Pico de Requisicoes 3-18,true,708072,293,100,100,4056,0
1774965962967,4061,GET Articles,200,Cenario 3 - Pico de Requisicoes 3-96,true,708072,293,100,100,4060,0
1774965962507,4521,Login,200,Cenario 3 - Pico de Requisicoes 3-41,true,718,235,100,100,4521,0
1774965963059,4029,GET Articles,200,Cenario 3 - Pico de Requisicoes 3-97,true,708072,293,100,100,4028,0
1774965963226,3913,GET Articles,200,Cenario 3 - Pico de Requisicoes 3-98,true,708072,293,100,100,3912,0
1774965962804,4335,Login,200,Cenario 3 - Pico de Requisicoes 3-8,true,718,235,100,100,4335,0
1774965963227,3972,GET Articles,200,Cenario 3 - Pico de Requisicoes 3-99,true,708072,293,100,100,3971,0
1774965962967,4341,Login,200,Cenario 3 - Pico de Requisicoes 3-42,true,718,235,100,100,4341,0
1774965963265,4150,Login,200,Cenario 3 - Pico de Requisicoes 3-43,true,718,235,100,100,4150,0
1774965963330,4134,GET Articles,200,Cenario 3 - Pico de Requisicoes 3-100,true,708072,293,100,100,4133,0
1774965963290,4178,Login,200,Cenario 3 - Pico de Requisicoes 3-9,true,718,235,100,100,4178,0
1774965963329,4241,Login,200,Cenario 3 - Pico de Requisicoes 3-44,true,718,235,100,100,4241,0
1774965963557,4063,GET Articles,200,Cenario 3 - Pico de Requisicoes 3-20,true,708072,293,100,100,4062,0
1774965963382,4349,Login,200,Cenario 3 - Pico de Requisicoes 3-45,true,718,235,100,100,4349,0
1774965963434,4299,Login,200,Cenario 3 - Pico de Requisicoes 3-46,true,718,235,100,100,4299,0
1774965963606,4201,GET Articles,200,Cenario 3 - Pico de Requisicoes 3-19,true,708072,293,100,100,4200,0
1774965963605,4284,Login,200,Cenario 3 - Pico de Requisicoes 3-47,true,718,235,100,100,4284,0
1774965963648,4359,Login,200,Cenario 3 - Pico de Requisicoes 3-49,true,718,235,100,100,4359,0
1774965963710,4360,GET Articles,200,Cenario 3 - Pico de Requisicoes 3-4,true,708072,293,100,100,4359,0
1774965963679,4396,Login,200,Cenario 3 - Pico de Requisicoes 3-48,true,718,235,100,100,4396,0
1774965963710,4444,Login,200,Cenario 3 - Pico de Requisicoes 3-50,true,718,235,100,100,4444,0
1774965963760,4572,Login,200,Cenario 3 - Pico de Requisicoes 3-51,true,718,235,100,100,4572,0
1774965963810,4528,Login,200,Cenario 3 - Pico de Requisicoes 3-52,true,718,235,100,100,4528,0
1774965963945,4428,GET Articles,200,Cenario 3 - Pico de Requisicoes 3-22,true,708072,293,100,100,4427,0
1774965963845,4570,Login,200,Cenario 3 - Pico de Requisicoes 3-10,true,718,235,100,100,4570,0
1774965963997,4468,GET Articles,200,Cenario 3 - Pico de Requisicoes 3-21,true,708072,293,100,100,4467,0
1774965963876,4727,Login,200,Cenario 3 - Pico de Requisicoes 3-53,true,718,235,100,100,4727,0
1774965963996,4650,Login,200,Cenario 3 - Pico de Requisicoes 3-11,true,718,235,100,100,4650,0
1774965964031,4707,Login,200,Cenario 3 - Pico de Requisicoes 3-54,true,718,235,100,100,4707,0
1774965964059,4813,Login,200,Cenario 3 - Pico de Requisicoes 3-55,true,718,235,100,100,4813,0
1774965964159,4761,GET Articles,200,Cenario 3 - Pico de Requisicoes 3-23,true,708072,293,100,100,4760,0
1774965964115,4806,Login,200,Cenario 3 - Pico de Requisicoes 3-56,true,718,235,100,100,4806,0
1774965964326,4632,GET Articles,200,Cenario 3 - Pico de Requisicoes 3-24,true,708072,293,100,100,4631,0
1774965964158,4846,Login,200,Cenario 3 - Pico de Requisicoes 3-57,true,718,235,100,100,4846,0
1774965964358,4837,Login,200,Cenario 3 - Pico de Requisicoes 3-58,true,718,235,100,100,4837,0
1774965964421,4827,GET Articles,200,Cenario 3 - Pico de Requisicoes 3-5,true,708072,293,100,100,4826,0
1774965964388,4860,Login,200,Cenario 3 - Pico de Requisicoes 3-59,true,718,235,100,100,4860,0
1774965964426,4861,GET Articles,200,Cenario 3 - Pico de Requisicoes 3-25,true,708072,293,100,100,4860,0
1774965964420,4867,Login,200,Cenario 3 - Pico de Requisicoes 3-12,true,718,235,100,100,4867,0
1774965964462,5056,Login,200,Cenario 3 - Pico de Requisicoes 3-60,true,718,235,100,100,5056,0
1774965964496,5056,Login,200,Cenario 3 - Pico de Requisicoes 3-61,true,718,235,100,100,5056,0
1774965964543,5011,Login,200,Cenario 3 - Pico de Requisicoes 3-62,true,718,235,100,100,5011,0
1774965964724,4860,GET Articles,200,Cenario 3 - Pico de Requisicoes 3-26,true,708072,293,100,100,4859,0
1774965964590,5191,Login,200,Cenario 3 - Pico de Requisicoes 3-63,true,718,235,100,100,5191,0
1774965964774,5070,Login,200,Cenario 3 - Pico de Requisicoes 3-64,true,719,235,100,100,5070,0
1774965964820,5026,Login,200,Cenario 3 - Pico de Requisicoes 3-65,true,718,235,100,100,5026,0
1774965964872,5012,GET Articles,200,Cenario 3 - Pico de Requisicoes 3-27,true,708072,293,100,100,5011,0
1774965964874,5043,GET Articles,200,Cenario 3 - Pico de Requisicoes 3-28,true,708073,293,100,100,5042,0
1774965964872,5173,Login,200,Cenario 3 - Pico de Requisicoes 3-1,true,718,235,100,100,5173,0
1774965964934,5244,Login,200,Cenario 3 - Pico de Requisicoes 3-66,true,718,235,100,100,5244,0
1774965964981,5202,Login,200,Cenario 3 - Pico de Requisicoes 3-67,true,718,235,100,100,5201,0
1774965965035,5273,Login,200,Cenario 3 - Pico de Requisicoes 3-68,true,718,235,100,100,5273,0
1774965965147,5208,GET Articles,200,Cenario 3 - Pico de Requisicoes 3-29,true,708072,293,100,100,5208,0
1774965965079,5356,Login,200,Cenario 3 - Pico de Requisicoes 3-2,true,718,235,100,100,5356,0
1774965965135,5304,Login,200,Cenario 3 - Pico de Requisicoes 3-69,true,718,235,100,100,5304,0
1774965965177,5441,Login,200,Cenario 3 - Pico de Requisicoes 3-70,true,718,235,100,100,5441,0
1774965965252,5440,Login,200,Cenario 3 - Pico de Requisicoes 3-72,true,718,235,100,100,5440,0
1774965965207,5487,Login,200,Cenario 3 - Pico de Requisicoes 3-71,true,718,235,100,100,5487,0
1774965965349,5387,GET Articles,200,Cenario 3 - Pico de Requisicoes 3-6,true,708072,293,100,100,5386,0
1774965965403,5381,GET Articles,200,Cenario 3 - Pico de Requisicoes 3-30,true,708072,293,100,100,5380,0
1774965965301,5581,Login,200,Cenario 3 - Pico de Requisicoes 3-13,true,718,235,100,100,5581,0
1774965965400,5577,Login,200,Cenario 3 - Pico de Requisicoes 3-73,true,718,235,100,100,5577,0
1774965965576,5429,GET Articles,200,Cenario 3 - Pico de Requisicoes 3-31,true,708072,293,100,100,5428,0
1774965965455,5588,Login,200,Cenario 3 - Pico de Requisicoes 3-74,true,718,235,100,100,5588,0
1774965965506,5639,Login,200,Cenario 3 - Pico de Requisicoes 3-75,true,718,235,100,100,5639,0
1774965965609,5654,Login,200,Cenario 3 - Pico de Requisicoes 3-76,true,718,235,100,100,5654,0
1774965965647,5659,Login,200,Cenario 3 - Pico de Requisicoes 3-14,true,718,235,100,100,5659,0
1774965965726,5608,GET Articles,200,Cenario 3 - Pico de Requisicoes 3-33,true,708072,293,100,100,5607,0
1774965965680,5729,Login,200,Cenario 3 - Pico de Requisicoes 3-77,true,718,235,100,100,5729,0
1774965965781,5676,GET Articles,200,Cenario 3 - Pico de Requisicoes 3-32,true,708072,293,100,100,5675,0
1774965965724,5802,Login,200,Cenario 3 - Pico de Requisicoes 3-3,true,718,235,100,100,5802,0
1774965965780,5812,Login,200,Cenario 3 - Pico de Requisicoes 3-78,true,718,235,100,100,5812,0
1774965965837,5883,Login,200,Cenario 3 - Pico de Requisicoes 3-79,true,718,235,100,100,5883,0
1774965965872,5906,Login,200,Cenario 3 - Pico de Requisicoes 3-80,true,718,235,100,100,5906,0
1774965966002,5801,GET Articles,200,Cenario 3 - Pico de Requisicoes 3-34,true,708072,293,100,100,5801,0
1774965965929,5916,Login,200,Cenario 3 - Pico de Requisicoes 3-15,true,718,235,100,100,5916,0
1774965965979,6002,Login,200,Cenario 3 - Pico de Requisicoes 3-81,true,718,235,100,100,6002,0
1774965966031,6027,Login,200,Cenario 3 - Pico de Requisicoes 3-82,true,718,235,100,100,6027,0
1774965966141,5945,GET Articles,200,Cenario 3 - Pico de Requisicoes 3-35,true,708072,293,100,100,5944,0
1774965966082,6021,Login,200,Cenario 3 - Pico de Requisicoes 3-83,true,718,235,100,100,6021,0
1774965966255,5895,GET Articles,200,Cenario 3 - Pico de Requisicoes 3-36,true,708072,293,100,100,5895,0
1774965966133,6108,Login,200,Cenario 3 - Pico de Requisicoes 3-84,true,718,235,100,100,6108,0
1774965966193,6148,Login,200,Cenario 3 - Pico de Requisicoes 3-85,true,718,235,100,100,6148,0
1774965966406,5981,GET Articles,200,Cenario 3 - Pico de Requisicoes 3-37,true,708072,293,100,100,5981,0
1774965966304,6109,Login,200,Cenario 3 - Pico de Requisicoes 3-86,true,718,235,100,100,6109,0
1774965966356,6144,Login,200,Cenario 3 - Pico de Requisicoes 3-87,true,718,235,100,100,6144,0
1774965966467,6064,GET Articles,200,Cenario 3 - Pico de Requisicoes 3-7,true,708072,293,100,100,6064,0
1774965966433,6215,Login,200,Cenario 3 - Pico de Requisicoes 3-88,true,718,235,100,100,6215,0
1774965966462,6215,Login,200,Cenario 3 - Pico de Requisicoes 3-89,true,718,235,100,100,6215,0
1774965966517,6269,Login,200,Cenario 3 - Pico de Requisicoes 3-16,true,718,235,100,100,6269,0
1774965966568,6334,Login,200,Cenario 3 - Pico de Requisicoes 3-90,true,718,235,100,100,6334,0
1774965966675,6263,GET Articles,200,Cenario 3 - Pico de Requisicoes 3-38,true,708072,293,100,100,6258,0
1774965966621,6317,Login,200,Cenario 3 - Pico de Requisicoes 3-91,true,718,235,100,100,6317,0
1774965966740,6246,GET Articles,200,Cenario 3 - Pico de Requisicoes 3-39,true,708072,293,100,100,6245,0
1774965966674,6366,Login,200,Cenario 3 - Pico de Requisicoes 3-17,true,718,235,100,100,6366,0
1774965966736,6463,Login,200,Cenario 3 - Pico de Requisicoes 3-92,true,718,235,100,100,6463,0
1774965966780,6467,Login,200,Cenario 3 - Pico de Requisicoes 3-93,true,718,235,100,100,6467,0
1774965966962,6339,GET Articles,200,Cenario 3 - Pico de Requisicoes 3-40,true,708072,293,100,100,6339,0
1774965966816,6490,Login,200,Cenario 3 - Pico de Requisicoes 3-94,true,718,235,100,100,6490,0
1774965966850,6621,Login,200,Cenario 3 - Pico de Requisicoes 3-95,true,718,235,100,100,6621,0
1774965967027,6495,GET Articles,200,Cenario 3 - Pico de Requisicoes 3-41,true,708072,293,100,100,6494,0
1774965966992,6584,Login,200,Cenario 3 - Pico de Requisicoes 3-18,true,718,235,100,100,6584,0
1774965967027,6554,Login,200,Cenario 3 - Pico de Requisicoes 3-96,true,718,235,100,100,6554,0
1774965967139,6490,GET Articles,200,Cenario 3 - Pico de Requisicoes 3-8,true,708072,293,100,100,6489,0
1774965967087,6709,Login,200,Cenario 3 - Pico de Requisicoes 3-97,true,718,235,100,100,6709,0
1774965967307,6542,GET Articles,200,Cenario 3 - Pico de Requisicoes 3-42,true,708072,293,100,100,6541,0
1774965967138,6712,Login,200,Cenario 3 - Pico de Requisicoes 3-98,true,718,235,100,100,6712,0
1774965967415,6491,GET Articles,200,Cenario 3 - Pico de Requisicoes 3-43,true,708072,293,100,100,6490,0
1774965967198,6709,Login,200,Cenario 3 - Pico de Requisicoes 3-99,true,718,235,100,100,6709,0
1774965967467,6496,GET Articles,200,Cenario 3 - Pico de Requisicoes 3-9,true,708072,293,100,100,6495,0
1774965967569,6442,GET Articles,200,Cenario 3 - Pico de Requisicoes 3-44,true,708073,293,100,100,6441,0
1774965967730,6336,GET Articles,200,Cenario 3 - Pico de Requisicoes 3-45,true,708072,293,100,100,6336,0
1774965967733,6382,GET Articles,200,Cenario 3 - Pico de Requisicoes 3-46,true,708072,293,100,100,6381,0
1774965967463,6667,Login,200,Cenario 3 - Pico de Requisicoes 3-100,true,718,235,100,100,6667,0
1774965967889,6278,GET Articles,200,Cenario 3 - Pico de Requisicoes 3-47,true,708072,293,100,100,6277,0
1774965968006,6192,GET Articles,200,Cenario 3 - Pico de Requisicoes 3-49,true,708072,293,100,100,6192,0
1774965967619,6668,Login,200,Cenario 3 - Pico de Requisicoes 3-20,true,718,235,100,100,6668,0
1774965968075,6242,GET Articles,200,Cenario 3 - Pico de Requisicoes 3-48,true,708072,293,100,100,6241,0
1774965968153,6213,GET Articles,200,Cenario 3 - Pico de Requisicoes 3-50,true,708072,293,100,100,6212,0
1774965968332,6076,GET Articles,200,Cenario 3 - Pico de Requisicoes 3-51,true,708072,293,100,100,6075,0
1774965967806,6603,Login,200,Cenario 3 - Pico de Requisicoes 3-19,true,718,235,100,100,6603,0
1774965968338,6122,GET Articles,200,Cenario 3 - Pico de Requisicoes 3-52,true,708072,293,100,100,6121,0
1774965968069,6397,Login,200,Cenario 3 - Pico de Requisicoes 3-4,true,718,235,100,100,6397,0
1774965968415,6084,GET Articles,200,Cenario 3 - Pico de Requisicoes 3-10,true,708072,293,100,100,6083,0
1774965968603,5933,GET Articles,200,Cenario 3 - Pico de Requisicoes 3-53,true,708072,293,100,100,5932,0
1774965968646,5919,GET Articles,200,Cenario 3 - Pico de Requisicoes 3-11,true,708072,293,100,100,5919,0
1774965968739,5859,GET Articles,200,Cenario 3 - Pico de Requisicoes 3-54,true,708072,293,100,100,5859,0
1774965968873,5761,GET Articles,200,Cenario 3 - Pico de Requisicoes 3-55,true,708072,293,100,100,5760,0
1774965968373,6304,Login,200,Cenario 3 - Pico de Requisicoes 3-22,true,718,235,100,100,6304,0
1774965968921,5804,GET Articles,200,Cenario 3 - Pico de Requisicoes 3-56,true,708072,293,100,100,5803,0
1774965968465,6300,Login,200,Cenario 3 - Pico de Requisicoes 3-21,true,718,235,100,100,6300,0
1774965969005,5809,GET Articles,200,Cenario 3 - Pico de Requisicoes 3-57,true,708072,293,100,100,5808,0
1774965969196,5667,GET Articles,200,Cenario 3 - Pico de Requisicoes 3-58,true,708072,293,100,100,5666,0
1774965968920,5976,Login,200,Cenario 3 - Pico de Requisicoes 3-23,true,718,235,100,100,5976,0
1774965969248,5695,GET Articles,200,Cenario 3 - Pico de Requisicoes 3-59,true,708072,293,100,100,5695,0
1774965969287,5704,GET Articles,200,Cenario 3 - Pico de Requisicoes 3-12,true,708072,293,100,100,5704,0
1774965968958,6035,Login,200,Cenario 3 - Pico de Requisicoes 3-24,true,718,235,100,100,6035,0
1774965969518,5530,GET Articles,200,Cenario 3 - Pico de Requisicoes 3-60,true,708072,293,100,100,5529,0
1774965969553,5541,GET Articles,200,Cenario 3 - Pico de Requisicoes 3-61,true,708072,293,100,100,5540,0
1774965969554,5590,GET Articles,200,Cenario 3 - Pico de Requisicoes 3-62,true,708072,293,100,100,5589,0
1774965969248,5897,Login,200,Cenario 3 - Pico de Requisicoes 3-5,true,718,235,100,100,5897,0
1774965969782,5418,GET Articles,200,Cenario 3 - Pico de Requisicoes 3-63,true,708072,293,100,100,5417,0
1774965969845,5402,GET Articles,200,Cenario 3 - Pico de Requisicoes 3-64,true,708072,293,100,100,5401,0
1774965969846,5451,GET Articles,200,Cenario 3 - Pico de Requisicoes 3-65,true,708072,293,100,100,5451,0
1774965969287,6011,Login,200,Cenario 3 - Pico de Requisicoes 3-25,true,718,235,100,100,6011,0
1774965969584,5835,Login,200,Cenario 3 - Pico de Requisicoes 3-26,true,718,235,100,100,5835,0
1774965970045,5425,GET Articles,200,Cenario 3 - Pico de Requisicoes 3-1,true,708072,293,100,100,5424,0
1774965970178,5341,GET Articles,200,Cenario 3 - Pico de Requisicoes 3-66,true,708072,293,100,100,5340,0
1774965970183,5387,GET Articles,200,Cenario 3 - Pico de Requisicoes 3-67,true,708072,293,100,100,5387,0
1774965969884,5687,Login,200,Cenario 3 - Pico de Requisicoes 3-27,true,718,235,100,100,5687,0
1774965969917,5659,Login,200,Cenario 3 - Pico de Requisicoes 3-28,true,718,235,100,100,5659,0
1774965970309,5305,GET Articles,200,Cenario 3 - Pico de Requisicoes 3-68,true,708072,293,100,100,5304,0
1774965970435,5203,GET Articles,200,Cenario 3 - Pico de Requisicoes 3-2,true,708073,293,100,100,5202,0
1774965970440,5230,GET Articles,200,Cenario 3 - Pico de Requisicoes 3-69,true,708072,293,100,100,5229,0
1774965970618,5076,GET Articles,200,Cenario 3 - Pico de Requisicoes 3-70,true,708073,293,100,100,5076,0
1774965970692,5041,GET Articles,200,Cenario 3 - Pico de Requisicoes 3-72,true,708072,293,100,100,5041,0
1774965970695,5064,GET Articles,200,Cenario 3 - Pico de Requisicoes 3-71,true,708073,293,100,100,5063,0
1774965970355,5499,Login,200,Cenario 3 - Pico de Requisicoes 3-29,true,718,235,100,100,5499,0
1774965970882,5023,GET Articles,200,Cenario 3 - Pico de Requisicoes 3-13,true,708072,293,100,100,5022,0
1774965970978,4975,GET Articles,200,Cenario 3 - Pico de Requisicoes 3-73,true,708072,293,100,100,4974,0
1774965970736,5298,Login,200,Cenario 3 - Pico de Requisicoes 3-6,true,718,235,100,100,5298,0
1774965970784,5252,Login,200,Cenario 3 - Pico de Requisicoes 3-30,true,718,235,100,100,5252,0
1774965971044,5039,GET Articles,200,Cenario 3 - Pico de Requisicoes 3-74,true,708072,293,100,100,5039,0
1774965971146,4962,GET Articles,200,Cenario 3 - Pico de Requisicoes 3-75,true,708073,293,100,100,4961,0
1774965971263,4884,GET Articles,200,Cenario 3 - Pico de Requisicoes 3-76,true,708072,293,100,100,4883,0
1774965971307,4865,GET Articles,200,Cenario 3 - Pico de Requisicoes 3-14,true,708073,293,100,100,4864,0
1774965971409,4794,GET Articles,200,Cenario 3 - Pico de Requisicoes 3-77,true,708072,293,100,100,4793,0
1774965971005,5218,Login,200,Cenario 3 - Pico de Requisicoes 3-31,true,718,235,100,100,5218,0
1774965971526,4743,GET Articles,200,Cenario 3 - Pico de Requisicoes 3-3,true,708072,293,100,100,4743,0
1774965971592,4728,GET Articles,200,Cenario 3 - Pico de Requisicoes 3-78,true,708072,293,100,100,4727,0
1774965971720,4647,GET Articles,200,Cenario 3 - Pico de Requisicoes 3-79,true,708072,293,100,100,4647,0
1774965971779,4635,GET Articles,200,Cenario 3 - Pico de Requisicoes 3-80,true,708072,293,100,100,4635,0
1774965971334,5114,Login,200,Cenario 3 - Pico de Requisicoes 3-33,true,718,235,100,100,5114,0
1774965971457,5036,Login,200,Cenario 3 - Pico de Requisicoes 3-32,true,718,235,100,100,5036,0
1774965971846,4647,GET Articles,200,Cenario 3 - Pico de Requisicoes 3-15,true,708072,293,100,100,4646,0
1774965972058,4471,GET Articles,200,Cenario 3 - Pico de Requisicoes 3-82,true,708072,293,100,100,4470,0
1774965971981,4570,GET Articles,200,Cenario 3 - Pico de Requisicoes 3-81,true,708073,293,100,100,4569,0
1774965972103,4500,GET Articles,200,Cenario 3 - Pico de Requisicoes 3-83,true,708072,293,100,100,4499,0
1774965971804,4884,Login,200,Cenario 3 - Pico de Requisicoes 3-34,true,718,235,100,100,4884,0
1774965972242,4496,GET Articles,200,Cenario 3 - Pico de Requisicoes 3-84,true,708072,293,100,100,4495,0
1774965972341,4445,GET Articles,200,Cenario 3 - Pico de Requisicoes 3-85,true,708072,293,100,100,4444,0
1774965972086,4739,Login,200,Cenario 3 - Pico de Requisicoes 3-35,true,718,235,100,100,4739,0
1774965972414,4463,GET Articles,200,Cenario 3 - Pico de Requisicoes 3-86,true,708072,293,100,100,4462,0
1774965972150,4728,Login,200,Cenario 3 - Pico de Requisicoes 3-36,true,718,235,100,100,4728,0
1774965972501,4432,GET Articles,200,Cenario 3 - Pico de Requisicoes 3-87,true,708072,293,100,100,4431,0
1774965972648,4333,GET Articles,200,Cenario 3 - Pico de Requisicoes 3-88,true,708072,293,100,100,4332,0
1774965972677,4357,GET Articles,200,Cenario 3 - Pico de Requisicoes 3-89,true,708072,293,100,100,4356,0
1774965972786,4298,GET Articles,200,Cenario 3 - Pico de Requisicoes 3-16,true,708072,293,100,100,4297,0
1774965972387,4697,Login,200,Cenario 3 - Pico de Requisicoes 3-37,true,718,235,100,100,4697,0
1774965972903,4237,GET Articles,200,Cenario 3 - Pico de Requisicoes 3-90,true,708072,293,100,100,4236,0
1774965972939,4235,GET Articles,200,Cenario 3 - Pico de Requisicoes 3-91,true,708072,293,100,100,4235,0
1774965972532,4643,Login,200,Cenario 3 - Pico de Requisicoes 3-7,true,718,235,100,100,4643,0
1774965973040,4188,GET Articles,200,Cenario 3 - Pico de Requisicoes 3-17,true,708072,293,100,100,4187,0
1774965973199,4078,GET Articles,200,Cenario 3 - Pico de Requisicoes 3-92,true,708072,293,100,100,4077,0
1774965973248,4081,GET Articles,200,Cenario 3 - Pico de Requisicoes 3-93,true,708072,293,100,100,4080,0
1774965972938,4426,Login,200,Cenario 3 - Pico de Requisicoes 3-38,true,718,235,100,100,4426,0
1774965973307,4106,GET Articles,200,Cenario 3 - Pico de Requisicoes 3-94,true,708072,293,100,100,4105,0
1774965973472,3988,GET Articles,200,Cenario 3 - Pico de Requisicoes 3-95,true,708072,293,100,100,3987,0
1774965972986,4474,Login,200,Cenario 3 - Pico de Requisicoes 3-39,true,718,235,100,100,4474,0
1774965973576,3921,GET Articles,200,Cenario 3 - Pico de Requisicoes 3-18,true,708072,293,100,100,3920,0
1774965973582,3941,GET Articles,200,Cenario 3 - Pico de Requisicoes 3-96,true,708072,293,100,100,3941,0
1774965973301,4300,Login,200,Cenario 3 - Pico de Requisicoes 3-40,true,718,235,100,100,4300,0
1774965973797,3831,GET Articles,200,Cenario 3 - Pico de Requisicoes 3-97,true,708072,293,100,100,3830,0
1774965973522,4206,Login,200,Cenario 3 - Pico de Requisicoes 3-41,true,718,235,100,100,4206,0
1774965973852,3928,GET Articles,200,Cenario 3 - Pico de Requisicoes 3-98,true,708072,293,100,100,3928,0
1774965973629,4160,Login,200,Cenario 3 - Pico de Requisicoes 3-8,true,718,235,100,100,4160,0
1774965973909,3907,GET Articles,200,Cenario 3 - Pico de Requisicoes 3-99,true,708072,293,100,100,3906,0
1774965973850,4042,Login,200,Cenario 3 - Pico de Requisicoes 3-42,true,718,235,100,100,4042,0
1774965973907,4136,Login,200,Cenario 3 - Pico de Requisicoes 3-43,true,718,235,100,100,4136,0
1774965973964,4114,Login,200,Cenario 3 - Pico de Requisicoes 3-9,true,718,235,100,100,4114,0
1774965974012,4143,Login,200,Cenario 3 - Pico de Requisicoes 3-44,true,718,235,100,100,4143,0
1774965974132,4068,GET Articles,200,Cenario 3 - Pico de Requisicoes 3-100,true,708072,293,100,100,4067,0
1774965974068,4239,Login,200,Cenario 3 - Pico de Requisicoes 3-45,true,718,235,100,100,4239,0
1774965974116,4222,Login,200,Cenario 3 - Pico de Requisicoes 3-46,true,718,235,100,100,4222,0
1774965974289,4077,GET Articles,200,Cenario 3 - Pico de Requisicoes 3-20,true,708072,293,100,100,4077,0
1774965974168,4297,Login,200,Cenario 3 - Pico de Requisicoes 3-47,true,718,235,100,100,4297,0
1774965974200,4370,Login,200,Cenario 3 - Pico de Requisicoes 3-49,true,718,235,100,100,4370,0
1774965974318,4314,Login,200,Cenario 3 - Pico de Requisicoes 3-48,true,718,235,100,100,4314,0
1774965974410,4263,GET Articles,200,Cenario 3 - Pico de Requisicoes 3-19,true,708072,293,100,100,4262,0
1774965974367,4362,Login,200,Cenario 3 - Pico de Requisicoes 3-50,true,718,235,100,100,4362,0
1774965974467,4315,GET Articles,200,Cenario 3 - Pico de Requisicoes 3-4,true,708072,293,100,100,4314,0
1774965974409,4428,Login,200,Cenario 3 - Pico de Requisicoes 3-51,true,718,235,100,100,4428,0
1774965974461,4485,Login,200,Cenario 3 - Pico de Requisicoes 3-52,true,718,235,100,100,4485,0
1774965974500,4555,Login,200,Cenario 3 - Pico de Requisicoes 3-10,true,718,235,100,100,4555,0
1774965974537,4574,Login,200,Cenario 3 - Pico de Requisicoes 3-53,true,718,235,100,100,4574,0
1774965974566,4654,Login,200,Cenario 3 - Pico de Requisicoes 3-11,true,718,235,100,100,4654,0
1774965974678,4568,GET Articles,200,Cenario 3 - Pico de Requisicoes 3-22,true,708072,293,100,100,4568,0
1774965974600,4730,Login,200,Cenario 3 - Pico de Requisicoes 3-54,true,718,235,100,100,4730,0
1774965974766,4615,GET Articles,200,Cenario 3 - Pico de Requisicoes 3-21,true,708072,293,100,100,4614,0
1774965974635,4749,Login,200,Cenario 3 - Pico de Requisicoes 3-55,true,718,235,100,100,4749,0
1774965974726,4787,Login,200,Cenario 3 - Pico de Requisicoes 3-56,true,718,235,100,100,4787,0
1774965974897,4665,GET Articles,200,Cenario 3 - Pico de Requisicoes 3-23,true,708072,293,100,100,4664,0
1774965974815,4834,Login,200,Cenario 3 - Pico de Requisicoes 3-57,true,718,235,100,100,4834,0
1774965974864,4791,Login,200,Cenario 3 - Pico de Requisicoes 3-58,true,718,235,100,100,4791,0
1774965974994,4711,GET Articles,200,Cenario 3 - Pico de Requisicoes 3-24,true,708072,293,100,100,4710,0
1774965974944,4883,Login,200,Cenario 3 - Pico de Requisicoes 3-59,true,718,235,100,100,4883,0
1774965974993,4920,Login,200,Cenario 3 - Pico de Requisicoes 3-12,true,718,235,100,100,4920,0
1774965975049,4922,Login,200,Cenario 3 - Pico de Requisicoes 3-60,true,718,235,100,100,4922,0
1774965975146,4875,GET Articles,200,Cenario 3 - Pico de Requisicoes 3-5,true,708072,293,100,100,4874,0
1774965975095,4995,Login,200,Cenario 3 - Pico de Requisicoes 3-61,true,718,235,100,100,4995,0
1774965975145,5031,Login,200,Cenario 3 - Pico de Requisicoes 3-62,true,718,235,100,100,5031,0
1774965975201,5083,Login,200,Cenario 3 - Pico de Requisicoes 3-63,true,718,235,100,100,5083,0
1774965975299,5033,GET Articles,200,Cenario 3 - Pico de Requisicoes 3-25,true,708072,293,100,100,5032,0
1774965975421,4948,GET Articles,200,Cenario 3 - Pico de Requisicoes 3-26,true,708072,293,100,100,4947,0
1774965975248,5121,Login,200,Cenario 3 - Pico de Requisicoes 3-64,true,718,235,100,100,5121,0
1774965975299,5140,Login,200,Cenario 3 - Pico de Requisicoes 3-65,true,718,235,100,100,5140,0
1774965975471,5166,Login,200,Cenario 3 - Pico de Requisicoes 3-1,true,718,235,100,100,5166,0
1774965975520,5119,Login,200,Cenario 3 - Pico de Requisicoes 3-66,true,718,235,100,100,5119,0
1774965975573,5098,GET Articles,200,Cenario 3 - Pico de Requisicoes 3-27,true,708072,293,100,100,5097,0
1774965975577,5124,GET Articles,200,Cenario 3 - Pico de Requisicoes 3-28,true,708073,293,100,100,5124,0
1774965975571,5132,Login,200,Cenario 3 - Pico de Requisicoes 3-67,true,718,235,100,100,5132,0
1774965975615,5358,Login,200,Cenario 3 - Pico de Requisicoes 3-68,true,718,235,100,100,5358,0
1774965975671,5305,Login,200,Cenario 3 - Pico de Requisicoes 3-69,true,718,235,100,100,5305,0
1774965975639,5339,Login,200,Cenario 3 - Pico de Requisicoes 3-2,true,718,235,100,100,5339,0
1774965975695,5540,Login,200,Cenario 3 - Pico de Requisicoes 3-70,true,718,235,100,100,5540,0
1774965975856,5407,GET Articles,200,Cenario 3 - Pico de Requisicoes 3-29,true,708072,293,100,100,5406,0
1774965975734,5529,Login,200,Cenario 3 - Pico de Requisicoes 3-72,true,718,235,100,100,5529,0
1774965975760,5505,Login,200,Cenario 3 - Pico de Requisicoes 3-71,true,718,235,100,100,5505,0
1774965976035,5291,GET Articles,200,Cenario 3 - Pico de Requisicoes 3-6,true,708072,293,100,100,5290,0
1774965976037,5337,GET Articles,200,Cenario 3 - Pico de Requisicoes 3-30,true,708072,293,100,100,5336,0
1774965975906,5632,Login,200,Cenario 3 - Pico de Requisicoes 3-13,true,718,235,100,100,5632,0
1774965975954,5585,Login,200,Cenario 3 - Pico de Requisicoes 3-73,true,718,235,100,100,5585,0
1774965976085,5552,Login,200,Cenario 3 - Pico de Requisicoes 3-74,true,718,235,100,100,5552,0
1774965976148,5655,Login,200,Cenario 3 - Pico de Requisicoes 3-76,true,718,235,100,100,5655,0
1774965976109,5698,Login,200,Cenario 3 - Pico de Requisicoes 3-75,true,718,235,100,100,5697,0
1774965976224,5623,GET Articles,200,Cenario 3 - Pico de Requisicoes 3-31,true,708072,293,100,100,5622,0
1774965976173,5732,Login,200,Cenario 3 - Pico de Requisicoes 3-14,true,718,235,100,100,5732,0
1774965976204,5878,Login,200,Cenario 3 - Pico de Requisicoes 3-77,true,718,235,100,100,5878,0
1774965976271,5852,Login,200,Cenario 3 - Pico de Requisicoes 3-3,true,718,235,99,99,5852,0
1774965976321,5859,Login,200,Cenario 3 - Pico de Requisicoes 3-78,true,718,235,98,98,5859,0
1774965976450,5762,GET Articles,200,Cenario 3 - Pico de Requisicoes 3-33,true,708072,293,97,97,5762,0
1774965976494,5746,GET Articles,200,Cenario 3 - Pico de Requisicoes 3-32,true,708072,293,96,96,5745,0
1774965976369,5985,Login,200,Cenario 3 - Pico de Requisicoes 3-79,true,718,235,95,95,5985,0
1774965976416,5977,Login,200,Cenario 3 - Pico de Requisicoes 3-80,true,718,235,94,94,5977,0
1774965976494,6008,Login,200,Cenario 3 - Pico de Requisicoes 3-15,true,718,235,93,93,6008,0
1774965976530,6087,Login,200,Cenario 3 - Pico de Requisicoes 3-82,true,718,235,92,92,6087,0
1774965976689,5979,GET Articles,200,Cenario 3 - Pico de Requisicoes 3-34,true,708072,293,91,91,5978,0
1774965976552,6116,Login,200,Cenario 3 - Pico de Requisicoes 3-81,true,718,235,91,91,6116,0
1774965976604,6161,Login,200,Cenario 3 - Pico de Requisicoes 3-83,true,718,235,89,89,6161,0
1774965976826,5974,GET Articles,200,Cenario 3 - Pico de Requisicoes 3-35,true,708072,293,88,88,5973,0
1774965976739,6197,Login,200,Cenario 3 - Pico de Requisicoes 3-84,true,718,235,87,87,6197,0
1774965976787,6154,Login,200,Cenario 3 - Pico de Requisicoes 3-85,true,718,235,86,86,6154,0
1774965976879,6110,GET Articles,200,Cenario 3 - Pico de Requisicoes 3-36,true,708072,293,85,85,6109,0
1774965976878,6191,Login,200,Cenario 3 - Pico de Requisicoes 3-86,true,718,235,84,84,6191,0
1774965976934,6318,Login,200,Cenario 3 - Pico de Requisicoes 3-87,true,718,235,83,83,6318,0
1774965976982,6273,Login,200,Cenario 3 - Pico de Requisicoes 3-88,true,718,235,82,82,6273,0
1774965977086,6224,GET Articles,200,Cenario 3 - Pico de Requisicoes 3-37,true,708072,293,81,81,6223,0
1774965977035,6298,Login,200,Cenario 3 - Pico de Requisicoes 3-89,true,718,235,80,80,6298,0
1774965977085,6434,Login,200,Cenario 3 - Pico de Requisicoes 3-16,true,718,235,79,79,6434,0
1774965977176,6396,GET Articles,200,Cenario 3 - Pico de Requisicoes 3-7,true,708072,293,78,78,6391,0
1774965977141,6436,Login,200,Cenario 3 - Pico de Requisicoes 3-90,true,718,235,77,77,6436,0
1774965977176,6425,Login,200,Cenario 3 - Pico de Requisicoes 3-91,true,718,235,76,76,6425,0
1774965977229,6616,Login,200,Cenario 3 - Pico de Requisicoes 3-17,true,718,235,75,75,6616,0
1774965977278,6572,Login,200,Cenario 3 - Pico de Requisicoes 3-92,true,718,235,74,74,6572,0
1774965977365,6512,GET Articles,200,Cenario 3 - Pico de Requisicoes 3-38,true,708072,293,73,73,6511,0
1774965977330,6548,Login,200,Cenario 3 - Pico de Requisicoes 3-93,true,718,235,72,72,6548,0
1774965977461,6476,GET Articles,200,Cenario 3 - Pico de Requisicoes 3-39,true,708072,293,71,71,6476,0
1774965977414,6742,Login,200,Cenario 3 - Pico de Requisicoes 3-94,true,718,235,70,70,6742,0
1774965977461,6701,Login,200,Cenario 3 - Pico de Requisicoes 3-95,true,718,235,69,69,6701,0
1774965977602,6589,GET Articles,200,Cenario 3 - Pico de Requisicoes 3-40,true,708072,293,68,68,6588,0
1774965977498,6714,Login,200,Cenario 3 - Pico de Requisicoes 3-18,true,718,235,67,67,6714,0
1774965977730,6532,GET Articles,200,Cenario 3 - Pico de Requisicoes 3-41,true,708072,293,66,66,6531,0
1774965977525,6900,Login,200,Cenario 3 - Pico de Requisicoes 3-96,true,718,235,65,65,6900,0
1774965977791,6678,GET Articles,200,Cenario 3 - Pico de Requisicoes 3-8,true,708072,293,64,64,6678,0
1774965977628,6841,Login,200,Cenario 3 - Pico de Requisicoes 3-97,true,718,235,64,64,6841,0
1774965977892,6611,GET Articles,200,Cenario 3 - Pico de Requisicoes 3-42,true,708072,293,62,62,6610,0
1774965978044,6485,GET Articles,200,Cenario 3 - Pico de Requisicoes 3-43,true,708072,293,61,61,6485,0
1774965977781,6749,Login,200,Cenario 3 - Pico de Requisicoes 3-98,true,718,235,60,60,6749,0
1774965978079,6483,GET Articles,200,Cenario 3 - Pico de Requisicoes 3-9,true,708072,293,59,59,6482,0
1774965978155,6430,GET Articles,200,Cenario 3 - Pico de Requisicoes 3-44,true,708073,293,58,58,6429,0
1774965978307,6310,GET Articles,200,Cenario 3 - Pico de Requisicoes 3-45,true,708072,293,57,57,6309,0
1774965978339,6304,GET Articles,200,Cenario 3 - Pico de Requisicoes 3-46,true,708072,293,56,56,6303,0
1774965977816,6926,Login,200,Cenario 3 - Pico de Requisicoes 3-99,true,718,235,55,55,6926,0
1774965978466,6326,GET Articles,200,Cenario 3 - Pico de Requisicoes 3-47,true,708072,293,54,54,6325,0
1774965978571,6270,GET Articles,200,Cenario 3 - Pico de Requisicoes 3-49,true,708072,293,53,53,6269,0
1774965978633,6240,GET Articles,200,Cenario 3 - Pico de Requisicoes 3-48,true,708072,293,52,52,6240,0
1774965978200,6674,Login,200,Cenario 3 - Pico de Requisicoes 3-100,true,718,235,52,52,6674,0
1774965978729,6192,GET Articles,200,Cenario 3 - Pico de Requisicoes 3-50,true,708072,293,50,50,6192,0
1774965978367,6554,Login,200,Cenario 3 - Pico de Requisicoes 3-20,true,718,235,50,50,6554,0
1774965978838,6138,GET Articles,200,Cenario 3 - Pico de Requisicoes 3-51,true,708072,293,48,48,6137,0
1774965978947,6080,GET Articles,200,Cenario 3 - Pico de Requisicoes 3-52,true,708072,293,47,47,6079,0
1774965979055,6021,GET Articles,200,Cenario 3 - Pico de Requisicoes 3-10,true,708072,293,46,46,6020,0
1774965979111,6017,GET Articles,200,Cenario 3 - Pico de Requisicoes 3-53,true,708072,293,45,45,6016,0
1774965979221,5958,GET Articles,200,Cenario 3 - Pico de Requisicoes 3-11,true,708072,293,44,44,5957,0
1774965978673,6506,Login,200,Cenario 3 - Pico de Requisicoes 3-19,true,718,235,44,44,6506,0
1774965979330,5892,GET Articles,200,Cenario 3 - Pico de Requisicoes 3-54,true,708072,293,42,42,5892,0
1774965978782,6441,Login,200,Cenario 3 - Pico de Requisicoes 3-4,true,718,235,42,42,6441,0
1774965979385,5893,GET Articles,200,Cenario 3 - Pico de Requisicoes 3-55,true,708072,293,40,40,5893,0
1774965979514,5818,GET Articles,200,Cenario 3 - Pico de Requisicoes 3-56,true,708072,293,39,39,5817,0
1774965979247,6206,Login,200,Cenario 3 - Pico de Requisicoes 3-22,true,718,235,38,38,6206,0
1774965979650,5853,GET Articles,200,Cenario 3 - Pico de Requisicoes 3-57,true,708072,293,37,37,5852,0
1774965979381,6122,Login,200,Cenario 3 - Pico de Requisicoes 3-21,true,718,235,37,37,6122,0
1774965979655,5900,GET Articles,200,Cenario 3 - Pico de Requisicoes 3-58,true,708072,293,35,35,5899,0
1774965979828,5778,GET Articles,200,Cenario 3 - Pico de Requisicoes 3-59,true,708072,293,34,34,5777,0
1774965979562,6044,Login,200,Cenario 3 - Pico de Requisicoes 3-23,true,718,235,34,34,6044,0
1774965979913,5754,GET Articles,200,Cenario 3 - Pico de Requisicoes 3-12,true,708072,293,32,32,5753,0
1774965979972,5719,GET Articles,200,Cenario 3 - Pico de Requisicoes 3-60,true,708073,293,31,31,5718,0
1774965980090,5656,GET Articles,200,Cenario 3 - Pico de Requisicoes 3-61,true,708072,293,30,30,5655,0
1774965979706,6089,Login,200,Cenario 3 - Pico de Requisicoes 3-24,true,718,235,29,29,6089,0
1774965980176,5619,GET Articles,200,Cenario 3 - Pico de Requisicoes 3-62,true,708072,293,29,29,5618,0
1774965980284,5564,GET Articles,200,Cenario 3 - Pico de Requisicoes 3-63,true,708072,293,27,27,5563,0
1774965980021,5943,Login,200,Cenario 3 - Pico de Requisicoes 3-5,true,718,235,26,26,5943,0
1774965980370,5643,GET Articles,200,Cenario 3 - Pico de Requisicoes 3-64,true,708072,293,25,25,5642,0
1774965980439,5626,GET Articles,200,Cenario 3 - Pico de Requisicoes 3-65,true,708072,293,24,24,5625,0
1774965980332,5737,Login,200,Cenario 3 - Pico de Requisicoes 3-25,true,718,235,23,23,5737,0
1774965980638,5467,GET Articles,200,Cenario 3 - Pico de Requisicoes 3-1,true,708072,293,22,22,5467,0
1774965980369,5746,Login,200,Cenario 3 - Pico de Requisicoes 3-26,true,718,235,21,21,5746,0
1774965980639,5510,GET Articles,200,Cenario 3 - Pico de Requisicoes 3-66,true,708072,293,20,20,5509,0
1774965980704,5497,GET Articles,200,Cenario 3 - Pico de Requisicoes 3-67,true,708072,293,19,19,5496,0
1774965980973,5279,GET Articles,200,Cenario 3 - Pico de Requisicoes 3-68,true,708072,293,18,18,5278,0
1774965980976,5325,GET Articles,200,Cenario 3 - Pico de Requisicoes 3-69,true,708072,293,17,17,5324,0
1774965980979,5372,GET Articles,200,Cenario 3 - Pico de Requisicoes 3-2,true,708072,293,16,16,5371,0
1774965981235,5165,GET Articles,200,Cenario 3 - Pico de Requisicoes 3-70,true,708072,293,15,15,5165,0
1774965980671,5733,Login,200,Cenario 3 - Pico de Requisicoes 3-27,true,718,235,14,14,5733,0
1774965980702,5751,Login,200,Cenario 3 - Pico de Requisicoes 3-28,true,718,235,13,13,5751,0
1774965981263,5191,GET Articles,200,Cenario 3 - Pico de Requisicoes 3-72,true,708072,293,13,13,5190,0
1774965981265,5243,GET Articles,200,Cenario 3 - Pico de Requisicoes 3-71,true,708072,293,11,11,5242,0
1774965981263,5414,Login,200,Cenario 3 - Pico de Requisicoes 3-29,true,718,235,10,10,5414,0
1774965981538,5190,GET Articles,200,Cenario 3 - Pico de Requisicoes 3-13,true,708072,293,9,9,5189,0
1774965981327,5402,Login,200,Cenario 3 - Pico de Requisicoes 3-6,true,718,235,8,8,5402,0
1774965981637,5126,GET Articles,200,Cenario 3 - Pico de Requisicoes 3-74,true,708072,293,7,7,5125,0
1774965981539,5261,GET Articles,200,Cenario 3 - Pico de Requisicoes 3-73,true,708073,293,6,6,5261,0
1774965981374,5427,Login,200,Cenario 3 - Pico de Requisicoes 3-30,true,718,235,5,5,5427,0
1774965981804,5055,GET Articles,200,Cenario 3 - Pico de Requisicoes 3-76,true,708072,293,4,4,5054,0
1774965981807,5093,GET Articles,200,Cenario 3 - Pico de Requisicoes 3-75,true,708073,293,3,3,5092,0
1774965981906,5025,GET Articles,200,Cenario 3 - Pico de Requisicoes 3-14,true,708072,293,2,2,5024,0
1774965981847,5225,Login,200,Cenario 3 - Pico de Requisicoes 3-31,true,718,235,1,1,5225,0
