timeStamp,elapsed,label,responseCode,threadName,success,bytes,sentBytes,grpThreads,allThreads,Latency,Connect
1774966016854,301,Login,200,Cenario 1 - Carga Basica 1-2,true,771,235,2,2,301,1
1774966016450,385,Login,200,Cenario 1 - Carga Basica 1-1,true,772,235,1,1,382,24
1774966017354,363,Login,200,Cenario 1 - Carga Basica 1-3,true,771,235,3,3,363,1
1774966017625,122,GET Articles,200,Cenario 1 - Carga Basica 1-1,true,708241,293,3,3,118,0
1774966017625,178,GET Articles,200,Cenario 1 - Carga Basica 1-2,true,708205,293,3,3,175,0
1774966017719,157,GET Articles,200,Cenario 1 - Carga Basica 1-3,true,708203,293,4,4,154,0
1774966017747,359,Login,200,Cenario 1 - Carga Basica 1-1,true,771,235,4,4,359,0
1774966017804,367,Login,200,Cenario 1 - Carga Basica 1-2,true,771,235,4,4,367,0
1774966017854,320,Login,200,Cenario 1 - Carga Basica 1-4,true,771,235,4,4,320,1
1774966018107,137,GET Articles,200,Cenario 1 - Carga Basica 1-1,true,708203,293,4,4,134,0
1774966018173,81,GET Articles,200,Cenario 1 - Carga Basica 1-2,true,708203,293,4,4,78,0
1774966018176,116,GET Articles,200,Cenario 1 - Carga Basica 1-4,true,708203,293,4,4,113,0
1774966017877,513,Login,200,Cenario 1 - Carga Basica 1-3,true,771,235,5,5,513,0
1774966018245,287,Login,200,Cenario 1 - Carga Basica 1-1,true,771,235,5,5,287,0
1774966018254,309,Login,200,Cenario 1 - Carga Basica 1-2,true,771,235,5,5,309,0
1774966018391,213,GET Articles,200,Cenario 1 - Carga Basica 1-3,true,708203,293,5,5,210,0
1774966018533,101,GET Articles,200,Cenario 1 - Carga Basica 1-1,true,708202,293,5,5,99,0
1774966018565,107,GET Articles,200,Cenario 1 - Carga Basica 1-2,true,708203,293,5,5,106,0
1774966018293,379,Login,200,Cenario 1 - Carga Basica 1-4,true,771,235,5,5,379,0
1774966018353,462,Login,200,Cenario 1 - Carga Basica 1-5,true,771,235,5,5,462,1
1774966018635,315,Login,200,Cenario 1 - Carga Basica 1-1,true,771,235,6,6,315,0
1774966018604,349,Login,200,Cenario 1 - Carga Basica 1-3,true,771,235,6,6,349,0
1774966018673,319,GET Articles,200,Cenario 1 - Carga Basica 1-4,true,708203,293,6,6,317,0
1774966018816,230,GET Articles,200,Cenario 1 - Carga Basica 1-5,true,708203,293,6,6,229,0
1774966018673,433,Login,200,Cenario 1 - Carga Basica 1-2,true,771,235,6,6,433,0
1774966018951,156,GET Articles,200,Cenario 1 - Carga Basica 1-1,true,708203,293,6,6,154,0
1774966018955,212,GET Articles,200,Cenario 1 - Carga Basica 1-3,true,708203,293,6,6,210,0
1774966018853,466,Login,200,Cenario 1 - Carga Basica 1-6,true,771,235,6,6,466,1
1774966019107,272,GET Articles,200,Cenario 1 - Carga Basica 1-2,true,708203,293,7,7,270,0
1774966018992,390,Login,200,Cenario 1 - Carga Basica 1-4,true,771,235,7,7,390,0
1774966019047,383,Login,200,Cenario 1 - Carga Basica 1-5,true,771,235,7,7,383,0
1774966019320,169,GET Articles,200,Cenario 1 - Carga Basica 1-6,true,708203,293,7,7,167,0
1774966019108,546,Login,200,Cenario 1 - Carga Basica 1-1,true,771,235,7,7,546,0
1774966019167,489,Login,200,Cenario 1 - Carga Basica 1-3,true,771,235,7,7,489,0
1774966019384,308,GET Articles,200,Cenario 1 - Carga Basica 1-4,true,708202,293,7,7,306,0
1774966019432,290,GET Articles,200,Cenario 1 - Carga Basica 1-5,true,708202,293,7,7,288,0
1774966019353,407,Login,200,Cenario 1 - Carga Basica 1-7,true,771,235,7,7,407,1
1774966019655,166,GET Articles,200,Cenario 1 - Carga Basica 1-1,true,708203,293,7,7,164,0
1774966019657,223,GET Articles,200,Cenario 1 - Carga Basica 1-3,true,708203,293,8,8,220,0
1774966019380,549,Login,200,Cenario 1 - Carga Basica 1-2,true,771,235,8,8,549,0
1774966019490,507,Login,200,Cenario 1 - Carga Basica 1-6,true,771,235,8,8,507,0
1774966019762,284,GET Articles,200,Cenario 1 - Carga Basica 1-7,true,708203,293,8,8,282,0
1774966019692,463,Login,200,Cenario 1 - Carga Basica 1-4,true,771,235,8,8,463,0
1774966019722,480,Login,200,Cenario 1 - Carga Basica 1-5,true,771,235,8,8,480,0
1774966019822,493,Login,200,Cenario 1 - Carga Basica 1-1,true,771,235,8,8,492,0
1774966019930,445,GET Articles,200,Cenario 1 - Carga Basica 1-2,true,708203,293,9,9,443,0
1774966019853,581,Login,200,Cenario 1 - Carga Basica 1-8,true,771,235,9,9,581,1
1774966019998,437,GET Articles,200,Cenario 1 - Carga Basica 1-6,true,708203,293,9,9,435,0
1774966019880,602,Login,200,Cenario 1 - Carga Basica 1-3,true,771,235,9,9,602,0
1774966020156,327,GET Articles,200,Cenario 1 - Carga Basica 1-4,true,708203,293,9,9,326,0
1774966020203,324,GET Articles,200,Cenario 1 - Carga Basica 1-5,true,708203,293,9,9,322,0
1774966020316,250,GET Articles,200,Cenario 1 - Carga Basica 1-1,true,708203,293,9,9,249,0
1774966020048,662,Login,200,Cenario 1 - Carga Basica 1-7,true,771,235,9,9,662,0
1774966020435,314,GET Articles,200,Cenario 1 - Carga Basica 1-8,true,708203,293,9,9,312,0
1774966020376,457,Login,200,Cenario 1 - Carga Basica 1-2,true,771,235,9,9,457,0
1774966020354,481,Login,200,Cenario 1 - Carga Basica 1-9,true,771,235,9,9,481,0
1774966020484,396,GET Articles,200,Cenario 1 - Carga Basica 1-3,true,708203,293,10,10,394,0
1774966020435,573,Login,200,Cenario 1 - Carga Basica 1-6,true,771,235,10,10,572,0
1774966020484,619,Login,200,Cenario 1 - Carga Basica 1-4,true,771,235,10,10,618,0
1774966020527,626,Login,200,Cenario 1 - Carga Basica 1-5,true,771,235,10,10,625,0
1774966020711,443,GET Articles,200,Cenario 1 - Carga Basica 1-7,true,708203,293,10,10,441,0
1774966020834,390,GET Articles,200,Cenario 1 - Carga Basica 1-2,true,708203,293,10,10,388,0
1774966020567,711,Login,200,Cenario 1 - Carga Basica 1-1,true,771,235,10,10,711,0
1774966020836,443,GET Articles,200,Cenario 1 - Carga Basica 1-9,true,708203,293,10,10,441,0
1774966020749,669,Login,200,Cenario 1 - Carga Basica 1-8,true,771,235,10,10,669,0
1774966021009,467,GET Articles,200,Cenario 1 - Carga Basica 1-6,true,708203,293,10,10,465,0
1774966021104,426,GET Articles,200,Cenario 1 - Carga Basica 1-4,true,708203,293,10,10,425,0
1774966020880,691,Login,200,Cenario 1 - Carga Basica 1-3,true,771,235,10,10,690,0
1774966021154,418,GET Articles,200,Cenario 1 - Carga Basica 1-5,true,708203,293,10,10,416,0
1774966020853,719,Login,200,Cenario 1 - Carga Basica 1-10,true,771,235,10,10,719,1
1774966021279,370,GET Articles,200,Cenario 1 - Carga Basica 1-1,true,708203,293,10,10,368,0
1774966021225,621,Login,200,Cenario 1 - Carga Basica 1-2,true,771,235,10,10,621,0
1774966021154,743,Login,200,Cenario 1 - Carga Basica 1-7,true,771,235,10,10,743,0
1774966021420,486,GET Articles,200,Cenario 1 - Carga Basica 1-8,true,708203,293,10,10,484,0
1774966021280,637,Login,200,Cenario 1 - Carga Basica 1-9,true,771,235,10,10,637,0
1774966021573,401,GET Articles,200,Cenario 1 - Carga Basica 1-3,true,708203,293,10,10,400,0
1774966021532,640,Login,200,Cenario 1 - Carga Basica 1-4,true,771,235,10,10,640,0
1774966021478,696,Login,200,Cenario 1 - Carga Basica 1-6,true,771,235,10,10,696,0
1774966021574,638,GET Articles,200,Cenario 1 - Carga Basica 1-10,true,708202,293,10,10,636,0
1774966021573,669,Login,200,Cenario 1 - Carga Basica 1-5,true,771,235,10,10,669,0
1774966021848,395,GET Articles,200,Cenario 1 - Carga Basica 1-2,true,708202,293,10,10,393,0
1774966021899,381,GET Articles,200,Cenario 1 - Carga Basica 1-7,true,708202,293,10,10,379,0
1774966021919,392,GET Articles,200,Cenario 1 - Carga Basica 1-9,true,708202,293,10,10,390,0
1774966021651,814,Login,200,Cenario 1 - Carga Basica 1-1,true,771,235,10,10,814,0
1774966021906,616,Login,200,Cenario 1 - Carga Basica 1-8,true,771,235,10,10,615,0
1774966022173,350,GET Articles,200,Cenario 1 - Carga Basica 1-4,true,708203,293,10,10,348,0
1774966021975,612,Login,200,Cenario 1 - Carga Basica 1-3,true,771,235,10,10,612,0
1774966022175,413,GET Articles,200,Cenario 1 - Carga Basica 1-6,true,708203,293,10,10,411,0
1774966022243,408,GET Articles,200,Cenario 1 - Carga Basica 1-5,true,708203,293,10,10,406,0
1774966022212,580,Login,200,Cenario 1 - Carga Basica 1-10,true,771,235,10,10,580,0
1774966022244,608,Login,200,Cenario 1 - Carga Basica 1-2,true,771,235,10,10,608,0
1774966022466,447,GET Articles,200,Cenario 1 - Carga Basica 1-1,true,708203,293,10,10,445,0
1774966022280,633,Login,200,Cenario 1 - Carga Basica 1-7,true,771,235,10,10,633,0
1774966022523,487,GET Articles,200,Cenario 1 - Carga Basica 1-8,true,708203,293,10,10,485,0
1774966022311,757,Login,200,Cenario 1 - Carga Basica 1-9,true,771,235,10,10,757,0
1774966022588,481,GET Articles,200,Cenario 1 - Carga Basica 1-3,true,708203,293,10,10,479,0
1774966022523,667,Login,200,Cenario 1 - Carga Basica 1-4,true,771,235,10,10,667,0
1774966022793,458,GET Articles,200,Cenario 1 - Carga Basica 1-10,true,708203,293,10,10,456,0
1774966022854,452,GET Articles,200,Cenario 1 - Carga Basica 1-2,true,708203,293,10,10,450,0
1774966022589,757,Login,200,Cenario 1 - Carga Basica 1-6,true,771,235,10,10,757,0
1774966022651,697,Login,200,Cenario 1 - Carga Basica 1-5,true,771,235,10,10,697,0
1774966022914,473,GET Articles,200,Cenario 1 - Carga Basica 1-7,true,708202,293,10,10,472,0
1774966022913,663,Login,200,Cenario 1 - Carga Basica 1-1,true,771,235,10,10,663,0
1774966023011,624,Login,200,Cenario 1 - Carga Basica 1-8,true,771,235,10,10,624,0
1774966023069,567,GET Articles,200,Cenario 1 - Carga Basica 1-9,true,708203,293,10,10,565,0
1774966023069,628,Login,200,Cenario 1 - Carga Basica 1-3,true,771,235,10,10,628,0
1774966023191,507,GET Articles,200,Cenario 1 - Carga Basica 1-4,true,708203,293,10,10,505,0
1774966023347,413,GET Articles,200,Cenario 1 - Carga Basica 1-6,true,708203,293,10,10,412,0
1774966023349,469,GET Articles,200,Cenario 1 - Carga Basica 1-5,true,708203,293,10,10,467,0
1774966023251,654,Login,200,Cenario 1 - Carga Basica 1-10,true,771,235,10,10,654,0
1774966023577,360,GET Articles,200,Cenario 1 - Carga Basica 1-1,true,708202,293,10,10,358,0
1774966023307,667,Login,200,Cenario 1 - Carga Basica 1-2,true,771,235,10,10,667,0
1774966023636,339,GET Articles,200,Cenario 1 - Carga Basica 1-8,true,708203,293,10,10,337,0
1774966023698,331,GET Articles,200,Cenario 1 - Carga Basica 1-3,true,708203,293,10,10,329,0
1774966023388,700,Login,200,Cenario 1 - Carga Basica 1-7,true,771,235,10,10,700,0
1774966023636,614,Login,200,Cenario 1 - Carga Basica 1-9,true,771,235,10,10,614,0
1774966023698,599,Login,200,Cenario 1 - Carga Basica 1-4,true,771,235,10,10,599,0
1774966023761,631,Login,200,Cenario 1 - Carga Basica 1-6,true,771,235,10,10,631,0
1774966023906,487,GET Articles,200,Cenario 1 - Carga Basica 1-10,true,708203,293,10,10,485,0
1774966023975,480,GET Articles,200,Cenario 1 - Carga Basica 1-2,true,708203,293,10,10,478,0
1774966023818,702,Login,200,Cenario 1 - Carga Basica 1-5,true,771,235,10,10,702,0
1774966023938,723,Login,200,Cenario 1 - Carga Basica 1-1,true,771,235,10,10,723,0
1774966024089,630,GET Articles,200,Cenario 1 - Carga Basica 1-7,true,708203,293,10,10,628,0
1774966023976,747,Login,200,Cenario 1 - Carga Basica 1-8,true,771,235,10,10,747,0
1774966024251,515,GET Articles,200,Cenario 1 - Carga Basica 1-9,true,708203,293,10,10,513,0
1774966024030,806,Login,200,Cenario 1 - Carga Basica 1-3,true,771,235,10,10,806,0
1774966024298,539,GET Articles,200,Cenario 1 - Carga Basica 1-4,true,708203,293,10,10,537,0
1774966024393,451,GET Articles,200,Cenario 1 - Carga Basica 1-6,true,708203,293,10,10,448,0
1774966024521,370,GET Articles,200,Cenario 1 - Carga Basica 1-5,true,708203,293,10,10,368,0
1774966024662,273,GET Articles,200,Cenario 1 - Carga Basica 1-1,true,708203,293,10,10,271,0
1774966024456,667,Login,200,Cenario 1 - Carga Basica 1-2,true,771,235,10,10,667,0
1774966024393,736,Login,200,Cenario 1 - Carga Basica 1-10,true,771,235,10,10,736,0
1774966024724,464,GET Articles,200,Cenario 1 - Carga Basica 1-8,true,708203,293,10,10,463,0
1774966024838,420,GET Articles,200,Cenario 1 - Carga Basica 1-3,true,708203,293,10,10,415,0
1774966024719,538,Login,200,Cenario 1 - Carga Basica 1-7,true,771,235,10,10,538,0
1774966024766,697,Login,200,Cenario 1 - Carga Basica 1-9,true,771,235,10,10,697,0
1774966024845,693,Login,200,Cenario 1 - Carga Basica 1-6,true,771,235,10,10,692,0
1774966024838,701,Login,200,Cenario 1 - Carga Basica 1-4,true,771,235,10,10,701,0
1774966025125,514,GET Articles,200,Cenario 1 - Carga Basica 1-2,true,708203,293,10,10,513,0
1774966025130,565,GET Articles,200,Cenario 1 - Carga Basica 1-10,true,708203,293,10,10,564,0
1774966024892,844,Login,200,Cenario 1 - Carga Basica 1-5,true,771,235,10,10,844,0
1774966025258,539,GET Articles,200,Cenario 1 - Carga Basica 1-7,true,708203,293,10,10,538,0
1774966024936,881,Login,200,Cenario 1 - Carga Basica 1-1,true,771,235,10,10,881,0
1774966025464,410,GET Articles,200,Cenario 1 - Carga Basica 1-9,true,708203,293,10,10,409,0
1774966025538,396,GET Articles,200,Cenario 1 - Carga Basica 1-6,true,708203,293,10,10,395,0
1774966025540,453,GET Articles,200,Cenario 1 - Carga Basica 1-4,true,708203,293,10,10,452,0
1774966025189,804,Login,200,Cenario 1 - Carga Basica 1-8,true,771,235,10,10,804,0
1774966025258,813,Login,200,Cenario 1 - Carga Basica 1-3,true,771,235,10,10,813,0
1774966025737,393,GET Articles,200,Cenario 1 - Carga Basica 1-5,true,708203,293,10,10,392,0
1774966025640,623,Login,200,Cenario 1 - Carga Basica 1-2,true,771,235,10,10,623,0
1774966025695,574,Login,200,Cenario 1 - Carga Basica 1-10,true,771,235,10,10,574,0
1774966025817,504,GET Articles,200,Cenario 1 - Carga Basica 1-1,true,708203,293,10,10,503,0
1774966025798,600,Login,200,Cenario 1 - Carga Basica 1-7,true,771,235,10,10,600,0
1774966025994,440,GET Articles,200,Cenario 1 - Carga Basica 1-8,true,708203,293,10,10,439,0
1774966025934,655,Login,200,Cenario 1 - Carga Basica 1-6,true,771,235,10,10,655,0
1774966025874,721,Login,200,Cenario 1 - Carga Basica 1-9,true,771,235,10,10,721,0
1774966026072,574,GET Articles,200,Cenario 1 - Carga Basica 1-3,true,708203,293,10,10,573,0
1774966026264,445,GET Articles,200,Cenario 1 - Carga Basica 1-2,true,708203,293,10,10,444,0
1774966025994,714,Login,200,Cenario 1 - Carga Basica 1-4,true,771,235,10,10,714,0
1774966026270,482,GET Articles,200,Cenario 1 - Carga Basica 1-10,true,708202,293,10,10,481,0
1774966026399,394,GET Articles,200,Cenario 1 - Carga Basica 1-7,true,708203,293,10,10,393,0
1774966026130,791,Login,200,Cenario 1 - Carga Basica 1-5,true,771,235,10,10,791,0
1774966026590,365,GET Articles,200,Cenario 1 - Carga Basica 1-6,true,708202,293,10,10,364,0
1774966026596,391,GET Articles,200,Cenario 1 - Carga Basica 1-9,true,708202,293,10,10,390,0
1774966026322,666,Login,200,Cenario 1 - Carga Basica 1-1,true,771,235,10,10,666,0
1774966026710,383,GET Articles,200,Cenario 1 - Carga Basica 1-4,true,708203,293,10,10,381,0
1774966026435,657,Login,200,Cenario 1 - Carga Basica 1-8,true,771,235,10,10,657,0
1774966026646,621,Login,200,Cenario 1 - Carga Basica 1-3,true,771,235,10,10,621,0
1774966026710,659,Login,200,Cenario 1 - Carga Basica 1-2,true,771,235,10,10,659,0
1774966026753,617,Login,200,Cenario 1 - Carga Basica 1-10,true,771,235,10,10,617,0
1774966026922,514,GET Articles,200,Cenario 1 - Carga Basica 1-5,true,708203,293,10,10,512,0
1774966026793,743,Login,200,Cenario 1 - Carga Basica 1-7,true,771,235,10,10,743,0
1774966026989,581,GET Articles,200,Cenario 1 - Carga Basica 1-1,true,708203,293,10,10,580,0
1774966026955,687,Login,200,Cenario 1 - Carga Basica 1-6,true,771,235,10,10,687,0
1774966027093,607,GET Articles,200,Cenario 1 - Carga Basica 1-8,true,708203,293,10,10,606,0
1774966026988,713,Login,200,Cenario 1 - Carga Basica 1-9,true,771,235,10,10,713,0
1774966027268,546,GET Articles,200,Cenario 1 - Carga Basica 1-3,true,708203,293,10,10,545,0
1774966027370,450,GET Articles,200,Cenario 1 - Carga Basica 1-2,true,708203,293,10,10,449,0
1774966027371,514,GET Articles,200,Cenario 1 - Carga Basica 1-10,true,708203,293,10,10,513,0
1774966027093,792,Login,200,Cenario 1 - Carga Basica 1-4,true,771,235,10,10,792,0
1774966027537,414,GET Articles,200,Cenario 1 - Carga Basica 1-7,true,708203,293,10,10,413,0
1774966027643,401,GET Articles,200,Cenario 1 - Carga Basica 1-6,true,708203,293,10,10,400,0
1774966027436,663,Login,200,Cenario 1 - Carga Basica 1-5,true,771,235,10,10,663,0
1774966027702,431,GET Articles,200,Cenario 1 - Carga Basica 1-9,true,708202,293,10,10,429,0
1774966027570,596,Login,200,Cenario 1 - Carga Basica 1-1,true,771,235,10,10,596,0
1774966027701,620,Login,200,Cenario 1 - Carga Basica 1-8,true,771,235,10,10,620,0
1774966027814,591,Login,200,Cenario 1 - Carga Basica 1-3,true,771,235,10,10,591,0
1774966027886,559,GET Articles,200,Cenario 1 - Carga Basica 1-4,true,708203,293,10,10,557,0
1774966027820,624,Login,200,Cenario 1 - Carga Basica 1-2,true,771,235,10,10,624,0
1774966027886,706,Login,200,Cenario 1 - Carga Basica 1-10,true,771,235,10,10,706,0
1774966028100,550,GET Articles,200,Cenario 1 - Carga Basica 1-5,true,708203,293,10,10,549,0
1774966027952,762,Login,200,Cenario 1 - Carga Basica 1-7,true,771,235,10,10,762,0
1774966028045,672,Login,200,Cenario 1 - Carga Basica 1-6,true,771,235,10,10,672,0
1774966028167,610,GET Articles,200,Cenario 1 - Carga Basica 1-1,true,708203,293,10,10,609,0
1774966028322,510,GET Articles,200,Cenario 1 - Carga Basica 1-8,true,708203,293,10,10,508,0
1774966028406,484,GET Articles,200,Cenario 1 - Carga Basica 1-3,true,708203,293,10,10,483,0
1774966028446,502,GET Articles,200,Cenario 1 - Carga Basica 1-2,true,708203,293,10,10,500,0
1774966028133,814,Login,200,Cenario 1 - Carga Basica 1-9,true,771,235,10,10,814,0
1774966028593,421,GET Articles,200,Cenario 1 - Carga Basica 1-10,true,708203,293,10,10,419,0
1774966028715,357,GET Articles,200,Cenario 1 - Carga Basica 1-7,true,708203,293,10,10,356,0
1774966028717,411,GET Articles,200,Cenario 1 - Carga Basica 1-6,true,708203,293,10,10,410,0
1774966028445,709,Login,200,Cenario 1 - Carga Basica 1-4,true,771,235,10,10,709,0
1774966028651,567,Login,200,Cenario 1 - Carga Basica 1-5,true,771,235,10,10,567,0
1774966028778,613,Login,200,Cenario 1 - Carga Basica 1-1,true,771,235,10,10,613,0
1774966028948,500,GET Articles,200,Cenario 1 - Carga Basica 1-9,true,708203,293,10,10,499,0
1774966028832,617,Login,200,Cenario 1 - Carga Basica 1-8,true,771,235,10,10,617,0
1774966028891,590,Login,200,Cenario 1 - Carga Basica 1-3,true,771,235,10,10,590,0
1774966028948,769,Login,200,Cenario 1 - Carga Basica 1-2,true,771,235,10,10,769,0
1774966029014,707,Login,200,Cenario 1 - Carga Basica 1-10,true,771,235,10,10,707,0
1774966029155,626,GET Articles,200,Cenario 1 - Carga Basica 1-4,true,708203,293,10,10,625,0
1774966029073,708,Login,200,Cenario 1 - Carga Basica 1-7,true,771,235,10,10,708,0
1774966029219,626,GET Articles,200,Cenario 1 - Carga Basica 1-5,true,708203,293,10,10,625,0
1774966029392,544,GET Articles,200,Cenario 1 - Carga Basica 1-1,true,708204,293,10,10,543,0
1774966029450,549,GET Articles,200,Cenario 1 - Carga Basica 1-8,true,708203,293,10,10,548,0
1774966029128,871,Login,200,Cenario 1 - Carga Basica 1-6,true,771,235,10,10,870,0
1774966029482,627,GET Articles,200,Cenario 1 - Carga Basica 1-3,true,708203,293,10,10,626,0
1774966029718,397,GET Articles,200,Cenario 1 - Carga Basica 1-2,true,708203,293,10,10,396,0
1774966029722,459,GET Articles,200,Cenario 1 - Carga Basica 1-10,true,708203,293,10,10,457,0
1774966029449,773,Login,200,Cenario 1 - Carga Basica 1-9,true,771,235,10,10,773,0
1774966029782,446,GET Articles,200,Cenario 1 - Carga Basica 1-7,true,708203,293,10,10,444,0
1774966029782,726,Login,200,Cenario 1 - Carga Basica 1-4,true,771,235,10,10,726,0
1774966029846,664,Login,200,Cenario 1 - Carga Basica 1-5,true,771,235,10,10,664,0
1774966029936,577,Login,200,Cenario 1 - Carga Basica 1-1,true,771,235,10,10,577,0
1774966029999,558,GET Articles,200,Cenario 1 - Carga Basica 1-6,true,708203,293,10,10,557,0
1774966029999,784,Login,200,Cenario 1 - Carga Basica 1-8,true,771,235,10,10,784,0
1774966030109,711,Login,200,Cenario 1 - Carga Basica 1-3,true,771,235,10,10,711,0
1774966030116,708,Login,200,Cenario 1 - Carga Basica 1-2,true,771,235,10,10,708,0
1774966030223,652,GET Articles,200,Cenario 1 - Carga Basica 1-9,true,708203,293,10,10,651,0
1774966030509,426,GET Articles,200,Cenario 1 - Carga Basica 1-4,true,708203,293,10,10,425,0
1774966030511,511,GET Articles,200,Cenario 1 - Carga Basica 1-5,true,708203,293,10,10,510,0
1774966030513,579,GET Articles,200,Cenario 1 - Carga Basica 1-1,true,708203,293,10,10,578,0
1774966030181,911,Login,200,Cenario 1 - Carga Basica 1-10,true,771,235,10,10,911,0
1774966030784,377,GET Articles,200,Cenario 1 - Carga Basica 1-8,true,708203,293,10,10,375,0
1774966030228,932,Login,200,Cenario 1 - Carga Basica 1-7,true,771,235,10,10,932,0
1774966030825,447,GET Articles,200,Cenario 1 - Carga Basica 1-2,true,708203,293,10,10,445,0
1774966030821,457,GET Articles,200,Cenario 1 - Carga Basica 1-3,true,708203,293,10,10,456,0
1774966030558,812,Login,200,Cenario 1 - Carga Basica 1-6,true,771,235,10,10,812,0
1774966030936,613,Login,200,Cenario 1 - Carga Basica 1-4,true,771,235,10,10,613,0
1774966030875,676,Login,200,Cenario 1 - Carga Basica 1-9,true,771,235,10,10,676,0
1774966031093,518,GET Articles,200,Cenario 1 - Carga Basica 1-10,true,708203,293,10,10,517,0
1774966031023,609,Login,200,Cenario 1 - Carga Basica 1-5,true,771,235,10,10,609,0
1774966031161,529,GET Articles,200,Cenario 1 - Carga Basica 1-7,true,708203,293,10,10,527,0
1774966031092,725,Login,200,Cenario 1 - Carga Basica 1-1,true,771,235,10,10,725,0
1774966031161,714,Login,200,Cenario 1 - Carga Basica 1-8,true,771,235,10,10,714,0
1774966031371,562,GET Articles,200,Cenario 1 - Carga Basica 1-6,true,708203,293,10,10,561,0
1774966031550,456,GET Articles,200,Cenario 1 - Carga Basica 1-4,true,708203,293,10,10,454,0
1774966031272,734,Login,200,Cenario 1 - Carga Basica 1-2,true,771,235,10,10,734,0
1774966031552,498,GET Articles,200,Cenario 1 - Carga Basica 1-9,true,708203,293,10,10,496,0
1774966031633,457,GET Articles,200,Cenario 1 - Carga Basica 1-5,true,708203,293,10,10,455,0
1774966031278,811,Login,200,Cenario 1 - Carga Basica 1-3,true,771,235,10,10,811,0
1774966031818,332,GET Articles,200,Cenario 1 - Carga Basica 1-1,true,708203,293,10,10,331,0
1774966031876,331,GET Articles,200,Cenario 1 - Carga Basica 1-8,true,708203,293,10,10,330,0
1774966031612,674,Login,200,Cenario 1 - Carga Basica 1-10,true,771,235,10,10,674,0
1774966031690,674,Login,200,Cenario 1 - Carga Basica 1-7,true,771,235,10,10,674,0
1774966032007,414,GET Articles,200,Cenario 1 - Carga Basica 1-2,true,708203,293,10,10,412,0
1774966031933,538,Login,200,Cenario 1 - Carga Basica 1-6,true,771,235,10,10,538,0
1774966032006,541,Login,200,Cenario 1 - Carga Basica 1-4,true,771,235,10,10,541,0
1774966032090,514,GET Articles,200,Cenario 1 - Carga Basica 1-3,true,708203,293,10,10,513,0
1774966032050,630,Login,200,Cenario 1 - Carga Basica 1-9,true,771,235,10,10,630,0
1774966032090,638,Login,200,Cenario 1 - Carga Basica 1-5,true,771,235,10,10,638,0
1774966032287,497,GET Articles,200,Cenario 1 - Carga Basica 1-10,true,708203,293,10,10,496,0
1774966032365,476,GET Articles,200,Cenario 1 - Carga Basica 1-7,true,708203,293,10,10,475,0
1774966032150,715,Login,200,Cenario 1 - Carga Basica 1-1,true,771,235,10,10,715,0
1774966032472,451,GET Articles,200,Cenario 1 - Carga Basica 1-6,true,708203,293,10,10,450,0
1774966032207,751,Login,200,Cenario 1 - Carga Basica 1-8,true,771,235,10,10,751,0
1774966032548,410,GET Articles,200,Cenario 1 - Carga Basica 1-4,true,708203,293,10,10,409,0
1774966032681,339,GET Articles,200,Cenario 1 - Carga Basica 1-9,true,708203,293,10,10,338,0
1774966032729,348,GET Articles,200,Cenario 1 - Carga Basica 1-5,true,708203,293,10,10,347,0
1774966032421,683,Login,200,Cenario 1 - Carga Basica 1-2,true,771,235,10,10,683,0
1774966032604,626,Login,200,Cenario 1 - Carga Basica 1-3,true,771,235,10,10,626,0
1774966032866,429,GET Articles,200,Cenario 1 - Carga Basica 1-1,true,708203,293,10,10,427,0
1774966032785,558,Login,200,Cenario 1 - Carga Basica 1-10,true,771,235,10,10,558,0
1774966032958,422,GET Articles,200,Cenario 1 - Carga Basica 1-8,true,708203,293,10,10,420,0
1774966032842,537,Login,200,Cenario 1 - Carga Basica 1-7,true,771,235,10,10,537,0
1774966032924,638,Login,200,Cenario 1 - Carga Basica 1-6,true,771,235,10,10,638,0
1774966032959,687,Login,200,Cenario 1 - Carga Basica 1-4,true,771,235,10,10,687,0
1774966033021,630,Login,200,Cenario 1 - Carga Basica 1-9,true,771,235,10,10,629,0
1774966033105,601,GET Articles,200,Cenario 1 - Carga Basica 1-2,true,708203,293,10,10,599,0
1774966033231,533,GET Articles,200,Cenario 1 - Carga Basica 1-3,true,708203,293,10,10,531,0
1774966033344,474,GET Articles,200,Cenario 1 - Carga Basica 1-10,true,708203,293,10,10,472,0
1774966033078,740,Login,200,Cenario 1 - Carga Basica 1-5,true,771,235,10,10,740,0
1774966033380,499,GET Articles,200,Cenario 1 - Carga Basica 1-7,true,708203,293,10,10,497,0
1774966033563,374,GET Articles,200,Cenario 1 - Carga Basica 1-6,true,708203,293,10,10,372,0
1774966033647,345,GET Articles,200,Cenario 1 - Carga Basica 1-4,true,708203,293,10,10,344,0
1774966033295,737,Login,200,Cenario 1 - Carga Basica 1-1,true,771,235,10,10,737,0
1774966033651,381,GET Articles,200,Cenario 1 - Carga Basica 1-9,true,708203,293,10,10,380,0
1774966033380,706,Login,200,Cenario 1 - Carga Basica 1-8,true,771,235,10,10,706,0
1774966033764,536,Login,200,Cenario 1 - Carga Basica 1-3,true,771,235,10,10,536,0
1774966033818,541,GET Articles,200,Cenario 1 - Carga Basica 1-5,true,708203,293,10,10,539,0
1774966033706,653,Login,200,Cenario 1 - Carga Basica 1-2,true,771,235,10,10,653,0
1774966033818,543,Login,200,Cenario 1 - Carga Basica 1-10,true,771,235,10,10,543,0
1774966033993,635,Login,200,Cenario 1 - Carga Basica 1-4,true,771,235,10,10,635,0
1774966033937,695,Login,200,Cenario 1 - Carga Basica 1-6,true,771,235,10,10,695,0
1774966033880,755,Login,200,Cenario 1 - Carga Basica 1-7,true,771,235,10,10,755,0
1774966034033,637,GET Articles,200,Cenario 1 - Carga Basica 1-1,true,708203,293,10,10,636,0
1774966034087,629,GET Articles,200,Cenario 1 - Carga Basica 1-8,true,708203,293,10,10,627,0
1774966034301,475,GET Articles,200,Cenario 1 - Carga Basica 1-3,true,708203,293,10,10,474,0
1774966034360,483,GET Articles,200,Cenario 1 - Carga Basica 1-2,true,708203,293,10,10,482,0
1774966034361,520,GET Articles,200,Cenario 1 - Carga Basica 1-10,true,708203,293,10,10,519,0
1774966034629,309,GET Articles,200,Cenario 1 - Carga Basica 1-4,true,708203,293,10,10,308,0
1774966034033,913,Login,200,Cenario 1 - Carga Basica 1-9,true,771,235,10,10,913,0
1774966034633,350,GET Articles,200,Cenario 1 - Carga Basica 1-6,true,708203,293,10,10,349,0
1774966034636,386,GET Articles,200,Cenario 1 - Carga Basica 1-7,true,708203,293,10,10,384,0
1774966034359,697,Login,200,Cenario 1 - Carga Basica 1-5,true,771,235,10,10,697,0
1774966034670,591,Login,200,Cenario 1 - Carga Basica 1-1,true,771,235,10,10,591,0
1774966034716,581,Login,200,Cenario 1 - Carga Basica 1-8,true,771,235,10,10,581,0
1774966034776,550,Login,200,Cenario 1 - Carga Basica 1-3,true,771,235,10,10,550,0
1774966034844,682,Login,200,Cenario 1 - Carga Basica 1-2,true,771,235,10,10,682,0
1774966034946,617,GET Articles,200,Cenario 1 - Carga Basica 1-9,true,708203,293,10,10,615,0
1774966034882,680,Login,200,Cenario 1 - Carga Basica 1-10,true,771,235,10,10,680,0
1774966034939,651,Login,200,Cenario 1 - Carga Basica 1-4,true,771,235,10,10,651,0
1774966035057,592,GET Articles,200,Cenario 1 - Carga Basica 1-5,true,708203,293,10,10,591,0
1774966035262,441,GET Articles,200,Cenario 1 - Carga Basica 1-1,true,708203,293,10,10,440,0
1774966035298,462,GET Articles,200,Cenario 1 - Carga Basica 1-8,true,708203,293,10,10,461,0
1774966035327,490,GET Articles,200,Cenario 1 - Carga Basica 1-3,true,708203,293,10,10,488,0
1774966035527,359,GET Articles,200,Cenario 1 - Carga Basica 1-2,true,708203,293,10,10,358,0
1774966034984,903,Login,200,Cenario 1 - Carga Basica 1-6,true,771,235,10,10,903,0
1774966035022,867,Login,200,Cenario 1 - Carga Basica 1-7,true,771,235,10,10,867,0
1774966035591,365,GET Articles,200,Cenario 1 - Carga Basica 1-4,true,708202,293,10,10,363,0
1774966035563,397,GET Articles,200,Cenario 1 - Carga Basica 1-10,true,708203,293,10,10,395,0
1774966035563,606,Login,200,Cenario 1 - Carga Basica 1-9,true,771,235,10,10,606,0
1774966035650,583,Login,200,Cenario 1 - Carga Basica 1-5,true,771,235,10,10,583,0
1774966035704,530,Login,200,Cenario 1 - Carga Basica 1-1,true,771,235,10,10,530,0
1774966035887,410,GET Articles,200,Cenario 1 - Carga Basica 1-6,true,708203,293,10,10,408,0
1774966035761,672,Login,200,Cenario 1 - Carga Basica 1-8,true,771,235,10,10,672,0
1774966035890,601,GET Articles,200,Cenario 1 - Carga Basica 1-7,true,708203,293,10,10,599,0
1774966035817,687,Login,200,Cenario 1 - Carga Basica 1-3,true,771,235,10,10,687,0
1774966035887,672,Login,200,Cenario 1 - Carga Basica 1-2,true,771,235,10,10,672,0
1774966036170,424,GET Articles,200,Cenario 1 - Carga Basica 1-9,true,708202,293,10,10,423,0
1774966036234,396,GET Articles,200,Cenario 1 - Carga Basica 1-5,true,708203,293,10,10,395,0
1774966036234,431,GET Articles,200,Cenario 1 - Carga Basica 1-1,true,708203,293,10,10,430,0
1774966035956,801,Login,200,Cenario 1 - Carga Basica 1-4,true,771,235,10,10,801,0
1774966035960,857,Login,200,Cenario 1 - Carga Basica 1-10,true,771,235,10,10,857,0
1774966036434,384,GET Articles,200,Cenario 1 - Carga Basica 1-8,true,708203,293,10,10,382,0
1774966036505,379,GET Articles,200,Cenario 1 - Carga Basica 1-3,true,708203,293,10,10,377,0
1774966036560,379,GET Articles,200,Cenario 1 - Carga Basica 1-2,true,708203,293,10,10,377,0
1774966036297,643,Login,200,Cenario 1 - Carga Basica 1-6,true,771,235,10,10,643,0
1774966036491,597,Login,200,Cenario 1 - Carga Basica 1-7,true,771,235,10,10,597,0
1774966036595,614,Login,200,Cenario 1 - Carga Basica 1-9,true,771,235,10,10,614,0
1774966036631,585,Login,200,Cenario 1 - Carga Basica 1-5,true,771,235,10,10,585,0
1774966036758,489,GET Articles,200,Cenario 1 - Carga Basica 1-4,true,708203,293,10,10,487,0
1774966036818,494,GET Articles,200,Cenario 1 - Carga Basica 1-10,true,708203,293,10,10,492,0
1774966036666,686,Login,200,Cenario 1 - Carga Basica 1-1,true,771,235,10,10,686,0
1774966036818,701,Login,200,Cenario 1 - Carga Basica 1-8,true,771,235,10,10,701,0
1774966036941,636,GET Articles,200,Cenario 1 - Carga Basica 1-6,true,708203,293,10,10,634,0
1774966036884,752,Login,200,Cenario 1 - Carga Basica 1-3,true,771,235,10,10,752,0
1774966036939,702,Login,200,Cenario 1 - Carga Basica 1-2,true,771,235,10,10,702,0
1774966037089,553,GET Articles,200,Cenario 1 - Carga Basica 1-7,true,708203,293,10,10,551,0
1774966037210,508,GET Articles,200,Cenario 1 - Carga Basica 1-9,true,708202,293,10,10,504,0
1774966037217,503,GET Articles,200,Cenario 1 - Carga Basica 1-5,true,708203,293,10,10,502,0
1774966037353,406,GET Articles,200,Cenario 1 - Carga Basica 1-1,true,708203,293,10,10,405,0
1774966037520,272,GET Articles,200,Cenario 1 - Carga Basica 1-8,true,708202,293,10,10,271,0
1774966037248,672,Login,200,Cenario 1 - Carga Basica 1-4,true,771,235,10,10,672,0
1774966037637,319,GET Articles,200,Cenario 1 - Carga Basica 1-3,true,708203,293,10,10,318,0
1774966037641,351,GET Articles,200,Cenario 1 - Carga Basica 1-2,true,708203,293,10,10,350,0
1774966037312,681,Login,200,Cenario 1 - Carga Basica 1-10,true,771,235,10,10,681,0
1774966037577,480,Login,200,Cenario 1 - Carga Basica 1-6,true,771,235,10,10,480,0
1774966037642,616,Login,200,Cenario 1 - Carga Basica 1-7,true,771,235,10,10,616,0
1774966037719,541,Login,200,Cenario 1 - Carga Basica 1-9,true,771,235,10,10,541,0
1774966037720,600,Login,200,Cenario 1 - Carga Basica 1-5,true,771,235,10,10,600,0
1774966037920,455,GET Articles,200,Cenario 1 - Carga Basica 1-4,true,708203,293,10,10,454,0
1774966037759,761,Login,200,Cenario 1 - Carga Basica 1-1,true,771,235,10,10,761,0
1774966037792,730,Login,200,Cenario 1 - Carga Basica 1-8,true,771,235,10,10,730,0
1774966037994,563,GET Articles,200,Cenario 1 - Carga Basica 1-10,true,708202,293,10,10,563,0
1774966038058,532,GET Articles,200,Cenario 1 - Carga Basica 1-6,true,708203,293,10,10,531,0
1774966038259,367,GET Articles,200,Cenario 1 - Carga Basica 1-7,true,708203,293,10,10,366,0
1774966038261,401,GET Articles,200,Cenario 1 - Carga Basica 1-9,true,708203,293,10,10,400,0
1774966037956,706,Login,200,Cenario 1 - Carga Basica 1-3,true,771,235,10,10,706,0
1774966038320,441,GET Articles,200,Cenario 1 - Carga Basica 1-5,true,708203,293,10,10,441,0
1774966038520,294,GET Articles,200,Cenario 1 - Carga Basica 1-1,true,708203,293,10,10,294,0
1774966037992,822,Login,200,Cenario 1 - Carga Basica 1-2,true,771,235,10,10,822,0
1774966038523,353,GET Articles,200,Cenario 1 - Carga Basica 1-8,true,708203,293,10,10,352,0
1774966038375,552,Login,200,Cenario 1 - Carga Basica 1-4,true,771,235,10,10,552,0
1774966038558,516,Login,200,Cenario 1 - Carga Basica 1-10,true,771,235,10,10,516,0
1774966038590,544,Login,200,Cenario 1 - Carga Basica 1-6,true,771,235,10,10,544,0
1774966038663,508,GET Articles,200,Cenario 1 - Carga Basica 1-3,true,708203,293,10,10,507,0
1774966038626,565,Login,200,Cenario 1 - Carga Basica 1-7,true,771,235,10,10,565,0
1774966038662,666,Login,200,Cenario 1 - Carga Basica 1-9,true,771,235,10,10,666,0
1774966038816,566,GET Articles,200,Cenario 1 - Carga Basica 1-2,true,708203,293,10,10,566,0
1774966038762,662,Login,200,Cenario 1 - Carga Basica 1-5,true,771,235,10,10,662,0
1774966038928,535,GET Articles,200,Cenario 1 - Carga Basica 1-4,true,708203,293,10,10,534,0
1774966038815,647,Login,200,Cenario 1 - Carga Basica 1-1,true,771,235,10,10,647,0
1774966039075,424,GET Articles,200,Cenario 1 - Carga Basica 1-10,true,708202,293,10,10,423,0
1774966039135,389,GET Articles,200,Cenario 1 - Carga Basica 1-6,true,708203,293,10,10,388,0
1774966039192,372,GET Articles,200,Cenario 1 - Carga Basica 1-7,true,708202,293,10,10,371,0
1774966039329,265,GET Articles,200,Cenario 1 - Carga Basica 1-9,true,708202,293,10,10,264,0
1774966038876,764,Login,200,Cenario 1 - Carga Basica 1-8,true,771,235,10,10,764,0
1774966039425,312,GET Articles,200,Cenario 1 - Carga Basica 1-5,true,708203,293,10,10,311,0
1774966039463,315,GET Articles,200,Cenario 1 - Carga Basica 1-1,true,708203,293,10,10,315,0
1774966039171,629,Login,200,Cenario 1 - Carga Basica 1-3,true,771,235,10,10,629,0
1774966039383,478,Login,200,Cenario 1 - Carga Basica 1-2,true,771,235,10,10,478,0
1774966039463,587,Login,200,Cenario 1 - Carga Basica 1-4,true,771,235,10,10,587,0
1774966039499,572,Login,200,Cenario 1 - Carga Basica 1-10,true,771,235,10,10,572,0
1774966039524,606,Login,200,Cenario 1 - Carga Basica 1-6,true,771,235,10,10,605,0
1774966039641,545,GET Articles,200,Cenario 1 - Carga Basica 1-8,true,708203,293,10,10,544,0
1774966039564,759,Login,200,Cenario 1 - Carga Basica 1-7,true,771,235,10,10,759,0
1774966039594,748,Login,200,Cenario 1 - Carga Basica 1-9,true,771,235,10,10,748,0
1774966039800,578,GET Articles,200,Cenario 1 - Carga Basica 1-3,true,708203,293,10,10,578,0
1774966039862,553,GET Articles,200,Cenario 1 - Carga Basica 1-2,true,708203,293,10,10,552,0
1774966040051,402,GET Articles,200,Cenario 1 - Carga Basica 1-4,true,708202,293,10,10,401,0
1774966039737,717,Login,200,Cenario 1 - Carga Basica 1-5,true,771,235,10,10,717,0
1774966040072,450,GET Articles,200,Cenario 1 - Carga Basica 1-10,true,708203,293,10,10,449,0
1774966040130,445,GET Articles,200,Cenario 1 - Carga Basica 1-6,true,708204,293,10,10,445,0
1774966040324,317,GET Articles,200,Cenario 1 - Carga Basica 1-7,true,708203,293,10,10,317,0
1774966039779,863,Login,200,Cenario 1 - Carga Basica 1-1,true,771,235,10,10,863,0
1774966040343,364,GET Articles,200,Cenario 1 - Carga Basica 1-9,true,708203,293,10,10,363,0
1774966040186,664,Login,200,Cenario 1 - Carga Basica 1-8,true,771,235,10,10,664,0
1774966040379,541,Login,200,Cenario 1 - Carga Basica 1-3,true,771,235,10,10,541,0
1774966040455,534,GET Articles,200,Cenario 1 - Carga Basica 1-5,true,708203,293,10,10,533,0
1774966040415,574,Login,200,Cenario 1 - Carga Basica 1-2,true,771,235,10,10,574,0
1774966040453,669,Login,200,Cenario 1 - Carga Basica 1-4,true,771,235,10,10,669,0
1774966040576,683,Login,200,Cenario 1 - Carga Basica 1-6,true,771,235,10,10,683,0
1774966040522,743,Login,200,Cenario 1 - Carga Basica 1-10,true,771,235,10,10,743,0
1774966040642,675,GET Articles,200,Cenario 1 - Carga Basica 1-1,true,708203,293,10,10,674,0
1774966040851,527,GET Articles,200,Cenario 1 - Carga Basica 1-8,true,708203,293,10,10,526,0
1774966040921,515,GET Articles,200,Cenario 1 - Carga Basica 1-3,true,708203,293,10,10,514,0
1774966040642,794,Login,200,Cenario 1 - Carga Basica 1-7,true,771,235,10,10,794,0
1774966040990,507,GET Articles,200,Cenario 1 - Carga Basica 1-2,true,708203,293,10,10,506,0
1774966041122,431,GET Articles,200,Cenario 1 - Carga Basica 1-4,true,708203,293,10,10,430,0
1774966041260,352,GET Articles,200,Cenario 1 - Carga Basica 1-6,true,708203,293,10,10,351,0
1774966040708,904,Login,200,Cenario 1 - Carga Basica 1-9,true,771,235,10,10,904,0
1774966041266,410,GET Articles,200,Cenario 1 - Carga Basica 1-10,true,708203,293,10,10,409,0
1774966040989,714,Login,200,Cenario 1 - Carga Basica 1-5,true,771,235,10,10,714,0
1774966041318,563,Login,200,Cenario 1 - Carga Basica 1-1,true,771,235,10,10,563,0
1774966041437,479,GET Articles,200,Cenario 1 - Carga Basica 1-7,true,708203,293,10,10,479,0
1774966041379,560,Login,200,Cenario 1 - Carga Basica 1-8,true,771,235,10,10,560,0
1774966041436,537,Login,200,Cenario 1 - Carga Basica 1-3,true,771,235,10,10,537,0
1774966041497,684,Login,200,Cenario 1 - Carga Basica 1-2,true,771,235,10,10,684,0
1774966041613,624,GET Articles,200,Cenario 1 - Carga Basica 1-9,true,708203,293,10,10,623,0
1774966041553,684,Login,200,Cenario 1 - Carga Basica 1-4,true,771,235,10,10,684,0
1774966041612,627,Login,200,Cenario 1 - Carga Basica 1-6,true,771,235,10,10,627,0
1774966041704,603,GET Articles,200,Cenario 1 - Carga Basica 1-5,true,708203,293,10,10,602,0
1774966041882,474,GET Articles,200,Cenario 1 - Carga Basica 1-1,true,708203,293,10,10,474,0
1774966041940,479,GET Articles,200,Cenario 1 - Carga Basica 1-8,true,708203,293,10,10,479,0
1774966041974,503,GET Articles,200,Cenario 1 - Carga Basica 1-3,true,708203,293,10,10,502,0
1774966042181,369,GET Articles,200,Cenario 1 - Carga Basica 1-2,true,708203,293,10,10,368,0
1774966041677,873,Login,200,Cenario 1 - Carga Basica 1-10,true,771,235,10,10,873,0
1774966042238,351,GET Articles,200,Cenario 1 - Carga Basica 1-4,true,708203,293,10,10,351,0
1774966042239,409,GET Articles,200,Cenario 1 - Carga Basica 1-6,true,708203,293,10,10,409,0
1774966041917,732,Login,200,Cenario 1 - Carga Basica 1-7,true,771,235,10,10,732,0
1774966042237,585,Login,200,Cenario 1 - Carga Basica 1-9,true,771,235,10,10,585,0
1774966042357,562,Login,200,Cenario 1 - Carga Basica 1-1,true,771,235,10,10,562,0
1774966042307,615,Login,200,Cenario 1 - Carga Basica 1-5,true,771,235,10,10,615,0
1774966042420,664,Login,200,Cenario 1 - Carga Basica 1-8,true,771,235,10,10,664,0
1774966042551,591,GET Articles,200,Cenario 1 - Carga Basica 1-10,true,708203,293,10,10,590,0
1774966042550,632,Login,200,Cenario 1 - Carga Basica 1-2,true,771,235,10,10,632,0
1774966042477,707,Login,200,Cenario 1 - Carga Basica 1-3,true,771,235,10,10,707,0
1774966042650,593,GET Articles,200,Cenario 1 - Carga Basica 1-7,true,708203,293,10,10,593,0
1774966042822,477,GET Articles,200,Cenario 1 - Carga Basica 1-9,true,708203,293,10,10,476,0
1774966042920,437,GET Articles,200,Cenario 1 - Carga Basica 1-1,true,708203,293,10,10,436,0
1774966042923,489,GET Articles,200,Cenario 1 - Carga Basica 1-5,true,708203,293,10,10,488,0
1774966042590,822,Login,200,Cenario 1 - Carga Basica 1-4,true,771,235,10,10,822,0
1774966043085,379,GET Articles,200,Cenario 1 - Carga Basica 1-8,true,708203,293,10,10,378,0
1774966042649,814,Login,200,Cenario 1 - Carga Basica 1-6,true,771,235,10,10,814,0
1774966043184,368,GET Articles,200,Cenario 1 - Carga Basica 1-3,true,708203,293,10,10,368,0
1774966043183,375,GET Articles,200,Cenario 1 - Carga Basica 1-2,true,708203,293,10,10,374,0
1774966043142,529,Login,200,Cenario 1 - Carga Basica 1-10,true,771,235,10,10,529,0
1774966043300,510,Login,200,Cenario 1 - Carga Basica 1-9,true,771,235,10,10,510,0
1774966043244,598,Login,200,Cenario 1 - Carga Basica 1-7,true,771,235,10,10,598,0
1774966043413,435,GET Articles,200,Cenario 1 - Carga Basica 1-4,true,708203,293,10,10,434,0
1774966043357,561,Login,200,Cenario 1 - Carga Basica 1-1,true,771,235,10,10,561,0
1774966043464,489,GET Articles,200,Cenario 1 - Carga Basica 1-6,true,708203,293,10,10,489,0
1774966043413,694,Login,200,Cenario 1 - Carga Basica 1-5,true,771,235,10,10,694,0
1774966043464,650,Login,200,Cenario 1 - Carga Basica 1-8,true,771,235,10,10,650,0
1774966043672,489,GET Articles,200,Cenario 1 - Carga Basica 1-10,true,708203,293,10,10,488,0
1774966043810,423,GET Articles,200,Cenario 1 - Carga Basica 1-9,true,708203,293,10,10,422,0
1774966043553,680,Login,200,Cenario 1 - Carga Basica 1-3,true,771,235,10,10,680,0
1774966043843,429,GET Articles,200,Cenario 1 - Carga Basica 1-7,true,708202,293,10,10,429,0
1774966043919,413,GET Articles,200,Cenario 1 - Carga Basica 1-1,true,708203,293,10,10,412,0
1774966043558,841,Login,200,Cenario 1 - Carga Basica 1-2,true,771,235,10,10,841,0
1774966044108,328,GET Articles,200,Cenario 1 - Carga Basica 1-5,true,708203,293,10,10,328,0
1774966044115,359,GET Articles,200,Cenario 1 - Carga Basica 1-8,true,708203,293,10,10,358,0
1774966043848,666,Login,200,Cenario 1 - Carga Basica 1-4,true,771,235,10,10,666,0
1774966043954,647,Login,200,Cenario 1 - Carga Basica 1-6,true,771,235,10,10,647,0
1774966044234,403,GET Articles,200,Cenario 1 - Carga Basica 1-3,true,708203,293,10,10,402,0
1774966044161,578,Login,200,Cenario 1 - Carga Basica 1-10,true,771,235,10,10,578,0
1774966044233,541,Login,200,Cenario 1 - Carga Basica 1-9,true,771,235,10,10,541,0
1774966044400,410,GET Articles,200,Cenario 1 - Carga Basica 1-2,true,708203,293,10,10,409,0
1774966044273,624,Login,200,Cenario 1 - Carga Basica 1-7,true,771,235,10,10,624,0
1774966044332,671,Login,200,Cenario 1 - Carga Basica 1-1,true,771,235,10,10,671,0
1774966044515,545,GET Articles,200,Cenario 1 - Carga Basica 1-4,true,708203,293,10,10,545,0
1774966044437,631,Login,200,Cenario 1 - Carga Basica 1-5,true,771,235,10,10,631,0
1774966044602,492,GET Articles,200,Cenario 1 - Carga Basica 1-6,true,708202,293,10,10,491,0
1774966044739,411,GET Articles,200,Cenario 1 - Carga Basica 1-10,true,708203,293,10,10,411,0
1774966044776,412,GET Articles,200,Cenario 1 - Carga Basica 1-9,true,708203,293,10,10,411,0
1774966044474,714,Login,200,Cenario 1 - Carga Basica 1-8,true,771,235,10,10,714,0
1774966044898,330,GET Articles,200,Cenario 1 - Carga Basica 1-7,true,708202,293,10,10,329,0
1774966045004,282,GET Articles,200,Cenario 1 - Carga Basica 1-1,true,708203,293,10,10,281,0
1774966044637,736,Login,200,Cenario 1 - Carga Basica 1-3,true,771,235,10,10,736,0
1774966045068,375,GET Articles,200,Cenario 1 - Carga Basica 1-5,true,708203,293,10,10,374,0
1774966044810,655,Login,200,Cenario 1 - Carga Basica 1-2,true,771,235,10,10,655,0
1774966045061,499,Login,200,Cenario 1 - Carga Basica 1-4,true,771,235,10,10,499,0
1774966045094,619,Login,200,Cenario 1 - Carga Basica 1-6,true,771,235,10,10,619,0
1774966045188,568,GET Articles,200,Cenario 1 - Carga Basica 1-8,true,708203,293,10,10,568,0
1774966045151,605,Login,200,Cenario 1 - Carga Basica 1-10,true,771,235,10,10,605,0
1774966045188,635,Login,200,Cenario 1 - Carga Basica 1-9,true,771,235,10,10,635,0
1774966045374,505,GET Articles,200,Cenario 1 - Carga Basica 1-3,true,708203,293,10,10,505,0
1774966045228,793,Login,200,Cenario 1 - Carga Basica 1-7,true,771,235,10,10,793,0
1774966045287,737,Login,200,Cenario 1 - Carga Basica 1-1,true,771,235,10,10,737,0
1774966045466,592,GET Articles,200,Cenario 1 - Carga Basica 1-2,true,708202,293,10,10,591,0
1774966045561,535,GET Articles,200,Cenario 1 - Carga Basica 1-4,true,708203,293,10,10,535,0
1774966045714,419,GET Articles,200,Cenario 1 - Carga Basica 1-6,true,708204,293,10,10,419,0
1774966045444,698,Login,200,Cenario 1 - Carga Basica 1-5,true,771,235,10,10,698,0
1774966045757,425,GET Articles,200,Cenario 1 - Carga Basica 1-10,true,708203,293,10,10,424,0
1774966045823,399,GET Articles,200,Cenario 1 - Carga Basica 1-9,true,708203,293,10,10,399,0
1774966046022,231,GET Articles,200,Cenario 1 - Carga Basica 1-7,true,708202,293,10,10,230,0
1774966046025,258,GET Articles,200,Cenario 1 - Carga Basica 1-1,true,708202,293,10,10,257,0
1774966045757,648,Login,200,Cenario 1 - Carga Basica 1-8,true,771,235,10,10,648,0
1774966045880,572,Login,200,Cenario 1 - Carga Basica 1-3,true,771,235,10,10,572,0
1774966046058,488,Login,200,Cenario 1 - Carga Basica 1-2,true,771,235,10,10,488,0
1774966046143,436,GET Articles,200,Cenario 1 - Carga Basica 1-5,true,708202,293,10,10,435,0
1774966046097,567,Login,200,Cenario 1 - Carga Basica 1-4,true,771,235,10,10,567,0
1774966046134,582,Login,200,Cenario 1 - Carga Basica 1-6,true,771,235,10,10,582,0
1774966046183,652,Login,200,Cenario 1 - Carga Basica 1-10,true,771,235,10,10,652,0
1774966046223,698,Login,200,Cenario 1 - Carga Basica 1-9,true,771,235,10,10,698,0
1774966046406,550,GET Articles,200,Cenario 1 - Carga Basica 1-8,true,708203,293,10,10,549,0
1774966046453,536,GET Articles,200,Cenario 1 - Carga Basica 1-3,true,708202,293,10,10,536,0
1774966046253,736,Login,200,Cenario 1 - Carga Basica 1-7,true,771,235,10,10,736,0
1774966046547,540,GET Articles,200,Cenario 1 - Carga Basica 1-2,true,708203,293,10,10,539,0
1774966046665,457,GET Articles,200,Cenario 1 - Carga Basica 1-4,true,708202,293,10,10,456,0
1774966046283,839,Login,200,Cenario 1 - Carga Basica 1-1,true,771,235,10,10,839,0
1774966046836,350,GET Articles,200,Cenario 1 - Carga Basica 1-10,true,708203,293,10,10,349,0
1774966046717,473,GET Articles,200,Cenario 1 - Carga Basica 1-6,true,708203,293,10,10,472,0
1774966046922,312,GET Articles,200,Cenario 1 - Carga Basica 1-9,true,708203,293,10,10,311,0
1774966046579,678,Login,200,Cenario 1 - Carga Basica 1-5,true,771,235,10,10,678,0
1774966046990,302,GET Articles,200,Cenario 1 - Carga Basica 1-7,true,708203,293,10,10,301,0
1774966046956,500,Login,200,Cenario 1 - Carga Basica 1-8,true,771,235,10,10,499,0
1774966046990,503,Login,200,Cenario 1 - Carga Basica 1-3,true,771,235,10,10,503,0
1774966047123,400,GET Articles,200,Cenario 1 - Carga Basica 1-1,true,708202,293,10,10,399,0
1774966047088,464,Login,200,Cenario 1 - Carga Basica 1-2,true,771,235,10,10,464,0
1774966047123,601,Login,200,Cenario 1 - Carga Basica 1-4,true,771,235,10,10,601,0
1774966047186,608,Login,200,Cenario 1 - Carga Basica 1-10,true,771,235,10,10,608,0
1774966047258,578,GET Articles,200,Cenario 1 - Carga Basica 1-5,true,708203,293,10,10,578,0
1774966047190,646,Login,200,Cenario 1 - Carga Basica 1-6,true,771,235,10,10,646,0
1774966047456,421,GET Articles,200,Cenario 1 - Carga Basica 1-8,true,708203,293,10,10,420,0
1774966047494,415,GET Articles,200,Cenario 1 - Carga Basica 1-3,true,708203,293,10,10,414,0
1774966047234,753,Login,200,Cenario 1 - Carga Basica 1-9,true,771,235,10,10,753,0
1774966047553,491,GET Articles,200,Cenario 1 - Carga Basica 1-2,true,708203,293,10,10,490,0
1774966047725,376,GET Articles,200,Cenario 1 - Carga Basica 1-4,true,708203,293,10,10,375,0
1774966047292,810,Login,200,Cenario 1 - Carga Basica 1-7,true,771,235,10,10,810,0
1774966047794,368,GET Articles,200,Cenario 1 - Carga Basica 1-10,true,708203,293,10,10,367,0
1774966047837,361,GET Articles,200,Cenario 1 - Carga Basica 1-6,true,708202,293,10,10,360,0
1774966047523,675,Login,200,Cenario 1 - Carga Basica 1-1,true,771,235,10,10,675,0
1774966047836,533,Login,200,Cenario 1 - Carga Basica 1-5,true,771,235,10,10,533,0
1774966047988,437,GET Articles,200,Cenario 1 - Carga Basica 1-9,true,708203,293,10,10,436,0
1774966047878,589,Login,200,Cenario 1 - Carga Basica 1-8,true,771,235,10,10,589,0
1774966047909,559,Login,200,Cenario 1 - Carga Basica 1-3,true,771,235,10,10,559,0
1774966048103,428,GET Articles,200,Cenario 1 - Carga Basica 1-7,true,708203,293,10,10,427,0
1774966048044,643,Login,200,Cenario 1 - Carga Basica 1-2,true,771,235,10,10,643,0
1774966048101,636,Login,200,Cenario 1 - Carga Basica 1-4,true,771,235,10,10,636,0
1774966048199,598,GET Articles,200,Cenario 1 - Carga Basica 1-1,true,708203,293,10,10,597,0
1774966048162,636,Login,200,Cenario 1 - Carga Basica 1-10,true,771,235,10,10,636,0
1774966048369,465,GET Articles,200,Cenario 1 - Carga Basica 1-5,true,708202,293,10,10,464,0
1774966048467,399,GET Articles,200,Cenario 1 - Carga Basica 1-8,true,708202,293,10,10,398,0
1774966048469,427,GET Articles,200,Cenario 1 - Carga Basica 1-3,true,708202,293,10,10,426,0
1774966048198,758,Login,200,Cenario 1 - Carga Basica 1-6,true,771,235,10,10,758,0
1774966048688,329,GET Articles,200,Cenario 1 - Carga Basica 1-2,true,708203,293,10,10,328,0
1774966048737,338,GET Articles,200,Cenario 1 - Carga Basica 1-4,true,708203,293,10,10,336,0
1774966048425,653,Login,200,Cenario 1 - Carga Basica 1-9,true,771,235,10,10,653,0
1774966048799,324,GET Articles,200,Cenario 1 - Carga Basica 1-10,true,708203,293,10,10,320,0
1774966048531,641,Login,200,Cenario 1 - Carga Basica 1-7,true,771,235,10,10,641,0
1774966048797,556,Login,200,Cenario 1 - Carga Basica 1-1,true,771,235,10,10,556,0
1774966048834,558,Login,200,Cenario 1 - Carga Basica 1-5,true,771,235,10,10,558,0
1774966048957,493,GET Articles,200,Cenario 1 - Carga Basica 1-6,true,708203,293,10,10,492,0
1774966048866,584,Login,200,Cenario 1 - Carga Basica 1-8,true,771,235,10,10,584,0
1774966048897,719,Login,200,Cenario 1 - Carga Basica 1-3,true,771,235,10,10,719,0
1774966049079,595,GET Articles,200,Cenario 1 - Carga Basica 1-9,true,708203,293,10,10,594,0
1774966049018,698,Login,200,Cenario 1 - Carga Basica 1-2,true,771,235,10,10,698,0
1774966049075,643,Login,200,Cenario 1 - Carga Basica 1-4,true,771,235,10,10,642,0
1774966049173,646,GET Articles,200,Cenario 1 - Carga Basica 1-7,true,708203,293,10,10,645,0
1774966049353,471,GET Articles,200,Cenario 1 - Carga Basica 1-1,true,708203,293,10,10,470,0
1774966049393,500,GET Articles,200,Cenario 1 - Carga Basica 1-5,true,708203,293,10,10,499,0
1774966049451,502,GET Articles,200,Cenario 1 - Carga Basica 1-8,true,708203,293,10,10,501,0
1774966049123,830,Login,200,Cenario 1 - Carga Basica 1-10,true,771,235,10,10,830,0
1774966049617,400,GET Articles,200,Cenario 1 - Carga Basica 1-3,true,708203,293,10,10,399,0
1774966049717,338,GET Articles,200,Cenario 1 - Carga Basica 1-2,true,708203,293,10,10,337,0
1774966049718,374,GET Articles,200,Cenario 1 - Carga Basica 1-4,true,708203,293,10,10,374,0
1774966049450,658,Login,200,Cenario 1 - Carga Basica 1-6,true,771,235,10,10,658,0
1774966049674,559,Login,200,Cenario 1 - Carga Basica 1-9,true,771,235,10,10,559,0
1774966049819,547,Login,200,Cenario 1 - Carga Basica 1-7,true,771,235,10,10,547,0
1774966049824,558,Login,200,Cenario 1 - Carga Basica 1-1,true,771,235,10,10,558,0
1774966049954,463,GET Articles,200,Cenario 1 - Carga Basica 1-10,true,708203,293,10,10,462,0
1774966049893,613,Login,200,Cenario 1 - Carga Basica 1-5,true,771,235,10,10,613,0
1774966049953,682,Login,200,Cenario 1 - Carga Basica 1-8,true,771,235,10,10,682,0
1774966050019,663,Login,200,Cenario 1 - Carga Basica 1-3,true,771,235,10,10,663,0
1774966050109,609,GET Articles,200,Cenario 1 - Carga Basica 1-6,true,708203,293,10,10,609,0
1774966050234,514,GET Articles,200,Cenario 1 - Carga Basica 1-9,true,708202,293,10,10,513,0
1774966050367,413,GET Articles,200,Cenario 1 - Carga Basica 1-7,true,708202,293,10,10,412,0
1774966050055,724,Login,200,Cenario 1 - Carga Basica 1-2,true,771,235,10,10,724,0
1774966050382,434,GET Articles,200,Cenario 1 - Carga Basica 1-1,true,708202,293,10,10,434,0
1774966050507,363,GET Articles,200,Cenario 1 - Carga Basica 1-5,true,708203,293,10,10,362,0
1774966050636,290,GET Articles,200,Cenario 1 - Carga Basica 1-8,true,708203,293,10,10,289,0
1774966050093,832,Login,200,Cenario 1 - Carga Basica 1-4,true,771,235,10,10,832,0
1774966050683,279,GET Articles,200,Cenario 1 - Carga Basica 1-3,true,708202,293,10,10,278,0
1774966050417,632,Login,200,Cenario 1 - Carga Basica 1-10,true,771,235,10,10,632,0
1774966050780,363,GET Articles,200,Cenario 1 - Carga Basica 1-2,true,708203,293,10,10,363,0
1774966050719,475,Login,200,Cenario 1 - Carga Basica 1-6,true,771,235,10,10,475,0
1774966050749,475,Login,200,Cenario 1 - Carga Basica 1-9,true,771,235,10,10,475,0
1774966050780,623,Login,200,Cenario 1 - Carga Basica 1-7,true,771,235,10,10,623,0
1774966050926,530,GET Articles,200,Cenario 1 - Carga Basica 1-4,true,708203,293,10,10,529,0
1774966050817,640,Login,200,Cenario 1 - Carga Basica 1-1,true,771,235,10,10,640,0
1774966050870,611,Login,200,Cenario 1 - Carga Basica 1-5,true,771,235,10,10,611,0
1774966051050,471,GET Articles,200,Cenario 1 - Carga Basica 1-10,true,708203,293,10,10,470,0
1774966050962,752,Login,200,Cenario 1 - Carga Basica 1-3,true,771,235,10,10,752,0
1774966051195,557,GET Articles,200,Cenario 1 - Carga Basica 1-6,true,708203,293,10,10,556,0
1774966050926,826,Login,200,Cenario 1 - Carga Basica 1-8,true,771,235,10,10,826,0
1774966051404,388,GET Articles,200,Cenario 1 - Carga Basica 1-7,true,708202,293,10,10,387,0
1774966051144,672,Login,200,Cenario 1 - Carga Basica 1-2,true,771,235,10,10,672,0
1774966051225,597,GET Articles,200,Cenario 1 - Carga Basica 1-9,true,708203,293,10,10,596,0
1774966051458,429,GET Articles,200,Cenario 1 - Carga Basica 1-1,true,708203,293,10,10,428,0
1774966051481,447,GET Articles,200,Cenario 1 - Carga Basica 1-5,true,708203,293,10,10,446,0
1774966051715,275,GET Articles,200,Cenario 1 - Carga Basica 1-3,true,708203,293,10,10,274,0
1774966051456,632,Login,200,Cenario 1 - Carga Basica 1-4,true,771,235,10,10,632,0
1774966051753,394,GET Articles,200,Cenario 1 - Carga Basica 1-8,true,708203,293,10,10,393,0
1774966051521,673,Login,200,Cenario 1 - Carga Basica 1-10,true,771,235,10,10,673,0
1774966051817,423,GET Articles,200,Cenario 1 - Carga Basica 1-2,true,708203,293,10,10,422,0
1774966051752,501,Login,200,Cenario 1 - Carga Basica 1-6,true,771,235,10,10,501,0
1774966051792,615,Login,200,Cenario 1 - Carga Basica 1-7,true,771,235,10,10,615,0
1774966051822,673,Login,200,Cenario 1 - Carga Basica 1-9,true,771,235,10,10,673,0
1774966051888,628,Login,200,Cenario 1 - Carga Basica 1-1,true,771,235,10,10,628,0
1774966052089,482,GET Articles,200,Cenario 1 - Carga Basica 1-4,true,708203,293,10,10,482,0
1774966051928,741,Login,200,Cenario 1 - Carga Basica 1-5,true,771,235,10,10,741,0
1774966052195,533,GET Articles,200,Cenario 1 - Carga Basica 1-10,true,708203,293,10,10,531,0
1774966051990,762,Login,200,Cenario 1 - Carga Basica 1-3,true,771,235,10,10,762,0
1774966052253,532,GET Articles,200,Cenario 1 - Carga Basica 1-6,true,708202,293,10,10,531,0
1774966052407,470,GET Articles,200,Cenario 1 - Carga Basica 1-7,true,708203,293,10,10,469,0
1774966052148,729,Login,200,Cenario 1 - Carga Basica 1-8,true,771,235,10,10,729,0
1774966052496,418,GET Articles,200,Cenario 1 - Carga Basica 1-9,true,708202,293,10,10,417,0
1774966052516,452,GET Articles,200,Cenario 1 - Carga Basica 1-1,true,708203,293,10,10,451,0
1774966052670,359,GET Articles,200,Cenario 1 - Carga Basica 1-5,true,708203,293,10,10,358,0
1774966052240,789,Login,200,Cenario 1 - Carga Basica 1-2,true,771,235,10,10,789,0
1774966052753,343,GET Articles,200,Cenario 1 - Carga Basica 1-3,true,708203,293,10,10,341,0
1774966052572,673,Login,200,Cenario 1 - Carga Basica 1-4,true,771,235,10,10,673,0
1774966052728,583,Login,200,Cenario 1 - Carga Basica 1-10,true,771,235,10,10,583,0
1774966052878,467,GET Articles,200,Cenario 1 - Carga Basica 1-8,true,708202,293,10,10,466,0
1774966052785,583,Login,200,Cenario 1 - Carga Basica 1-6,true,771,235,10,10,583,0
1774966052877,642,Login,200,Cenario 1 - Carga Basica 1-7,true,771,235,10,10,642,0
1774966052914,702,Login,200,Cenario 1 - Carga Basica 1-9,true,771,235,10,10,702,0
1774966053030,645,GET Articles,200,Cenario 1 - Carga Basica 1-2,true,708203,293,10,10,644,0
1774966052968,707,Login,200,Cenario 1 - Carga Basica 1-1,true,771,235,10,10,707,0
1774966053246,490,GET Articles,200,Cenario 1 - Carga Basica 1-4,true,708203,293,10,10,489,0
1774966053312,482,GET Articles,200,Cenario 1 - Carga Basica 1-10,true,708203,293,10,10,481,0
1774966053029,765,Login,200,Cenario 1 - Carga Basica 1-5,true,771,235,10,10,765,0
1774966053369,488,GET Articles,200,Cenario 1 - Carga Basica 1-6,true,708203,293,10,10,487,0
1774966053520,393,GET Articles,200,Cenario 1 - Carga Basica 1-7,true,708203,293,10,10,392,0
1774966053617,356,GET Articles,200,Cenario 1 - Carga Basica 1-9,true,708203,293,10,10,355,0
1774966053096,877,Login,200,Cenario 1 - Carga Basica 1-3,true,771,235,10,10,877,0
1774966053676,360,GET Articles,200,Cenario 1 - Carga Basica 1-1,true,708203,293,10,10,360,0
1774966053345,718,Login,200,Cenario 1 - Carga Basica 1-8,true,771,235,10,10,718,0
1774966053675,573,Login,200,Cenario 1 - Carga Basica 1-2,true,771,235,10,10,573,0
1774966053795,534,GET Articles,200,Cenario 1 - Carga Basica 1-5,true,708203,293,10,10,533,0
1774966053736,593,Login,200,Cenario 1 - Carga Basica 1-4,true,771,235,10,10,593,0
1774966053794,537,Login,200,Cenario 1 - Carga Basica 1-10,true,771,235,10,10,537,0
1774966053913,691,Login,200,Cenario 1 - Carga Basica 1-7,true,771,235,10,10,691,0
1774966053858,748,Login,200,Cenario 1 - Carga Basica 1-6,true,771,235,10,10,748,0
1774966053973,634,Login,200,Cenario 1 - Carga Basica 1-9,true,771,235,10,10,634,0
1774966053974,701,GET Articles,200,Cenario 1 - Carga Basica 1-3,true,708203,293,10,10,701,0
1774966054063,662,GET Articles,200,Cenario 1 - Carga Basica 1-8,true,708203,293,10,10,661,0
1774966054248,539,GET Articles,200,Cenario 1 - Carga Basica 1-2,true,708203,293,10,10,538,0
1774966054330,512,GET Articles,200,Cenario 1 - Carga Basica 1-4,true,708203,293,10,10,511,0
1774966054332,558,GET Articles,200,Cenario 1 - Carga Basica 1-10,true,708203,293,10,10,557,0
1774966054037,853,Login,200,Cenario 1 - Carga Basica 1-1,true,771,235,10,10,853,0
1774966054605,330,GET Articles,200,Cenario 1 - Carga Basica 1-7,true,708203,293,10,10,330,0
1774966054607,362,GET Articles,200,Cenario 1 - Carga Basica 1-6,true,708203,293,10,10,361,0
1774966054608,399,GET Articles,200,Cenario 1 - Carga Basica 1-9,true,708202,293,10,10,398,0
1774966054329,678,Login,200,Cenario 1 - Carga Basica 1-5,true,771,235,10,10,678,0
1774966054676,570,Login,200,Cenario 1 - Carga Basica 1-3,true,771,235,10,10,570,0
1774966054725,560,Login,200,Cenario 1 - Carga Basica 1-8,true,771,235,10,10,560,0
1774966054788,498,Login,200,Cenario 1 - Carga Basica 1-2,true,771,235,10,10,498,0
1774966054890,460,GET Articles,200,Cenario 1 - Carga Basica 1-1,true,708203,293,10,10,459,0
1774966054842,670,Login,200,Cenario 1 - Carga Basica 1-4,true,771,235,10,10,670,0
1774966054890,668,Login,200,Cenario 1 - Carga Basica 1-10,true,771,235,10,10,668,0
1774966054936,679,Login,200,Cenario 1 - Carga Basica 1-7,true,771,235,10,10,679,0
1774966055008,667,GET Articles,200,Cenario 1 - Carga Basica 1-5,true,708203,293,10,10,666,0
1774966055247,483,GET Articles,200,Cenario 1 - Carga Basica 1-3,true,708203,293,10,10,482,0
1774966055286,497,GET Articles,200,Cenario 1 - Carga Basica 1-8,true,708203,293,10,10,497,0
1774966054970,813,Login,200,Cenario 1 - Carga Basica 1-6,true,771,235,10,10,813,0
1774966055287,565,GET Articles,200,Cenario 1 - Carga Basica 1-2,true,708203,293,10,10,564,0
1774966055008,844,Login,200,Cenario 1 - Carga Basica 1-9,true,771,235,10,10,844,0
1774966055558,368,GET Articles,200,Cenario 1 - Carga Basica 1-10,true,708203,293,10,10,367,0
1774966055512,441,GET Articles,200,Cenario 1 - Carga Basica 1-4,true,708203,293,10,10,440,0
1774966055616,395,GET Articles,200,Cenario 1 - Carga Basica 1-7,true,708203,293,10,10,394,0
1774966055350,714,Login,200,Cenario 1 - Carga Basica 1-1,true,771,235,10,10,714,0
1774966055676,548,Login,200,Cenario 1 - Carga Basica 1-5,true,771,235,10,10,548,0
1774966055784,496,GET Articles,200,Cenario 1 - Carga Basica 1-6,true,708203,293,10,10,495,0
1774966055731,551,Login,200,Cenario 1 - Carga Basica 1-3,true,771,235,10,10,551,0
1774966055853,483,GET Articles,200,Cenario 1 - Carga Basica 1-9,true,708203,293,10,10,482,0
1774966055784,552,Login,200,Cenario 1 - Carga Basica 1-8,true,771,235,10,10,552,0
1774966055852,695,Login,200,Cenario 1 - Carga Basica 1-2,true,771,235,10,10,695,0
1774966055953,655,Login,200,Cenario 1 - Carga Basica 1-4,true,771,235,10,10,655,0
1774966055927,682,Login,200,Cenario 1 - Carga Basica 1-10,true,771,235,10,10,682,0
1774966056065,581,GET Articles,200,Cenario 1 - Carga Basica 1-1,true,708202,293,10,10,580,0
1774966056225,449,GET Articles,200,Cenario 1 - Carga Basica 1-5,true,708203,293,10,10,449,0
1774966056282,446,GET Articles,200,Cenario 1 - Carga Basica 1-3,true,708203,293,10,10,445,0
1774966056011,797,Login,200,Cenario 1 - Carga Basica 1-7,true,771,235,10,10,797,0
1774966056337,528,GET Articles,200,Cenario 1 - Carga Basica 1-8,true,708203,293,10,10,527,0
1774966056548,375,GET Articles,200,Cenario 1 - Carga Basica 1-2,true,708203,293,10,10,374,0
1774966056608,362,GET Articles,200,Cenario 1 - Carga Basica 1-4,true,708203,293,10,10,361,0
1774966056281,688,Login,200,Cenario 1 - Carga Basica 1-6,true,771,235,10,10,688,0
1774966056610,423,GET Articles,200,Cenario 1 - Carga Basica 1-10,true,708203,293,10,10,422,0
1774966056336,697,Login,200,Cenario 1 - Carga Basica 1-9,true,771,235,10,10,697,0
1774966056646,596,Login,200,Cenario 1 - Carga Basica 1-1,true,771,235,10,10,596,0
1774966056809,491,GET Articles,200,Cenario 1 - Carga Basica 1-7,true,708203,293,10,10,490,0
1774966056728,577,Login,200,Cenario 1 - Carga Basica 1-3,true,771,235,10,10,577,0
1774966056675,631,Login,200,Cenario 1 - Carga Basica 1-5,true,771,235,10,10,631,0
1774966056970,399,GET Articles,200,Cenario 1 - Carga Basica 1-6,true,708203,293,10,10,398,0
1774966056865,702,Login,200,Cenario 1 - Carga Basica 1-8,true,771,235,10,10,702,0
1774966056923,651,Login,200,Cenario 1 - Carga Basica 1-2,true,771,235,10,10,651,0
1774966057034,634,GET Articles,200,Cenario 1 - Carga Basica 1-9,true,708203,293,10,10,633,0
1774966056970,698,Login,200,Cenario 1 - Carga Basica 1-4,true,771,235,10,10,698,0
1774966057243,486,GET Articles,200,Cenario 1 - Carga Basica 1-1,true,708203,293,10,10,486,0
1774966057306,480,GET Articles,200,Cenario 1 - Carga Basica 1-3,true,708203,293,10,10,480,0
1774966057307,533,GET Articles,200,Cenario 1 - Carga Basica 1-5,true,708203,293,10,10,533,0
1774966057033,808,Login,200,Cenario 1 - Carga Basica 1-10,true,771,235,10,10,808,0
1774966057568,336,GET Articles,200,Cenario 1 - Carga Basica 1-8,true,708203,293,10,10,336,0
1774966057575,382,GET Articles,200,Cenario 1 - Carga Basica 1-2,true,708203,293,10,10,381,0
1774966057300,657,Login,200,Cenario 1 - Carga Basica 1-7,true,771,235,10,10,657,0
1774966057669,332,GET Articles,200,Cenario 1 - Carga Basica 1-4,true,708203,293,10,10,331,0
1774966057369,747,Login,200,Cenario 1 - Carga Basica 1-6,true,771,235,10,10,747,0
1774966057668,561,Login,200,Cenario 1 - Carga Basica 1-9,true,771,235,10,10,561,0
1774966057730,533,Login,200,Cenario 1 - Carga Basica 1-1,true,771,235,10,10,533,0
1774966057841,477,GET Articles,200,Cenario 1 - Carga Basica 1-10,true,708203,293,10,10,477,0
1774966057787,594,Login,200,Cenario 1 - Carga Basica 1-3,true,771,235,10,10,594,0
1774966057841,655,Login,200,Cenario 1 - Carga Basica 1-5,true,771,235,10,10,655,0
1774966057958,595,GET Articles,200,Cenario 1 - Carga Basica 1-7,true,708203,293,10,10,594,0
1774966057905,676,Login,200,Cenario 1 - Carga Basica 1-8,true,771,235,10,10,676,0
1774966058117,523,GET Articles,200,Cenario 1 - Carga Basica 1-6,true,708203,293,10,10,522,0
1774966057957,688,Login,200,Cenario 1 - Carga Basica 1-2,true,771,235,10,10,688,0
1774966058230,502,GET Articles,200,Cenario 1 - Carga Basica 1-9,true,708203,293,10,10,501,0
1774966058263,529,GET Articles,200,Cenario 1 - Carga Basica 1-1,true,708203,293,10,10,529,0
1774966058382,458,GET Articles,200,Cenario 1 - Carga Basica 1-3,true,708203,293,10,10,457,0
1774966058001,839,Login,200,Cenario 1 - Carga Basica 1-4,true,771,235,10,10,839,0
1774966058496,405,GET Articles,200,Cenario 1 - Carga Basica 1-5,true,708203,293,10,10,404,0
1774966058582,378,GET Articles,200,Cenario 1 - Carga Basica 1-8,true,708203,293,10,10,378,0
1774966058319,685,Login,200,Cenario 1 - Carga Basica 1-10,true,771,235,10,10,685,0
1774966058646,419,GET Articles,200,Cenario 1 - Carga Basica 1-2,true,708203,293,10,10,418,0
1774966058553,566,Login,200,Cenario 1 - Carga Basica 1-7,true,771,235,10,10,566,0
1774966058640,593,Login,200,Cenario 1 - Carga Basica 1-6,true,771,235,10,10,593,0
1774966058732,602,Login,200,Cenario 1 - Carga Basica 1-9,true,771,235,10,10,602,0
1774966058841,553,GET Articles,200,Cenario 1 - Carga Basica 1-4,true,708203,293,10,10,552,0
1774966058793,602,Login,200,Cenario 1 - Carga Basica 1-1,true,771,235,10,10,602,0
1774966058840,655,Login,200,Cenario 1 - Carga Basica 1-3,true,771,235,10,10,655,0
1774966059005,545,GET Articles,200,Cenario 1 - Carga Basica 1-10,true,708203,293,10,10,544,0
1774966058961,694,Login,200,Cenario 1 - Carga Basica 1-8,true,771,235,10,10,694,0
1774966058902,758,Login,200,Cenario 1 - Carga Basica 1-5,true,771,235,10,10,758,0
1774966059120,590,GET Articles,200,Cenario 1 - Carga Basica 1-7,true,708203,293,10,10,589,0
1774966059335,411,GET Articles,200,Cenario 1 - Carga Basica 1-9,true,708202,293,10,10,410,0
1774966059234,544,GET Articles,200,Cenario 1 - Carga Basica 1-6,true,708204,293,10,10,544,0
1774966059395,423,GET Articles,200,Cenario 1 - Carga Basica 1-1,true,708202,293,10,10,422,0
1774966059065,753,Login,200,Cenario 1 - Carga Basica 1-2,true,771,235,10,10,753,0
1774966059496,387,GET Articles,200,Cenario 1 - Carga Basica 1-3,true,708203,293,10,10,386,0
1774966059655,295,GET Articles,200,Cenario 1 - Carga Basica 1-8,true,708203,293,10,10,294,0
1774966059661,321,GET Articles,200,Cenario 1 - Carga Basica 1-5,true,708202,293,10,10,320,0
1774966059394,658,Login,200,Cenario 1 - Carga Basica 1-4,true,771,235,10,10,658,0
1774966059550,544,Login,200,Cenario 1 - Carga Basica 1-10,true,771,235,10,10,544,0
1774966059710,545,Login,200,Cenario 1 - Carga Basica 1-7,true,771,235,10,10,545,0
1774966059746,579,Login,200,Cenario 1 - Carga Basica 1-9,true,771,235,10,10,579,0
1774966059819,558,GET Articles,200,Cenario 1 - Carga Basica 1-2,true,708203,293,10,10,557,0
1774966059779,598,Login,200,Cenario 1 - Carga Basica 1-6,true,771,235,10,10,598,0
1774966059818,711,Login,200,Cenario 1 - Carga Basica 1-1,true,771,235,10,10,711,0
1774966059883,764,Login,200,Cenario 1 - Carga Basica 1-3,true,771,235,10,10,764,0
1774966059951,697,Login,200,Cenario 1 - Carga Basica 1-8,true,771,235,10,10,697,0
1774966060052,658,GET Articles,200,Cenario 1 - Carga Basica 1-4,true,708203,293,10,10,657,0
1774966060094,622,GET Articles,200,Cenario 1 - Carga Basica 1-10,true,708203,293,10,10,621,0
1774966060256,505,GET Articles,200,Cenario 1 - Carga Basica 1-7,true,708202,293,10,10,504,0
1774966060326,460,GET Articles,200,Cenario 1 - Carga Basica 1-9,true,708203,293,10,10,459,0
1774966059982,810,Login,200,Cenario 1 - Carga Basica 1-5,true,771,235,10,10,810,0
1774966060378,451,GET Articles,200,Cenario 1 - Carga Basica 1-6,true,708203,293,10,10,450,0
1774966060530,335,GET Articles,200,Cenario 1 - Carga Basica 1-1,true,708203,293,10,10,334,0
1774966060648,258,GET Articles,200,Cenario 1 - Carga Basica 1-3,true,708203,293,10,10,258,0
1774966060649,292,GET Articles,200,Cenario 1 - Carga Basica 1-8,true,708203,293,10,10,289,0
1774966060377,684,Login,200,Cenario 1 - Carga Basica 1-2,true,771,235,10,10,684,0
1774966060716,490,Login,200,Cenario 1 - Carga Basica 1-10,true,771,235,10,10,490,0
1774966060710,497,Login,200,Cenario 1 - Carga Basica 1-4,true,771,235,10,10,497,0
1774966060792,474,GET Articles,200,Cenario 1 - Carga Basica 1-5,true,708203,293,10,10,474,0
1774966060761,562,Login,200,Cenario 1 - Carga Basica 1-7,true,771,235,10,10,562,0
1774966060786,684,Login,200,Cenario 1 - Carga Basica 1-9,true,771,235,10,10,684,0
1774966060829,693,Login,200,Cenario 1 - Carga Basica 1-6,true,771,235,10,10,693,0
1774966060865,714,Login,200,Cenario 1 - Carga Basica 1-1,true,771,235,10,10,714,0
1774966061062,573,GET Articles,200,Cenario 1 - Carga Basica 1-2,true,708203,293,10,10,572,0
1774966061207,482,GET Articles,200,Cenario 1 - Carga Basica 1-10,true,708203,293,10,10,482,0
1774966061207,569,GET Articles,200,Cenario 1 - Carga Basica 1-4,true,708203,293,10,10,569,0
1774966060907,870,Login,200,Cenario 1 - Carga Basica 1-3,true,771,235,10,10,870,0
1774966060941,838,Login,200,Cenario 1 - Carga Basica 1-8,true,771,235,10,10,838,0
1774966061324,493,GET Articles,200,Cenario 1 - Carga Basica 1-7,true,708202,293,10,10,492,0
1774966061470,373,GET Articles,200,Cenario 1 - Carga Basica 1-9,true,708203,293,10,10,373,0
1774966061522,385,GET Articles,200,Cenario 1 - Carga Basica 1-6,true,708203,293,10,10,384,0
1774966061579,379,GET Articles,200,Cenario 1 - Carga Basica 1-1,true,708203,293,10,10,379,0
1774966061267,780,Login,200,Cenario 1 - Carga Basica 1-5,true,771,235,10,10,780,0
1774966061634,589,Login,200,Cenario 1 - Carga Basica 1-2,true,771,235,10,10,589,0
1774966061689,539,Login,200,Cenario 1 - Carga Basica 1-10,true,771,235,10,10,539,0
1774966061777,486,GET Articles,200,Cenario 1 - Carga Basica 1-3,true,708203,293,10,10,485,0
1774966061776,538,Login,200,Cenario 1 - Carga Basica 1-4,true,771,235,10,10,538,0
1774966061778,543,GET Articles,200,Cenario 1 - Carga Basica 1-8,true,708203,293,10,10,542,0
1774966061844,737,Login,200,Cenario 1 - Carga Basica 1-9,true,771,235,10,10,737,0
1774966061816,767,Login,200,Cenario 1 - Carga Basica 1-7,true,771,235,10,10,767,0
1774966061907,684,Login,200,Cenario 1 - Carga Basica 1-6,true,771,235,10,10,684,0
1774966062047,576,GET Articles,200,Cenario 1 - Carga Basica 1-5,true,708202,293,10,10,575,0
1774966062224,457,GET Articles,200,Cenario 1 - Carga Basica 1-2,true,708203,293,10,10,456,0
1774966062228,508,GET Articles,200,Cenario 1 - Carga Basica 1-10,true,708203,293,10,10,507,0
1774966062315,481,GET Articles,200,Cenario 1 - Carga Basica 1-4,true,708203,293,10,10,480,0
1774966061959,886,Login,200,Cenario 1 - Carga Basica 1-1,true,771,235,10,10,886,0
1774966062582,319,GET Articles,200,Cenario 1 - Carga Basica 1-9,true,708203,293,10,10,318,0
1774966062584,346,GET Articles,200,Cenario 1 - Carga Basica 1-7,true,708202,293,10,10,345,0
1774966062592,387,GET Articles,200,Cenario 1 - Carga Basica 1-6,true,708202,293,10,10,386,0
1774966062263,739,Login,200,Cenario 1 - Carga Basica 1-3,true,771,235,10,10,739,0
1774966062321,748,Login,200,Cenario 1 - Carga Basica 1-8,true,771,235,10,10,748,0
1774966062624,629,Login,200,Cenario 1 - Carga Basica 1-5,true,771,235,10,10,629,0
1774966062681,595,Login,200,Cenario 1 - Carga Basica 1-2,true,771,235,10,10,595,0
1774966062846,494,GET Articles,200,Cenario 1 - Carga Basica 1-1,true,708203,293,10,10,494,0
1774966062736,623,Login,200,Cenario 1 - Carga Basica 1-10,true,771,235,10,10,623,0
1774966062796,743,Login,200,Cenario 1 - Carga Basica 1-4,true,771,235,10,10,743,0
1774966062901,726,Login,200,Cenario 1 - Carga Basica 1-9,true,771,235,10,10,726,0
1774966063003,691,GET Articles,200,Cenario 1 - Carga Basica 1-3,true,708203,293,10,10,689,0
1774966062930,763,Login,200,Cenario 1 - Carga Basica 1-7,true,771,235,10,10,763,0
1774966063070,675,GET Articles,200,Cenario 1 - Carga Basica 1-8,true,708202,293,10,10,674,0
1774966063254,596,GET Articles,200,Cenario 1 - Carga Basica 1-5,true,708204,293,10,10,596,0
1774966062980,872,Login,200,Cenario 1 - Carga Basica 1-6,true,771,235,10,10,872,0
1774966063277,628,GET Articles,200,Cenario 1 - Carga Basica 1-2,true,708203,293,10,10,627,0
1774966063360,607,GET Articles,200,Cenario 1 - Carga Basica 1-10,true,708203,293,10,10,606,0
1774966063627,427,GET Articles,200,Cenario 1 - Carga Basica 1-9,true,708203,293,10,10,426,0
1774966063539,520,GET Articles,200,Cenario 1 - Carga Basica 1-4,true,708203,293,10,10,519,0
1774966063694,434,GET Articles,200,Cenario 1 - Carga Basica 1-7,true,708203,293,10,10,433,0
1774966063341,836,Login,200,Cenario 1 - Carga Basica 1-1,true,771,235,10,10,836,0
1774966063694,666,Login,200,Cenario 1 - Carga Basica 1-3,true,771,235,10,10,666,0
1774966063852,570,GET Articles,200,Cenario 1 - Carga Basica 1-6,true,708203,293,10,10,570,0
1774966063745,684,Login,200,Cenario 1 - Carga Basica 1-8,true,771,235,10,10,684,0
1774966063851,626,Login,200,Cenario 1 - Carga Basica 1-5,true,771,235,10,10,626,0
1774966063905,805,Login,200,Cenario 1 - Carga Basica 1-2,true,771,235,10,10,805,0
1774966063967,754,Login,200,Cenario 1 - Carga Basica 1-10,true,771,235,10,10,754,0
1774966064054,709,Login,200,Cenario 1 - Carga Basica 1-9,true,771,235,10,10,709,0
1774966064177,626,GET Articles,200,Cenario 1 - Carga Basica 1-1,true,708203,293,10,10,625,0
1774966064361,505,GET Articles,200,Cenario 1 - Carga Basica 1-3,true,708203,293,10,10,504,0
1774966064059,953,Login,200,Cenario 1 - Carga Basica 1-4,true,771,235,10,10,953,0
1774966064430,653,GET Articles,200,Cenario 1 - Carga Basica 1-8,true,708203,293,10,10,652,0
1774966064128,956,Login,200,Cenario 1 - Carga Basica 1-7,true,771,235,10,10,956,0
1774966064477,686,GET Articles,200,Cenario 1 - Carga Basica 1-5,true,708203,293,10,10,685,0
1774966064711,512,GET Articles,200,Cenario 1 - Carga Basica 1-2,true,708204,293,10,10,511,0
1774966064423,801,Login,200,Cenario 1 - Carga Basica 1-6,true,771,235,10,10,801,0
1774966064721,616,GET Articles,200,Cenario 1 - Carga Basica 1-10,true,708203,293,10,10,614,0
1774966064764,580,GET Articles,200,Cenario 1 - Carga Basica 1-9,true,708203,293,10,10,579,0
1774966065012,456,GET Articles,200,Cenario 1 - Carga Basica 1-4,true,708204,293,10,10,455,0
1774966064803,765,Login,200,Cenario 1 - Carga Basica 1-1,true,771,235,10,10,765,0
1774966065084,549,GET Articles,200,Cenario 1 - Carga Basica 1-7,true,708203,293,10,10,548,0
1774966064867,809,Login,200,Cenario 1 - Carga Basica 1-3,true,771,235,10,10,809,0
1774966065084,689,Login,200,Cenario 1 - Carga Basica 1-8,true,771,235,10,10,689,0
1774966065225,614,GET Articles,200,Cenario 1 - Carga Basica 1-6,true,708203,293,10,10,613,0
1774966065163,781,Login,200,Cenario 1 - Carga Basica 1-5,true,771,235,10,10,781,0
1774966065224,751,Login,200,Cenario 1 - Carga Basica 1-2,true,771,235,10,10,751,0
1774966065337,804,Login,200,Cenario 1 - Carga Basica 1-10,true,771,235,10,10,804,0
1774966065569,617,GET Articles,200,Cenario 1 - Carga Basica 1-1,true,708202,293,10,10,617,0
1774966065344,893,Login,200,Cenario 1 - Carga Basica 1-9,true,771,235,10,10,893,0
1774966065677,627,GET Articles,200,Cenario 1 - Carga Basica 1-3,true,708203,293,10,10,626,0
1774966065468,836,Login,200,Cenario 1 - Carga Basica 1-4,true,771,235,10,10,836,0
1774966065773,603,GET Articles,200,Cenario 1 - Carga Basica 1-8,true,708203,293,10,10,602,0
1774966065944,498,GET Articles,200,Cenario 1 - Carga Basica 1-5,true,708203,293,10,10,498,0
1774966065976,529,GET Articles,200,Cenario 1 - Carga Basica 1-2,true,708203,293,10,10,528,0
1774966065633,874,Login,200,Cenario 1 - Carga Basica 1-7,true,771,235,10,10,874,0
1774966066142,438,GET Articles,200,Cenario 1 - Carga Basica 1-10,true,708203,293,10,10,437,0
1774966066238,412,GET Articles,200,Cenario 1 - Carga Basica 1-9,true,708203,293,10,10,411,0
1774966065839,812,Login,200,Cenario 1 - Carga Basica 1-6,true,771,235,10,10,812,0
1774966066305,414,GET Articles,200,Cenario 1 - Carga Basica 1-4,true,708203,293,10,10,413,0
1774966066187,642,Login,200,Cenario 1 - Carga Basica 1-1,true,771,235,10,10,642,0
1774966066304,650,Login,200,Cenario 1 - Carga Basica 1-3,true,771,235,10,10,650,0
1774966066376,665,Login,200,Cenario 1 - Carga Basica 1-8,true,771,235,10,10,665,0
1774966066507,574,GET Articles,200,Cenario 1 - Carga Basica 1-7,true,708203,293,10,10,573,0
1774966066443,682,Login,200,Cenario 1 - Carga Basica 1-5,true,771,235,10,10,682,0
1774966066506,775,Login,200,Cenario 1 - Carga Basica 1-2,true,771,235,10,10,775,0
1774966066652,695,GET Articles,200,Cenario 1 - Carga Basica 1-6,true,708203,293,10,10,694,0
1774966066580,813,Login,200,Cenario 1 - Carga Basica 1-10,true,771,235,10,10,813,0
1774966066830,605,GET Articles,200,Cenario 1 - Carga Basica 1-1,true,708203,293,10,10,604,0
1774966066651,784,Login,200,Cenario 1 - Carga Basica 1-9,true,771,235,10,10,784,0
1774966066955,578,GET Articles,200,Cenario 1 - Carga Basica 1-3,true,708203,293,10,10,577,0
1774966067041,549,GET Articles,200,Cenario 1 - Carga Basica 1-8,true,708204,293,10,10,548,0
1774966067126,536,GET Articles,200,Cenario 1 - Carga Basica 1-5,true,708203,293,10,10,535,0
1774966066720,943,Login,200,Cenario 1 - Carga Basica 1-4,true,771,235,10,10,943,0
1774966067282,455,GET Articles,200,Cenario 1 - Carga Basica 1-2,true,708203,293,10,10,454,0
1774966067393,411,GET Articles,200,Cenario 1 - Carga Basica 1-10,true,708203,293,10,10,410,0
1774966067081,831,Login,200,Cenario 1 - Carga Basica 1-7,true,771,235,10,10,831,0
1774966067436,517,GET Articles,200,Cenario 1 - Carga Basica 1-9,true,708203,293,10,10,516,0
1774966067347,624,Login,200,Cenario 1 - Carga Basica 1-6,true,771,235,10,10,624,0
1774966067436,659,Login,200,Cenario 1 - Carga Basica 1-1,true,771,235,10,10,659,0
1774966067533,696,Login,200,Cenario 1 - Carga Basica 1-3,true,771,235,10,10,696,0
1774966067663,607,GET Articles,200,Cenario 1 - Carga Basica 1-4,true,708203,293,10,10,606,0
1774966067590,681,Login,200,Cenario 1 - Carga Basica 1-8,true,771,235,10,10,681,0
1774966067662,699,Login,200,Cenario 1 - Carga Basica 1-5,true,771,235,10,10,699,0
1774966067913,504,GET Articles,200,Cenario 1 - Carga Basica 1-7,true,708203,293,10,10,503,0
1774966067737,801,Login,200,Cenario 1 - Carga Basica 1-2,true,771,235,10,10,801,0
1774966067805,734,Login,200,Cenario 1 - Carga Basica 1-10,true,771,235,10,10,734,0
1774966067972,611,GET Articles,200,Cenario 1 - Carga Basica 1-6,true,708203,293,10,10,610,0
1774966068095,528,GET Articles,200,Cenario 1 - Carga Basica 1-1,true,708203,293,10,10,527,0
1774966068230,452,GET Articles,200,Cenario 1 - Carga Basica 1-3,true,708203,293,10,10,451,0
1774966067953,730,Login,200,Cenario 1 - Carga Basica 1-9,true,771,235,10,10,730,0
1774966068271,503,GET Articles,200,Cenario 1 - Carga Basica 1-8,true,708203,293,10,10,502,0
1774966068362,418,GET Articles,200,Cenario 1 - Carga Basica 1-5,true,708203,293,10,10,417,0
1774966068539,337,GET Articles,200,Cenario 1 - Carga Basica 1-2,true,708203,293,10,10,336,0
1774966068539,375,GET Articles,200,Cenario 1 - Carga Basica 1-10,true,708202,293,10,10,374,0
1774966068270,644,Login,200,Cenario 1 - Carga Basica 1-4,true,771,235,10,10,644,0
1774966068417,631,Login,200,Cenario 1 - Carga Basica 1-7,true,771,235,10,10,631,0
1774966068623,571,Login,200,Cenario 1 - Carga Basica 1-1,true,771,235,10,10,571,0
1774966068583,611,Login,200,Cenario 1 - Carga Basica 1-6,true,771,235,10,10,611,0
1774966068684,572,GET Articles,200,Cenario 1 - Carga Basica 1-9,true,708203,293,10,10,571,0
1774966068682,631,Login,200,Cenario 1 - Carga Basica 1-3,true,771,235,10,10,631,0
1774966068774,688,Login,200,Cenario 1 - Carga Basica 1-8,true,771,235,10,10,688,0
1774966068780,739,Login,200,Cenario 1 - Carga Basica 1-5,true,771,235,10,10,739,0
1774966068914,664,GET Articles,200,Cenario 1 - Carga Basica 1-4,true,708203,293,10,10,663,0
1774966068876,703,Login,200,Cenario 1 - Carga Basica 1-2,true,771,235,10,10,703,0
1774966069049,592,GET Articles,200,Cenario 1 - Carga Basica 1-7,true,708203,293,10,10,591,0
1774966069194,499,GET Articles,200,Cenario 1 - Carga Basica 1-1,true,708203,293,10,10,498,0
1774966069195,563,GET Articles,200,Cenario 1 - Carga Basica 1-6,true,708203,293,10,10,562,0
1774966068914,844,Login,200,Cenario 1 - Carga Basica 1-10,true,771,235,10,10,844,0
1774966069313,509,GET Articles,200,Cenario 1 - Carga Basica 1-3,true,708203,293,10,10,508,0
1774966069463,439,GET Articles,200,Cenario 1 - Carga Basica 1-8,true,708204,293,10,10,439,0
1774966069520,458,GET Articles,200,Cenario 1 - Carga Basica 1-5,true,708203,293,10,10,457,0
1774966069256,722,Login,200,Cenario 1 - Carga Basica 1-9,true,771,235,10,10,722,0
1774966069580,463,GET Articles,200,Cenario 1 - Carga Basica 1-2,true,708203,293,10,10,462,0
1774966069578,612,Login,200,Cenario 1 - Carga Basica 1-4,true,771,235,10,10,612,0
1774966069641,609,Login,200,Cenario 1 - Carga Basica 1-7,true,771,235,10,10,609,0
1774966069758,553,GET Articles,200,Cenario 1 - Carga Basica 1-10,true,708203,293,10,10,553,0
1774966069693,620,Login,200,Cenario 1 - Carga Basica 1-1,true,771,235,10,10,620,0
1774966069758,705,Login,200,Cenario 1 - Carga Basica 1-6,true,771,235,10,10,705,0
1774966069822,765,Login,200,Cenario 1 - Carga Basica 1-3,true,771,235,10,10,765,0
1774966069903,689,Login,200,Cenario 1 - Carga Basica 1-8,true,771,235,10,10,689,0
1774966069979,651,GET Articles,200,Cenario 1 - Carga Basica 1-9,true,708203,293,10,10,650,0
1774966070191,497,GET Articles,200,Cenario 1 - Carga Basica 1-4,true,708203,293,10,10,496,0
1774966070251,496,GET Articles,200,Cenario 1 - Carga Basica 1-7,true,708203,293,10,10,495,0
1774966069978,769,Login,200,Cenario 1 - Carga Basica 1-5,true,771,235,10,10,769,0
1774966070314,496,GET Articles,200,Cenario 1 - Carga Basica 1-1,true,708203,293,10,10,495,0
1774966070464,439,GET Articles,200,Cenario 1 - Carga Basica 1-6,true,708203,293,10,10,438,0
1774966070043,864,Login,200,Cenario 1 - Carga Basica 1-2,true,771,235,10,10,864,0
1774966070588,388,GET Articles,200,Cenario 1 - Carga Basica 1-3,true,708203,293,10,10,387,0
1774966070593,387,GET Articles,200,Cenario 1 - Carga Basica 1-8,true,708203,293,10,10,386,0
1774966070312,713,Login,200,Cenario 1 - Carga Basica 1-10,true,771,235,10,10,713,0
1774966070630,628,Login,200,Cenario 1 - Carga Basica 1-9,true,771,235,10,10,628,0
1774966070688,570,Login,200,Cenario 1 - Carga Basica 1-4,true,771,235,10,10,570,0
1774966070748,549,GET Articles,200,Cenario 1 - Carga Basica 1-5,true,708202,293,10,10,549,0
1774966070747,552,Login,200,Cenario 1 - Carga Basica 1-7,true,771,235,10,10,552,0
1774966070907,457,GET Articles,200,Cenario 1 - Carga Basica 1-2,true,708203,293,10,10,456,0
1774966070810,722,Login,200,Cenario 1 - Carga Basica 1-1,true,771,235,10,10,722,0
1774966070903,668,Login,200,Cenario 1 - Carga Basica 1-6,true,771,235,10,10,668,0
1774966071025,584,GET Articles,200,Cenario 1 - Carga Basica 1-10,true,708203,293,10,10,584,0
1774966071259,388,GET Articles,200,Cenario 1 - Carga Basica 1-4,true,708203,293,10,10,387,0
1774966070976,671,Login,200,Cenario 1 - Carga Basica 1-3,true,771,235,10,10,671,0
1774966071258,426,GET Articles,200,Cenario 1 - Carga Basica 1-9,true,708202,293,10,10,425,0
1774966071300,441,GET Articles,200,Cenario 1 - Carga Basica 1-7,true,708203,293,10,10,441,0
1774966070980,815,Login,200,Cenario 1 - Carga Basica 1-8,true,771,235,10,10,815,0
1774966071533,322,GET Articles,200,Cenario 1 - Carga Basica 1-1,true,708203,293,10,10,321,0
1774966071573,337,GET Articles,200,Cenario 1 - Carga Basica 1-6,true,708203,293,10,10,336,0
1774966071298,625,Login,200,Cenario 1 - Carga Basica 1-5,true,771,235,10,10,625,0
1774966071364,645,Login,200,Cenario 1 - Carga Basica 1-2,true,771,235,10,10,644,0
1774966071648,399,GET Articles,200,Cenario 1 - Carga Basica 1-3,true,708203,293,10,10,398,0
1774966071611,567,Login,200,Cenario 1 - Carga Basica 1-10,true,771,235,10,10,567,0
1774966071648,548,Login,200,Cenario 1 - Carga Basica 1-4,true,771,235,10,10,548,0
1774966071797,446,GET Articles,200,Cenario 1 - Carga Basica 1-8,true,708203,293,10,10,446,0
1774966071685,631,Login,200,Cenario 1 - Carga Basica 1-9,true,771,235,10,10,631,0
1774966071743,700,Login,200,Cenario 1 - Carga Basica 1-7,true,771,235,10,10,700,0
1774966071925,575,GET Articles,200,Cenario 1 - Carga Basica 1-5,true,708203,293,10,10,574,0
1774966071855,651,Login,200,Cenario 1 - Carga Basica 1-1,true,771,235,10,10,651,0
1774966072010,583,GET Articles,200,Cenario 1 - Carga Basica 1-2,true,708203,293,10,10,582,0
1774966071910,683,Login,200,Cenario 1 - Carga Basica 1-6,true,771,235,10,10,683,0
1774966072178,506,GET Articles,200,Cenario 1 - Carga Basica 1-10,true,708203,293,10,10,505,0
1774966072197,493,GET Articles,200,Cenario 1 - Carga Basica 1-4,true,708203,293,10,10,492,0
1774966072316,433,GET Articles,200,Cenario 1 - Carga Basica 1-9,true,708203,293,10,10,432,0
1774966072444,363,GET Articles,200,Cenario 1 - Carga Basica 1-7,true,708203,293,10,10,362,0
1774966072047,814,Login,200,Cenario 1 - Carga Basica 1-3,true,771,235,10,10,814,0
1774966072506,392,GET Articles,200,Cenario 1 - Carga Basica 1-1,true,708203,293,10,10,391,0
1774966072243,715,Login,200,Cenario 1 - Carga Basica 1-8,true,771,235,10,10,715,0
1774966072594,401,GET Articles,200,Cenario 1 - Carga Basica 1-6,true,708203,293,10,10,400,0
1774966072500,571,Login,200,Cenario 1 - Carga Basica 1-5,true,771,235,10,10,571,0
1774966072593,568,Login,200,Cenario 1 - Carga Basica 1-2,true,771,235,10,10,568,0
1774966072684,572,Login,200,Cenario 1 - Carga Basica 1-10,true,771,235,10,10,572,0
1774966072690,643,Login,200,Cenario 1 - Carga Basica 1-4,true,771,235,10,10,643,0
1774966072861,529,GET Articles,200,Cenario 1 - Carga Basica 1-3,true,708203,293,10,10,528,0
1774966072749,673,Login,200,Cenario 1 - Carga Basica 1-9,true,771,235,10,10,673,0
1774966072958,496,GET Articles,200,Cenario 1 - Carga Basica 1-8,true,708202,293,10,10,495,0
1774966072807,713,Login,200,Cenario 1 - Carga Basica 1-7,true,771,235,10,10,713,0
1774966073071,506,GET Articles,200,Cenario 1 - Carga Basica 1-5,true,708203,293,10,10,505,0
1774966073162,510,GET Articles,200,Cenario 1 - Carga Basica 1-2,true,708203,293,10,10,509,0
1774966072898,776,Login,200,Cenario 1 - Carga Basica 1-1,true,771,235,10,10,776,0
1774966073334,439,GET Articles,200,Cenario 1 - Carga Basica 1-4,true,708203,293,10,10,437,0
1774966072995,778,Login,200,Cenario 1 - Carga Basica 1-6,true,771,235,10,10,778,0
1774966073257,523,GET Articles,200,Cenario 1 - Carga Basica 1-10,true,708203,293,10,10,522,0
1774966073423,422,GET Articles,200,Cenario 1 - Carga Basica 1-9,true,708203,293,10,10,422,0
1774966073521,381,GET Articles,200,Cenario 1 - Carga Basica 1-7,true,708203,293,10,10,377,0
1774966073391,661,Login,200,Cenario 1 - Carga Basica 1-3,true,771,235,10,10,660,0
1774966073455,599,Login,200,Cenario 1 - Carga Basica 1-8,true,771,235,10,10,599,0
1774966073675,420,GET Articles,200,Cenario 1 - Carga Basica 1-1,true,708203,293,10,10,419,0
1774966073578,589,Login,200,Cenario 1 - Carga Basica 1-5,true,771,235,10,10,589,0
1774966073773,429,GET Articles,200,Cenario 1 - Carga Basica 1-6,true,708203,293,10,10,428,0
1774966073672,645,Login,200,Cenario 1 - Carga Basica 1-2,true,771,235,10,10,645,0
1774966073773,584,Login,200,Cenario 1 - Carga Basica 1-4,true,771,235,10,10,584,0
1774966073780,680,Login,200,Cenario 1 - Carga Basica 1-10,true,771,235,10,10,680,0
1774966074052,440,GET Articles,200,Cenario 1 - Carga Basica 1-3,true,708202,293,10,10,440,0
1774966074055,472,GET Articles,200,Cenario 1 - Carga Basica 1-8,true,708203,293,10,10,471,0
1774966073846,734,Login,200,Cenario 1 - Carga Basica 1-9,true,771,235,10,10,734,0
1774966074167,472,GET Articles,200,Cenario 1 - Carga Basica 1-5,true,708203,293,10,10,471,0
1774966073902,737,Login,200,Cenario 1 - Carga Basica 1-7,true,771,235,10,10,737,0
1774966074318,385,GET Articles,200,Cenario 1 - Carga Basica 1-2,true,708203,293,10,10,384,0
1774966074357,438,GET Articles,200,Cenario 1 - Carga Basica 1-4,true,708203,293,10,10,437,0
1774966074095,700,Login,200,Cenario 1 - Carga Basica 1-1,true,771,235,10,10,700,0
1774966074461,397,GET Articles,200,Cenario 1 - Carga Basica 1-10,true,708203,293,10,10,396,0
1774966074202,706,Login,200,Cenario 1 - Carga Basica 1-6,true,771,235,10,10,706,0
1774966074581,388,GET Articles,200,Cenario 1 - Carga Basica 1-9,true,708203,293,10,10,387,0
1774966074493,583,Login,200,Cenario 1 - Carga Basica 1-3,true,771,235,10,10,583,0
1774966074639,496,GET Articles,200,Cenario 1 - Carga Basica 1-7,true,708203,293,10,10,495,0
1774966074527,609,Login,200,Cenario 1 - Carga Basica 1-8,true,771,235,10,10,609,0
1774966074639,604,Login,200,Cenario 1 - Carga Basica 1-5,true,771,235,10,10,604,0
1774966074796,507,GET Articles,200,Cenario 1 - Carga Basica 1-1,true,708203,293,10,10,506,0
1774966074795,622,Login,200,Cenario 1 - Carga Basica 1-4,true,771,235,10,10,622,0
1774966074908,548,GET Articles,200,Cenario 1 - Carga Basica 1-6,true,708202,293,10,10,547,0
1774966074703,753,Login,200,Cenario 1 - Carga Basica 1-2,true,771,235,10,10,753,0
1774966075076,424,GET Articles,200,Cenario 1 - Carga Basica 1-3,true,708203,293,10,10,423,0
1774966074858,719,Login,200,Cenario 1 - Carga Basica 1-10,true,771,235,10,10,719,0
1774966075137,498,GET Articles,200,Cenario 1 - Carga Basica 1-8,true,708203,293,10,10,498,0
1774966075244,451,GET Articles,200,Cenario 1 - Carga Basica 1-5,true,708203,293,10,10,451,0
1774966074970,765,Login,200,Cenario 1 - Carga Basica 1-9,true,771,235,10,10,765,0
1774966075417,374,GET Articles,200,Cenario 1 - Carga Basica 1-4,true,708203,293,10,10,373,0
1774966075135,656,Login,200,Cenario 1 - Carga Basica 1-7,true,771,235,10,10,656,0
1774966075457,435,GET Articles,200,Cenario 1 - Carga Basica 1-2,true,708203,293,10,10,434,0
1774966075303,667,Login,200,Cenario 1 - Carga Basica 1-1,true,771,235,10,10,667,0
1774966075578,443,GET Articles,200,Cenario 1 - Carga Basica 1-10,true,708203,293,10,10,442,0
1774966075456,617,Login,200,Cenario 1 - Carga Basica 1-6,true,771,235,10,10,617,0
1774966075500,680,Login,200,Cenario 1 - Carga Basica 1-3,true,771,235,10,10,680,0
1774966075736,505,GET Articles,200,Cenario 1 - Carga Basica 1-9,true,708203,293,10,10,504,0
1774966075636,667,Login,200,Cenario 1 - Carga Basica 1-8,true,771,235,10,10,667,0
1774966075792,569,GET Articles,200,Cenario 1 - Carga Basica 1-7,true,708203,293,10,10,568,0
1774966075696,666,Login,200,Cenario 1 - Carga Basica 1-5,true,771,235,10,10,666,0
1774966075971,430,GET Articles,200,Cenario 1 - Carga Basica 1-1,true,708202,293,9,9,429,0
1774966075791,726,Login,200,Cenario 1 - Carga Basica 1-4,true,771,235,8,8,726,0
1774966076074,500,GET Articles,200,Cenario 1 - Carga Basica 1-6,true,708203,293,7,7,499,0
1774966076181,448,GET Articles,200,Cenario 1 - Carga Basica 1-3,true,708203,293,6,6,447,0
1774966075892,748,Login,200,Cenario 1 - Carga Basica 1-2,true,771,235,5,5,748,0
1774966076304,392,GET Articles,200,Cenario 1 - Carga Basica 1-8,true,708203,293,4,4,391,0
1774966076022,674,Login,200,Cenario 1 - Carga Basica 1-10,true,771,235,4,4,674,0
1774966076241,652,Login,200,Cenario 1 - Carga Basica 1-9,true,771,235,2,2,652,0
1774966076361,592,Login,200,Cenario 1 - Carga Basica 1-7,true,771,235,1,1,592,0
1774966076957,253,Login,200,Cenario 2 - Carga Crescente 2-1,true,771,235,1,1,253,1
1774966077211,35,GET Articles,200,Cenario 2 - Carga Crescente 2-1,true,708202,293,1,1,35,0
1774966077247,239,Login,200,Cenario 2 - Carga Crescente 2-1,true,771,235,1,1,239,0
1774966077487,27,GET Articles,200,Cenario 2 - Carga Crescente 2-1,true,708202,293,1,1,27,0
1774966077514,241,Login,200,Cenario 2 - Carga Crescente 2-1,true,771,235,1,1,241,0
1774966077755,60,GET Articles,200,Cenario 2 - Carga Crescente 2-1,true,708203,293,1,1,59,0
1774966077815,238,Login,200,Cenario 2 - Carga Crescente 2-1,true,771,235,1,1,238,0
1774966078054,31,GET Articles,200,Cenario 2 - Carga Crescente 2-1,true,708203,293,1,1,31,0
1774966078085,230,Login,200,Cenario 2 - Carga Crescente 2-1,true,771,235,1,1,230,0
1774966078315,33,GET Articles,200,Cenario 2 - Carga Crescente 2-1,true,708203,293,1,1,32,0
1774966078348,227,Login,200,Cenario 2 - Carga Crescente 2-1,true,771,235,1,1,227,0
1774966078575,29,GET Articles,200,Cenario 2 - Carga Crescente 2-1,true,708202,293,1,1,28,0
1774966078604,228,Login,200,Cenario 2 - Carga Crescente 2-1,true,771,235,2,2,228,0
1774966078832,30,GET Articles,200,Cenario 2 - Carga Crescente 2-1,true,708202,293,2,2,29,0
1774966078758,246,Login,200,Cenario 2 - Carga Crescente 2-2,true,771,235,2,2,246,0
1774966079004,45,GET Articles,200,Cenario 2 - Carga Crescente 2-2,true,708203,293,2,2,45,0
1774966078862,239,Login,200,Cenario 2 - Carga Crescente 2-1,true,771,235,2,2,239,0
1774966079102,32,GET Articles,200,Cenario 2 - Carga Crescente 2-1,true,708203,293,2,2,31,0
1774966079050,244,Login,200,Cenario 2 - Carga Crescente 2-2,true,771,235,2,2,244,0
1774966079295,54,GET Articles,200,Cenario 2 - Carga Crescente 2-2,true,708203,293,2,2,54,0
1774966079134,243,Login,200,Cenario 2 - Carga Crescente 2-1,true,771,235,2,2,243,0
1774966079377,35,GET Articles,200,Cenario 2 - Carga Crescente 2-1,true,708203,293,2,2,35,0
1774966079350,254,Login,200,Cenario 2 - Carga Crescente 2-2,true,771,235,2,2,254,0
1774966079604,55,GET Articles,200,Cenario 2 - Carga Crescente 2-2,true,708203,293,2,2,54,0
1774966079412,247,Login,200,Cenario 2 - Carga Crescente 2-1,true,771,235,2,2,247,0
1774966079659,38,GET Articles,200,Cenario 2 - Carga Crescente 2-1,true,708203,293,2,2,38,0
1774966079659,261,Login,200,Cenario 2 - Carga Crescente 2-2,true,771,235,2,2,261,0
1774966079698,270,Login,200,Cenario 2 - Carga Crescente 2-1,true,771,235,2,2,270,0
1774966079920,49,GET Articles,200,Cenario 2 - Carga Crescente 2-2,true,708203,293,2,2,48,0
1774966079969,60,GET Articles,200,Cenario 2 - Carga Crescente 2-1,true,708203,293,2,2,60,0
1774966079969,258,Login,200,Cenario 2 - Carga Crescente 2-2,true,771,235,2,2,258,0
1774966080227,59,GET Articles,200,Cenario 2 - Carga Crescente 2-2,true,708203,293,2,2,58,0
1774966080031,255,Login,200,Cenario 2 - Carga Crescente 2-1,true,771,235,2,2,255,0
1774966080287,63,GET Articles,200,Cenario 2 - Carga Crescente 2-1,true,708203,293,2,2,62,0
1774966080286,269,Login,200,Cenario 2 - Carga Crescente 2-2,true,771,235,2,2,269,0
1774966080556,38,GET Articles,200,Cenario 2 - Carga Crescente 2-2,true,708202,293,3,3,37,0
1774966080350,263,Login,200,Cenario 2 - Carga Crescente 2-1,true,771,235,3,3,263,0
1774966080614,37,GET Articles,200,Cenario 2 - Carga Crescente 2-1,true,708203,293,3,3,36,0
1774966080556,272,Login,200,Cenario 2 - Carga Crescente 2-3,true,771,235,3,3,272,1
1774966080594,279,Login,200,Cenario 2 - Carga Crescente 2-2,true,771,235,3,3,279,0
1774966080828,45,GET Articles,200,Cenario 2 - Carga Crescente 2-3,true,708203,293,3,3,45,0
1774966080873,63,GET Articles,200,Cenario 2 - Carga Crescente 2-2,true,708203,293,3,3,63,0
1774966080651,285,Login,200,Cenario 2 - Carga Crescente 2-1,true,771,235,3,3,285,0
1774966080937,62,GET Articles,200,Cenario 2 - Carga Crescente 2-1,true,708203,293,3,3,61,0
1774966080874,268,Login,200,Cenario 2 - Carga Crescente 2-3,true,771,235,3,3,268,0
1774966081143,56,GET Articles,200,Cenario 2 - Carga Crescente 2-3,true,708203,293,3,3,55,0
1774966080937,270,Login,200,Cenario 2 - Carga Crescente 2-2,true,771,235,3,3,270,0
1774966081208,35,GET Articles,200,Cenario 2 - Carga Crescente 2-2,true,708203,293,3,3,35,0
1774966080999,266,Login,200,Cenario 2 - Carga Crescente 2-1,true,771,235,3,3,266,0
1774966081265,56,GET Articles,200,Cenario 2 - Carga Crescente 2-1,true,708203,293,3,3,55,0
1774966081199,266,Login,200,Cenario 2 - Carga Crescente 2-3,true,771,235,3,3,266,0
1774966081243,286,Login,200,Cenario 2 - Carga Crescente 2-2,true,771,235,3,3,286,0
1774966081465,64,GET Articles,200,Cenario 2 - Carga Crescente 2-3,true,708203,293,3,3,63,0
1774966081529,65,GET Articles,200,Cenario 2 - Carga Crescente 2-2,true,708203,293,3,3,64,0
1774966081321,275,Login,200,Cenario 2 - Carga Crescente 2-1,true,771,235,3,3,275,0
1774966081597,65,GET Articles,200,Cenario 2 - Carga Crescente 2-1,true,708203,293,3,3,64,0
1774966081529,295,Login,200,Cenario 2 - Carga Crescente 2-3,true,771,235,3,3,295,0
1774966081824,42,GET Articles,200,Cenario 2 - Carga Crescente 2-3,true,708203,293,3,3,41,0
1774966081594,290,Login,200,Cenario 2 - Carga Crescente 2-2,true,771,235,3,3,290,0
1774966081884,59,GET Articles,200,Cenario 2 - Carga Crescente 2-2,true,708203,293,3,3,58,0
1774966081662,281,Login,200,Cenario 2 - Carga Crescente 2-1,true,771,235,3,3,281,0
1774966081943,67,GET Articles,200,Cenario 2 - Carga Crescente 2-1,true,708203,293,3,3,66,0
1774966081866,281,Login,200,Cenario 2 - Carga Crescente 2-3,true,771,235,3,3,281,0
1774966082147,61,GET Articles,200,Cenario 2 - Carga Crescente 2-3,true,708203,293,3,3,60,0
1774966081943,282,Login,200,Cenario 2 - Carga Crescente 2-2,true,771,235,3,3,282,0
1774966082226,58,GET Articles,200,Cenario 2 - Carga Crescente 2-2,true,708203,293,3,3,57,0
1774966082010,276,Login,200,Cenario 2 - Carga Crescente 2-1,true,771,235,3,3,276,0
1774966082286,66,GET Articles,200,Cenario 2 - Carga Crescente 2-1,true,708203,293,3,3,65,0
1774966082208,271,Login,200,Cenario 2 - Carga Crescente 2-3,true,771,235,4,4,271,0
1774966082284,274,Login,200,Cenario 2 - Carga Crescente 2-2,true,771,235,4,4,274,0
1774966082479,109,GET Articles,200,Cenario 2 - Carga Crescente 2-3,true,708202,293,4,4,108,0
1774966082559,58,GET Articles,200,Cenario 2 - Carga Crescente 2-2,true,708202,293,4,4,57,0
1774966082352,267,Login,200,Cenario 2 - Carga Crescente 2-1,true,771,235,4,4,267,0
1774966082357,385,Login,200,Cenario 2 - Carga Crescente 2-4,true,771,235,4,4,385,1
1774966082619,180,GET Articles,200,Cenario 2 - Carga Crescente 2-1,true,708203,293,4,4,179,0
1774966082742,111,GET Articles,200,Cenario 2 - Carga Crescente 2-4,true,708203,293,4,4,110,0
1774966082588,296,Login,200,Cenario 2 - Carga Crescente 2-3,true,771,235,4,4,296,0
1774966082617,269,Login,200,Cenario 2 - Carga Crescente 2-2,true,771,235,4,4,269,0
1774966082885,62,GET Articles,200,Cenario 2 - Carga Crescente 2-3,true,708203,293,4,4,61,0
1774966082887,119,GET Articles,200,Cenario 2 - Carga Crescente 2-2,true,708203,293,4,4,118,0
1774966082799,332,Login,200,Cenario 2 - Carga Crescente 2-1,true,771,235,4,4,332,0
1774966082854,304,Login,200,Cenario 2 - Carga Crescente 2-4,true,771,235,4,4,304,0
1774966083132,61,GET Articles,200,Cenario 2 - Carga Crescente 2-1,true,708203,293,4,4,60,0
1774966083159,70,GET Articles,200,Cenario 2 - Carga Crescente 2-4,true,708203,293,4,4,69,0
1774966082947,327,Login,200,Cenario 2 - Carga Crescente 2-3,true,771,235,4,4,327,0
1774966083006,387,Login,200,Cenario 2 - Carga Crescente 2-2,true,771,235,4,4,387,0
1774966083275,157,GET Articles,200,Cenario 2 - Carga Crescente 2-3,true,708203,293,4,4,156,0
1774966083393,69,GET Articles,200,Cenario 2 - Carga Crescente 2-2,true,708202,293,4,4,69,0
1774966083193,298,Login,200,Cenario 2 - Carga Crescente 2-1,true,771,235,4,4,298,0
1774966083229,310,Login,200,Cenario 2 - Carga Crescente 2-4,true,771,235,4,4,310,0
1774966083492,85,GET Articles,200,Cenario 2 - Carga Crescente 2-1,true,708203,293,4,4,84,0
1774966083540,68,GET Articles,200,Cenario 2 - Carga Crescente 2-4,true,708202,293,4,4,67,0
1774966083432,303,Login,200,Cenario 2 - Carga Crescente 2-3,true,771,235,4,4,303,0
1774966083463,312,Login,200,Cenario 2 - Carga Crescente 2-2,true,771,235,4,4,312,0
1774966083736,74,GET Articles,200,Cenario 2 - Carga Crescente 2-3,true,708203,293,4,4,73,0
1774966083775,67,GET Articles,200,Cenario 2 - Carga Crescente 2-2,true,708202,293,4,4,66,0
1774966083577,305,Login,200,Cenario 2 - Carga Crescente 2-1,true,771,235,4,4,305,0
1774966083608,397,Login,200,Cenario 2 - Carga Crescente 2-4,true,771,235,4,4,397,0
1774966083883,157,GET Articles,200,Cenario 2 - Carga Crescente 2-1,true,708203,293,4,4,156,0
1774966084006,69,GET Articles,200,Cenario 2 - Carga Crescente 2-4,true,708203,293,4,4,68,0
1774966083810,294,Login,200,Cenario 2 - Carga Crescente 2-3,true,771,235,4,4,294,0
1774966083842,303,Login,200,Cenario 2 - Carga Crescente 2-2,true,771,235,4,4,303,0
1774966084105,72,GET Articles,200,Cenario 2 - Carga Crescente 2-3,true,708202,293,5,5,71,0
1774966084145,71,GET Articles,200,Cenario 2 - Carga Crescente 2-2,true,708203,293,5,5,70,0
1774966084040,301,Login,200,Cenario 2 - Carga Crescente 2-1,true,771,235,5,5,301,0
1774966084075,297,Login,200,Cenario 2 - Carga Crescente 2-4,true,771,235,5,5,297,0
1774966084158,323,Login,200,Cenario 2 - Carga Crescente 2-5,true,771,235,5,5,322,0
1774966084341,176,GET Articles,200,Cenario 2 - Carga Crescente 2-1,true,708203,293,5,5,175,0
1774966084372,189,GET Articles,200,Cenario 2 - Carga Crescente 2-4,true,708203,293,5,5,189,0
1774966084481,132,GET Articles,200,Cenario 2 - Carga Crescente 2-5,true,708203,293,5,5,131,0
1774966084177,435,Login,200,Cenario 2 - Carga Crescente 2-3,true,771,235,5,5,435,0
1774966084216,416,Login,200,Cenario 2 - Carga Crescente 2-2,true,771,235,5,5,416,0
1774966084613,50,GET Articles,200,Cenario 2 - Carga Crescente 2-3,true,708202,293,5,5,49,0
1774966084517,366,Login,200,Cenario 2 - Carga Crescente 2-1,true,771,235,5,5,366,0
1774966084562,322,Login,200,Cenario 2 - Carga Crescente 2-4,true,771,235,5,5,322,0
1774966084632,295,GET Articles,200,Cenario 2 - Carga Crescente 2-2,true,708203,293,5,5,294,0
1774966084613,315,Login,200,Cenario 2 - Carga Crescente 2-5,true,771,235,5,5,315,0
1774966084883,84,GET Articles,200,Cenario 2 - Carga Crescente 2-1,true,708202,293,5,5,83,0
1774966084884,153,GET Articles,200,Cenario 2 - Carga Crescente 2-4,true,708203,293,5,5,152,0
1774966084929,175,GET Articles,200,Cenario 2 - Carga Crescente 2-5,true,708203,293,5,5,174,0
1774966084663,502,Login,200,Cenario 2 - Carga Crescente 2-3,true,771,235,5,5,502,0
1774966084927,392,Login,200,Cenario 2 - Carga Crescente 2-2,true,771,235,5,5,392,0
1774966084967,409,Login,200,Cenario 2 - Carga Crescente 2-1,true,771,235,5,5,409,0
1774966085165,247,GET Articles,200,Cenario 2 - Carga Crescente 2-3,true,708203,293,5,5,246,0
1774966085320,123,GET Articles,200,Cenario 2 - Carga Crescente 2-2,true,708202,293,5,5,122,0
1774966085037,406,Login,200,Cenario 2 - Carga Crescente 2-4,true,771,235,5,5,406,0
1774966085377,108,GET Articles,200,Cenario 2 - Carga Crescente 2-1,true,708203,293,5,5,107,0
1774966085105,489,Login,200,Cenario 2 - Carga Crescente 2-5,true,771,235,5,5,489,0
1774966085444,210,GET Articles,200,Cenario 2 - Carga Crescente 2-4,true,708203,293,5,5,209,0
1774966085413,311,Login,200,Cenario 2 - Carga Crescente 2-3,true,771,235,5,5,311,0
1774966085595,163,GET Articles,200,Cenario 2 - Carga Crescente 2-5,true,708202,293,5,5,162,0
1774966085443,320,Login,200,Cenario 2 - Carga Crescente 2-2,true,771,235,5,5,320,0
1774966085725,76,GET Articles,200,Cenario 2 - Carga Crescente 2-3,true,708203,293,5,5,75,0
1774966085485,439,Login,200,Cenario 2 - Carga Crescente 2-1,true,771,235,5,5,439,0
1774966085763,219,GET Articles,200,Cenario 2 - Carga Crescente 2-2,true,708203,293,6,6,218,0
1774966085655,371,Login,200,Cenario 2 - Carga Crescente 2-4,true,771,235,6,6,371,0
1774966085925,140,GET Articles,200,Cenario 2 - Carga Crescente 2-1,true,708203,293,6,6,139,0
1774966085758,308,Login,200,Cenario 2 - Carga Crescente 2-5,true,771,235,6,6,308,0
1774966085801,444,Login,200,Cenario 2 - Carga Crescente 2-3,true,771,235,6,6,444,0
1774966086026,276,GET Articles,200,Cenario 2 - Carga Crescente 2-4,true,708203,293,6,6,275,0
1774966085958,368,Login,200,Cenario 2 - Carga Crescente 2-6,true,771,235,6,6,368,1
1774966085983,351,Login,200,Cenario 2 - Carga Crescente 2-2,true,771,235,6,6,351,0
1774966086067,300,GET Articles,200,Cenario 2 - Carga Crescente 2-5,true,708202,293,6,6,299,0
1774966086246,152,GET Articles,200,Cenario 2 - Carga Crescente 2-3,true,708202,293,6,6,151,0
1774966086327,106,GET Articles,200,Cenario 2 - Carga Crescente 2-6,true,708203,293,6,6,105,0
1774966086335,134,GET Articles,200,Cenario 2 - Carga Crescente 2-2,true,708203,293,6,6,133,0
1774966086065,500,Login,200,Cenario 2 - Carga Crescente 2-1,true,771,235,6,6,500,0
1774966086302,329,Login,200,Cenario 2 - Carga Crescente 2-4,true,771,235,6,6,329,0
1774966086367,363,Login,200,Cenario 2 - Carga Crescente 2-5,true,771,235,6,6,363,0
1774966086398,421,Login,200,Cenario 2 - Carga Crescente 2-3,true,771,235,6,6,421,0
1774966086565,333,GET Articles,200,Cenario 2 - Carga Crescente 2-1,true,708203,293,6,6,332,0
1774966086433,465,Login,200,Cenario 2 - Carga Crescente 2-6,true,771,235,6,6,465,0
1774966086631,305,GET Articles,200,Cenario 2 - Carga Crescente 2-4,true,708202,293,6,6,303,0
1774966086731,239,GET Articles,200,Cenario 2 - Carga Crescente 2-5,true,708203,293,6,6,238,0
1774966086819,191,GET Articles,200,Cenario 2 - Carga Crescente 2-3,true,708203,293,6,6,190,0
1774966086469,541,Login,200,Cenario 2 - Carga Crescente 2-2,true,771,235,6,6,541,0
1774966086899,152,GET Articles,200,Cenario 2 - Carga Crescente 2-6,true,708203,293,6,6,151,0
1774966086899,345,Login,200,Cenario 2 - Carga Crescente 2-1,true,771,235,6,6,345,0
1774966086936,351,Login,200,Cenario 2 - Carga Crescente 2-4,true,771,235,6,6,351,0
1774966087010,315,GET Articles,200,Cenario 2 - Carga Crescente 2-2,true,708202,293,6,6,314,0
1774966086970,356,Login,200,Cenario 2 - Carga Crescente 2-5,true,771,235,6,6,356,0
1774966087244,148,GET Articles,200,Cenario 2 - Carga Crescente 2-1,true,708203,293,6,6,147,0
1774966087288,173,GET Articles,200,Cenario 2 - Carga Crescente 2-4,true,708203,293,6,6,172,0
1774966087010,531,Login,200,Cenario 2 - Carga Crescente 2-3,true,771,235,6,6,531,0
1774966087327,283,GET Articles,200,Cenario 2 - Carga Crescente 2-5,true,708203,293,6,6,278,0
1774966087051,589,Login,200,Cenario 2 - Carga Crescente 2-6,true,771,235,6,6,589,0
1774966087325,452,Login,200,Cenario 2 - Carga Crescente 2-2,true,771,235,7,7,452,0
1774966087542,271,GET Articles,200,Cenario 2 - Carga Crescente 2-3,true,708202,293,7,7,270,0
1774966087393,525,Login,200,Cenario 2 - Carga Crescente 2-1,true,771,235,7,7,525,0
1774966087462,513,Login,200,Cenario 2 - Carga Crescente 2-4,true,771,235,7,7,513,0
1774966087641,334,GET Articles,200,Cenario 2 - Carga Crescente 2-6,true,708203,293,7,7,333,0
1774966087778,267,GET Articles,200,Cenario 2 - Carga Crescente 2-2,true,708203,293,7,7,266,0
1774966087610,516,Login,200,Cenario 2 - Carga Crescente 2-5,true,771,235,7,7,516,0
1774966087919,274,GET Articles,200,Cenario 2 - Carga Crescente 2-1,true,708203,293,7,7,273,0
1774966087975,281,GET Articles,200,Cenario 2 - Carga Crescente 2-4,true,708203,293,7,7,280,0
1774966087757,525,Login,200,Cenario 2 - Carga Crescente 2-7,true,771,235,7,7,525,1
1774966087814,527,Login,200,Cenario 2 - Carga Crescente 2-3,true,771,235,7,7,527,0
1774966088127,260,GET Articles,200,Cenario 2 - Carga Crescente 2-5,true,708202,293,7,7,259,0
1774966087975,565,Login,200,Cenario 2 - Carga Crescente 2-6,true,771,235,7,7,565,0
1774966088045,521,Login,200,Cenario 2 - Carga Crescente 2-2,true,771,235,7,7,521,0
1774966088282,324,GET Articles,200,Cenario 2 - Carga Crescente 2-7,true,708203,293,7,7,323,0
1774966088341,355,GET Articles,200,Cenario 2 - Carga Crescente 2-3,true,708203,293,7,7,354,0
1774966088193,503,Login,200,Cenario 2 - Carga Crescente 2-1,true,771,235,7,7,503,0
1774966088541,221,GET Articles,200,Cenario 2 - Carga Crescente 2-6,true,708203,293,7,7,220,0
1774966088566,256,GET Articles,200,Cenario 2 - Carga Crescente 2-2,true,708203,293,7,7,255,0
1774966088256,567,Login,200,Cenario 2 - Carga Crescente 2-4,true,771,235,7,7,567,0
1774966088387,589,Login,200,Cenario 2 - Carga Crescente 2-5,true,771,235,7,7,589,0
1774966088697,338,GET Articles,200,Cenario 2 - Carga Crescente 2-1,true,708203,293,7,7,338,0
1774966088606,496,Login,200,Cenario 2 - Carga Crescente 2-7,true,771,235,7,7,496,0
1774966088696,412,Login,200,Cenario 2 - Carga Crescente 2-3,true,771,235,7,7,412,0
1774966088824,318,GET Articles,200,Cenario 2 - Carga Crescente 2-4,true,708202,293,7,7,317,0
1774966088977,199,GET Articles,200,Cenario 2 - Carga Crescente 2-5,true,708202,293,7,7,198,0
1774966088762,546,Login,200,Cenario 2 - Carga Crescente 2-6,true,771,235,7,7,546,0
1774966089103,244,GET Articles,200,Cenario 2 - Carga Crescente 2-7,true,708203,293,7,7,243,0
1774966089109,275,GET Articles,200,Cenario 2 - Carga Crescente 2-3,true,708203,293,7,7,274,0
1774966088822,562,Login,200,Cenario 2 - Carga Crescente 2-2,true,771,235,7,7,562,0
1774966089036,407,Login,200,Cenario 2 - Carga Crescente 2-1,true,771,235,7,7,407,0
1774966089309,171,GET Articles,200,Cenario 2 - Carga Crescente 2-6,true,708203,293,7,7,171,0
1774966089142,510,Login,200,Cenario 2 - Carga Crescente 2-4,true,771,235,8,8,510,0
1774966089176,478,Login,200,Cenario 2 - Carga Crescente 2-5,true,771,235,8,8,478,0
1774966089385,330,GET Articles,200,Cenario 2 - Carga Crescente 2-2,true,708203,293,8,8,329,0
1774966089444,314,GET Articles,200,Cenario 2 - Carga Crescente 2-1,true,708203,293,8,8,313,0
1774966089347,411,Login,200,Cenario 2 - Carga Crescente 2-7,true,771,235,8,8,411,0
1774966089384,536,Login,200,Cenario 2 - Carga Crescente 2-3,true,771,235,8,8,536,0
1774966089652,327,GET Articles,200,Cenario 2 - Carga Crescente 2-4,true,708203,293,8,8,326,0
1774966089654,385,GET Articles,200,Cenario 2 - Carga Crescente 2-5,true,708203,293,8,8,384,0
1774966089481,559,Login,200,Cenario 2 - Carga Crescente 2-6,true,771,235,8,8,559,0
1774966089556,486,Login,200,Cenario 2 - Carga Crescente 2-8,true,771,235,8,8,486,0
1774966089759,355,GET Articles,200,Cenario 2 - Carga Crescente 2-7,true,708203,293,8,8,354,0
1774966089921,293,GET Articles,200,Cenario 2 - Carga Crescente 2-3,true,708203,293,8,8,292,0
1774966089758,571,Login,200,Cenario 2 - Carga Crescente 2-1,true,771,235,8,8,571,0
1774966089715,617,Login,200,Cenario 2 - Carga Crescente 2-2,true,771,235,8,8,617,0
1774966090040,348,GET Articles,200,Cenario 2 - Carga Crescente 2-6,true,708203,293,8,8,347,0
1774966090042,383,GET Articles,200,Cenario 2 - Carga Crescente 2-8,true,708203,293,8,8,382,0
1774966089979,509,Login,200,Cenario 2 - Carga Crescente 2-4,true,771,235,8,8,509,0
1774966090039,572,Login,200,Cenario 2 - Carga Crescente 2-5,true,771,235,8,8,572,0
1774966090330,341,GET Articles,200,Cenario 2 - Carga Crescente 2-1,true,708203,293,8,8,340,0
1774966090332,388,GET Articles,200,Cenario 2 - Carga Crescente 2-2,true,708203,293,8,8,387,0
1774966090114,606,Login,200,Cenario 2 - Carga Crescente 2-7,true,771,235,8,8,606,0
1774966090214,548,Login,200,Cenario 2 - Carga Crescente 2-3,true,771,235,8,8,548,0
1774966090489,334,GET Articles,200,Cenario 2 - Carga Crescente 2-4,true,708203,293,8,8,333,0
1774966090611,268,GET Articles,200,Cenario 2 - Carga Crescente 2-5,true,708203,293,8,8,267,0
1774966090425,571,Login,200,Cenario 2 - Carga Crescente 2-8,true,771,235,8,8,571,0
1774966090388,609,Login,200,Cenario 2 - Carga Crescente 2-6,true,771,235,8,8,609,0
1774966090720,318,GET Articles,200,Cenario 2 - Carga Crescente 2-7,true,708203,293,8,8,317,0
1774966090763,307,GET Articles,200,Cenario 2 - Carga Crescente 2-3,true,708202,293,8,8,306,0
1774966090672,481,Login,200,Cenario 2 - Carga Crescente 2-1,true,771,235,8,8,481,0
1774966090720,552,Login,200,Cenario 2 - Carga Crescente 2-2,true,771,235,8,8,552,0
1774966090997,333,GET Articles,200,Cenario 2 - Carga Crescente 2-8,true,708203,293,8,8,333,0
1774966090823,513,Login,200,Cenario 2 - Carga Crescente 2-4,true,771,235,8,8,513,0
1774966090997,372,GET Articles,200,Cenario 2 - Carga Crescente 2-6,true,708203,293,9,9,371,0
1774966090879,536,Login,200,Cenario 2 - Carga Crescente 2-5,true,771,235,9,9,536,0
1774966091153,296,GET Articles,200,Cenario 2 - Carga Crescente 2-1,true,708203,293,9,9,295,0
1774966091273,233,GET Articles,200,Cenario 2 - Carga Crescente 2-2,true,708203,293,9,9,233,0
1774966091070,565,Login,200,Cenario 2 - Carga Crescente 2-3,true,771,235,9,9,565,0
1774966091038,599,Login,200,Cenario 2 - Carga Crescente 2-7,true,771,235,9,9,599,0
1774966091337,364,GET Articles,200,Cenario 2 - Carga Crescente 2-4,true,708203,293,9,9,363,0
1774966091331,439,Login,200,Cenario 2 - Carga Crescente 2-8,true,771,235,9,9,439,0
1774966091416,408,GET Articles,200,Cenario 2 - Carga Crescente 2-5,true,708203,293,9,9,408,0
1774966091357,546,Login,200,Cenario 2 - Carga Crescente 2-9,true,771,235,9,9,546,1
1774966091369,591,Login,200,Cenario 2 - Carga Crescente 2-6,true,771,235,9,9,591,0
1774966091636,380,GET Articles,200,Cenario 2 - Carga Crescente 2-3,true,708203,293,9,9,379,0
1774966091637,436,GET Articles,200,Cenario 2 - Carga Crescente 2-7,true,708203,293,9,9,435,0
1774966091449,637,Login,200,Cenario 2 - Carga Crescente 2-1,true,771,235,9,9,637,0
1774966091770,348,GET Articles,200,Cenario 2 - Carga Crescente 2-8,true,708203,293,9,9,347,0
1774966091507,654,Login,200,Cenario 2 - Carga Crescente 2-2,true,771,235,9,9,654,0
1774966091903,302,GET Articles,200,Cenario 2 - Carga Crescente 2-9,true,708203,293,9,9,301,0
1774966091960,274,GET Articles,200,Cenario 2 - Carga Crescente 2-6,true,708202,293,9,9,273,0
1774966091701,635,Login,200,Cenario 2 - Carga Crescente 2-4,true,771,235,9,9,635,0
1774966091825,556,Login,200,Cenario 2 - Carga Crescente 2-5,true,771,235,9,9,556,0
1774966092086,349,GET Articles,200,Cenario 2 - Carga Crescente 2-1,true,708203,293,9,9,348,0
1774966092016,481,Login,200,Cenario 2 - Carga Crescente 2-3,true,771,235,9,9,481,0
1774966092161,375,GET Articles,200,Cenario 2 - Carga Crescente 2-2,true,708203,293,9,9,374,0
1774966092073,524,Login,200,Cenario 2 - Carga Crescente 2-7,true,771,235,9,9,524,0
1774966092118,580,Login,200,Cenario 2 - Carga Crescente 2-8,true,771,235,9,9,580,0
1774966092337,396,GET Articles,200,Cenario 2 - Carga Crescente 2-4,true,708203,293,9,9,395,0
1774966092381,386,GET Articles,200,Cenario 2 - Carga Crescente 2-5,true,708203,293,9,9,386,0
1774966092205,586,Login,200,Cenario 2 - Carga Crescente 2-9,true,771,235,9,9,586,0
1774966092498,325,GET Articles,200,Cenario 2 - Carga Crescente 2-3,true,708202,293,9,9,324,0
1774966092234,622,Login,200,Cenario 2 - Carga Crescente 2-6,true,771,235,9,9,622,0
1774966092597,290,GET Articles,200,Cenario 2 - Carga Crescente 2-7,true,708202,293,9,9,290,0
1774966092698,260,GET Articles,200,Cenario 2 - Carga Crescente 2-8,true,708202,293,9,9,260,0
1774966092435,594,Login,200,Cenario 2 - Carga Crescente 2-1,true,771,235,9,9,594,0
1774966092536,551,Login,200,Cenario 2 - Carga Crescente 2-2,true,771,235,9,9,551,0
1774966092791,333,GET Articles,200,Cenario 2 - Carga Crescente 2-9,true,708203,293,9,9,333,0
1774966092733,488,Login,200,Cenario 2 - Carga Crescente 2-4,true,771,235,10,10,488,0
1774966092857,421,GET Articles,200,Cenario 2 - Carga Crescente 2-6,true,708203,293,10,10,420,0
1774966092767,525,Login,200,Cenario 2 - Carga Crescente 2-5,true,771,235,10,10,525,0
1774966092823,561,Login,200,Cenario 2 - Carga Crescente 2-3,true,771,235,10,10,561,0
1774966093030,411,GET Articles,200,Cenario 2 - Carga Crescente 2-1,true,708203,293,10,10,410,0
1774966093088,408,GET Articles,200,Cenario 2 - Carga Crescente 2-2,true,708203,293,10,10,407,0
1774966092887,646,Login,200,Cenario 2 - Carga Crescente 2-7,true,771,235,10,10,646,0
1774966092959,590,Login,200,Cenario 2 - Carga Crescente 2-8,true,771,235,10,10,590,0
1774966093222,386,GET Articles,200,Cenario 2 - Carga Crescente 2-4,true,708203,293,10,10,385,0
1774966093125,633,Login,200,Cenario 2 - Carga Crescente 2-9,true,771,235,10,10,633,0
1774966093293,518,GET Articles,200,Cenario 2 - Carga Crescente 2-5,true,708203,293,10,10,517,0
1774966093156,655,Login,200,Cenario 2 - Carga Crescente 2-10,true,771,235,10,10,655,1
1774966093385,486,GET Articles,200,Cenario 2 - Carga Crescente 2-3,true,708203,293,10,10,485,0
1774966093278,593,Login,200,Cenario 2 - Carga Crescente 2-6,true,771,235,10,10,593,0
1774966093534,375,GET Articles,200,Cenario 2 - Carga Crescente 2-7,true,708202,293,10,10,374,0
1774966093550,417,GET Articles,200,Cenario 2 - Carga Crescente 2-8,true,708203,293,10,10,416,0
1774966093441,637,Login,200,Cenario 2 - Carga Crescente 2-1,true,771,235,10,10,637,0
1774966093759,377,GET Articles,200,Cenario 2 - Carga Crescente 2-9,true,708203,293,10,10,376,0
1774966093496,646,Login,200,Cenario 2 - Carga Crescente 2-2,true,771,235,10,10,646,0
1774966093811,385,GET Articles,200,Cenario 2 - Carga Crescente 2-10,true,708203,293,10,10,384,0
1774966093608,625,Login,200,Cenario 2 - Carga Crescente 2-4,true,771,235,10,10,625,0
1774966093872,420,GET Articles,200,Cenario 2 - Carga Crescente 2-6,true,708203,293,10,10,419,0
1774966093811,650,Login,200,Cenario 2 - Carga Crescente 2-5,true,771,235,10,10,650,0
1774966093871,596,Login,200,Cenario 2 - Carga Crescente 2-3,true,771,235,10,10,596,0
1774966094079,421,GET Articles,200,Cenario 2 - Carga Crescente 2-1,true,708202,293,10,10,420,0
1774966093910,647,Login,200,Cenario 2 - Carga Crescente 2-7,true,771,235,10,10,647,0
1774966094143,507,GET Articles,200,Cenario 2 - Carga Crescente 2-2,true,708203,293,10,10,506,0
1774966093967,757,Login,200,Cenario 2 - Carga Crescente 2-8,true,771,235,10,10,757,0
1774966094233,529,GET Articles,200,Cenario 2 - Carga Crescente 2-4,true,708203,293,10,10,528,0
1774966094136,634,Login,200,Cenario 2 - Carga Crescente 2-9,true,771,235,10,10,634,0
1774966094461,342,GET Articles,200,Cenario 2 - Carga Crescente 2-5,true,708202,293,10,10,341,0
1774966094467,365,GET Articles,200,Cenario 2 - Carga Crescente 2-3,true,708202,293,10,10,365,0
1774966094196,725,Login,200,Cenario 2 - Carga Crescente 2-10,true,771,235,10,10,725,0
1774966094557,423,GET Articles,200,Cenario 2 - Carga Crescente 2-7,true,708203,293,11,11,422,0
1774966094292,741,Login,200,Cenario 2 - Carga Crescente 2-6,true,771,235,11,11,741,0
1774966094725,369,GET Articles,200,Cenario 2 - Carga Crescente 2-8,true,708203,293,11,11,368,0
1774966094500,612,Login,200,Cenario 2 - Carga Crescente 2-1,true,771,235,11,11,612,0
1774966094770,399,GET Articles,200,Cenario 2 - Carga Crescente 2-9,true,708203,293,11,11,399,0
1774966094650,606,Login,200,Cenario 2 - Carga Crescente 2-2,true,771,235,11,11,606,0
1774966094762,614,Login,200,Cenario 2 - Carga Crescente 2-4,true,771,235,11,11,614,0
1774966094922,491,GET Articles,200,Cenario 2 - Carga Crescente 2-10,true,708203,293,11,11,490,0
1774966094803,640,Login,200,Cenario 2 - Carga Crescente 2-5,true,771,235,11,11,640,0
1774966094833,697,Login,200,Cenario 2 - Carga Crescente 2-3,true,771,235,11,11,697,0
1774966095034,559,GET Articles,200,Cenario 2 - Carga Crescente 2-6,true,708203,293,11,11,558,0
1774966094956,735,Login,200,Cenario 2 - Carga Crescente 2-11,true,771,235,11,11,735,1
1774966095113,639,GET Articles,200,Cenario 2 - Carga Crescente 2-1,true,708203,293,11,11,638,0
1774966094980,773,Login,200,Cenario 2 - Carga Crescente 2-7,true,771,235,11,11,773,0
1774966095257,598,GET Articles,200,Cenario 2 - Carga Crescente 2-2,true,708203,293,11,11,597,0
1774966095376,537,GET Articles,200,Cenario 2 - Carga Crescente 2-4,true,708203,293,11,11,536,0
1774966095094,819,Login,200,Cenario 2 - Carga Crescente 2-8,true,771,235,11,11,819,0
1774966095444,520,GET Articles,200,Cenario 2 - Carga Crescente 2-5,true,708203,293,11,11,519,0
1774966095531,491,GET Articles,200,Cenario 2 - Carga Crescente 2-3,true,708203,293,11,11,490,0
1774966095170,865,Login,200,Cenario 2 - Carga Crescente 2-9,true,771,235,11,11,865,0
1774966095691,405,GET Articles,200,Cenario 2 - Carga Crescente 2-11,true,708203,293,11,11,404,0
1774966095413,786,Login,200,Cenario 2 - Carga Crescente 2-10,true,771,235,11,11,786,0
1774966095753,488,GET Articles,200,Cenario 2 - Carga Crescente 2-7,true,708203,293,11,11,487,0
1774966095593,701,Login,200,Cenario 2 - Carga Crescente 2-6,true,771,235,11,11,701,0
1774966095752,617,Login,200,Cenario 2 - Carga Crescente 2-1,true,771,235,11,11,617,0
1774966095914,514,GET Articles,200,Cenario 2 - Carga Crescente 2-8,true,708203,293,11,11,513,0
1774966095855,659,Login,200,Cenario 2 - Carga Crescente 2-2,true,771,235,11,11,659,0
1774966095913,655,Login,200,Cenario 2 - Carga Crescente 2-4,true,771,235,11,11,655,0
1774966096035,564,GET Articles,200,Cenario 2 - Carga Crescente 2-9,true,708202,293,11,11,563,0
1774966095964,739,Login,200,Cenario 2 - Carga Crescente 2-5,true,771,235,11,11,739,0
1774966096199,564,GET Articles,200,Cenario 2 - Carga Crescente 2-10,true,708203,293,12,12,563,0
1774966096022,766,Login,200,Cenario 2 - Carga Crescente 2-3,true,771,235,12,12,766,0
1774966096295,552,GET Articles,200,Cenario 2 - Carga Crescente 2-6,true,708203,293,12,12,551,0
1774966096370,544,GET Articles,200,Cenario 2 - Carga Crescente 2-1,true,708203,293,12,12,544,0
1774966096096,819,Login,200,Cenario 2 - Carga Crescente 2-11,true,771,235,12,12,819,0
1774966096515,441,GET Articles,200,Cenario 2 - Carga Crescente 2-2,true,708202,293,12,12,440,0
1774966096568,425,GET Articles,200,Cenario 2 - Carga Crescente 2-4,true,708203,293,12,12,424,0
1774966096241,796,Login,200,Cenario 2 - Carga Crescente 2-7,true,771,235,12,12,796,0
1774966096704,391,GET Articles,200,Cenario 2 - Carga Crescente 2-5,true,708203,293,12,12,390,0
1774966096428,767,Login,200,Cenario 2 - Carga Crescente 2-8,true,771,235,12,12,767,0
1774966096599,668,Login,200,Cenario 2 - Carga Crescente 2-9,true,771,235,12,12,668,0
1774966096789,537,GET Articles,200,Cenario 2 - Carga Crescente 2-3,true,708203,293,12,12,536,0
1774966096757,611,Login,200,Cenario 2 - Carga Crescente 2-12,true,771,235,12,12,611,1
1774966096763,701,Login,200,Cenario 2 - Carga Crescente 2-10,true,771,235,12,12,701,0
1774966096916,589,GET Articles,200,Cenario 2 - Carga Crescente 2-11,true,708203,293,12,12,589,0
1774966096847,743,Login,200,Cenario 2 - Carga Crescente 2-6,true,771,235,12,12,743,0
1774966096915,716,Login,200,Cenario 2 - Carga Crescente 2-1,true,771,235,12,12,716,0
1774966097037,629,GET Articles,200,Cenario 2 - Carga Crescente 2-7,true,708202,293,12,12,628,0
1774966096956,814,Login,200,Cenario 2 - Carga Crescente 2-2,true,771,235,12,12,814,0
1774966097196,630,GET Articles,200,Cenario 2 - Carga Crescente 2-8,true,708203,293,12,12,629,0
1774966097268,619,GET Articles,200,Cenario 2 - Carga Crescente 2-9,true,708203,293,12,12,618,0
1774966096993,894,Login,200,Cenario 2 - Carga Crescente 2-4,true,771,235,12,12,894,0
1774966097368,584,GET Articles,200,Cenario 2 - Carga Crescente 2-12,true,708203,293,12,12,583,0
1774966097096,856,Login,200,Cenario 2 - Carga Crescente 2-5,true,771,235,12,12,856,0
1774966097465,588,GET Articles,200,Cenario 2 - Carga Crescente 2-10,true,708203,293,12,12,588,0
1774966097591,519,GET Articles,200,Cenario 2 - Carga Crescente 2-6,true,708203,293,12,12,518,0
1774966097632,535,GET Articles,200,Cenario 2 - Carga Crescente 2-1,true,708203,293,12,12,535,0
1774966097326,843,Login,200,Cenario 2 - Carga Crescente 2-3,true,771,235,12,12,843,0
1774966097770,459,GET Articles,200,Cenario 2 - Carga Crescente 2-2,true,708203,293,12,12,458,0
1774966097506,726,Login,200,Cenario 2 - Carga Crescente 2-11,true,771,235,12,12,726,0
1774966097666,779,Login,200,Cenario 2 - Carga Crescente 2-7,true,771,235,12,12,779,0
1774966097888,614,GET Articles,200,Cenario 2 - Carga Crescente 2-4,true,708203,293,12,12,613,0
1774966097887,617,Login,200,Cenario 2 - Carga Crescente 2-9,true,771,235,12,12,617,0
1774966097826,682,Login,200,Cenario 2 - Carga Crescente 2-8,true,771,235,12,12,682,0
1774966097952,620,GET Articles,200,Cenario 2 - Carga Crescente 2-5,true,708203,293,13,13,619,0
1774966097952,832,Login,200,Cenario 2 - Carga Crescente 2-12,true,771,235,13,13,832,0
1774966098110,727,Login,200,Cenario 2 - Carga Crescente 2-6,true,771,235,13,13,727,0
1774966098054,785,Login,200,Cenario 2 - Carga Crescente 2-10,true,771,235,13,13,785,0
1774966098169,731,GET Articles,200,Cenario 2 - Carga Crescente 2-3,true,708203,293,13,13,730,0
1774966098233,723,GET Articles,200,Cenario 2 - Carga Crescente 2-11,true,708203,293,13,13,722,0
1774966098445,568,GET Articles,200,Cenario 2 - Carga Crescente 2-7,true,708203,293,13,13,567,0
1774966098168,886,Login,200,Cenario 2 - Carga Crescente 2-1,true,771,235,13,13,886,0
1774966098504,594,GET Articles,200,Cenario 2 - Carga Crescente 2-9,true,708203,293,13,13,594,0
1774966098509,656,GET Articles,200,Cenario 2 - Carga Crescente 2-8,true,708203,293,13,13,655,0
1774966098229,935,Login,200,Cenario 2 - Carga Crescente 2-2,true,771,235,13,13,935,0
1774966098502,780,Login,200,Cenario 2 - Carga Crescente 2-4,true,771,235,13,13,780,0
1774966098784,557,GET Articles,200,Cenario 2 - Carga Crescente 2-12,true,708203,293,13,13,556,0
1774966098837,563,GET Articles,200,Cenario 2 - Carga Crescente 2-6,true,708203,293,13,13,562,0
1774966098839,620,GET Articles,200,Cenario 2 - Carga Crescente 2-10,true,708203,293,13,13,619,0
1774966098557,902,Login,200,Cenario 2 - Carga Crescente 2-13,true,771,235,13,13,902,0
1774966098572,889,Login,200,Cenario 2 - Carga Crescente 2-5,true,771,235,13,13,889,0
1774966098900,834,Login,200,Cenario 2 - Carga Crescente 2-3,true,771,235,13,13,834,0
1774966098956,780,Login,200,Cenario 2 - Carga Crescente 2-11,true,771,235,13,13,780,0
1774966099013,724,Login,200,Cenario 2 - Carga Crescente 2-7,true,771,235,13,13,724,0
1774966099055,749,GET Articles,200,Cenario 2 - Carga Crescente 2-1,true,708203,293,13,13,748,0
1774966099165,695,GET Articles,200,Cenario 2 - Carga Crescente 2-2,true,708203,293,13,13,691,0
1774966099282,624,GET Articles,200,Cenario 2 - Carga Crescente 2-4,true,708203,293,13,13,623,0
1774966099099,910,Login,200,Cenario 2 - Carga Crescente 2-9,true,771,235,13,13,910,0
1774966099165,961,Login,200,Cenario 2 - Carga Crescente 2-8,true,771,235,13,13,961,0
1774966099341,828,Login,200,Cenario 2 - Carga Crescente 2-12,true,771,235,13,13,828,0
1774966099460,742,GET Articles,200,Cenario 2 - Carga Crescente 2-13,true,708202,293,13,13,741,0
1774966099461,812,GET Articles,200,Cenario 2 - Carga Crescente 2-5,true,708202,293,13,13,811,0
1774966099400,878,Login,200,Cenario 2 - Carga Crescente 2-6,true,771,235,13,13,878,0
1774966099734,584,GET Articles,200,Cenario 2 - Carga Crescente 2-3,true,708203,293,13,13,584,0
1774966099736,613,GET Articles,200,Cenario 2 - Carga Crescente 2-11,true,708203,293,13,13,613,0
1774966099738,672,GET Articles,200,Cenario 2 - Carga Crescente 2-7,true,708203,293,14,14,671,0
1774966099459,951,Login,200,Cenario 2 - Carga Crescente 2-10,true,771,235,14,14,951,0
1774966099804,817,Login,200,Cenario 2 - Carga Crescente 2-1,true,771,235,14,14,817,0
1774966100010,651,GET Articles,200,Cenario 2 - Carga Crescente 2-9,true,708203,293,14,14,650,0
1774966100126,571,GET Articles,200,Cenario 2 - Carga Crescente 2-8,true,708202,293,14,14,571,0
1774966099906,791,Login,200,Cenario 2 - Carga Crescente 2-4,true,771,235,14,14,791,0
1774966099860,838,Login,200,Cenario 2 - Carga Crescente 2-2,true,771,235,14,14,838,0
1774966100169,570,GET Articles,200,Cenario 2 - Carga Crescente 2-12,true,708202,293,14,14,569,0
1774966100278,509,GET Articles,200,Cenario 2 - Carga Crescente 2-6,true,708203,293,14,14,509,0
1774966100202,764,Login,200,Cenario 2 - Carga Crescente 2-13,true,771,235,14,14,764,0
1774966100273,695,Login,200,Cenario 2 - Carga Crescente 2-5,true,771,235,14,14,695,0
1774966100319,731,Login,200,Cenario 2 - Carga Crescente 2-3,true,771,235,14,14,731,0
1774966100358,877,Login,200,Cenario 2 - Carga Crescente 2-14,true,771,235,14,14,877,0
1774966100350,887,Login,200,Cenario 2 - Carga Crescente 2-11,true,771,235,14,14,887,0
1774966100411,883,GET Articles,200,Cenario 2 - Carga Crescente 2-10,true,708203,293,14,14,883,0
1774966100621,727,GET Articles,200,Cenario 2 - Carga Crescente 2-1,true,708204,293,14,14,727,0
1774966100410,939,Login,200,Cenario 2 - Carga Crescente 2-7,true,771,235,14,14,939,0
1774966100698,715,GET Articles,200,Cenario 2 - Carga Crescente 2-4,true,708203,293,14,14,714,0
1774966100699,795,GET Articles,200,Cenario 2 - Carga Crescente 2-2,true,708203,293,14,14,794,0
1774966100661,953,Login,200,Cenario 2 - Carga Crescente 2-9,true,771,235,14,14,953,0
1774966100698,918,Login,200,Cenario 2 - Carga Crescente 2-8,true,771,235,14,14,918,0
1774966100967,691,GET Articles,200,Cenario 2 - Carga Crescente 2-13,true,708203,293,14,14,690,0
1774966100968,745,GET Articles,200,Cenario 2 - Carga Crescente 2-5,true,708203,293,14,14,744,0
1774966101051,696,GET Articles,200,Cenario 2 - Carga Crescente 2-3,true,708202,293,14,14,696,0
1774966100739,1016,Login,200,Cenario 2 - Carga Crescente 2-12,true,771,235,14,14,1016,0
1774966101235,571,GET Articles,200,Cenario 2 - Carga Crescente 2-14,true,708203,293,14,14,570,0
1774966101238,631,GET Articles,200,Cenario 2 - Carga Crescente 2-11,true,708203,293,14,14,630,0
1774966100788,1094,Login,200,Cenario 2 - Carga Crescente 2-6,true,771,235,14,14,1094,0
1774966101349,568,GET Articles,200,Cenario 2 - Carga Crescente 2-7,true,708203,293,14,14,568,0
1774966101295,779,Login,200,Cenario 2 - Carga Crescente 2-10,true,771,235,14,14,779,0
1774966101349,783,Login,200,Cenario 2 - Carga Crescente 2-1,true,771,235,14,14,783,0
1774966101615,575,GET Articles,200,Cenario 2 - Carga Crescente 2-9,true,708203,293,15,15,574,0
1774966101413,777,Login,200,Cenario 2 - Carga Crescente 2-4,true,771,235,15,15,777,0
1774966101616,636,GET Articles,200,Cenario 2 - Carga Crescente 2-8,true,708203,293,15,15,635,0
1774966101494,844,Login,200,Cenario 2 - Carga Crescente 2-2,true,771,235,15,15,844,0
1774966101658,799,Login,200,Cenario 2 - Carga Crescente 2-13,true,771,235,15,15,799,0
1774966101755,758,GET Articles,200,Cenario 2 - Carga Crescente 2-12,true,708203,293,15,15,757,0
1774966101713,803,Login,200,Cenario 2 - Carga Crescente 2-5,true,771,235,15,15,802,0
1774966101748,853,Login,200,Cenario 2 - Carga Crescente 2-3,true,771,235,15,15,853,0
1774966101883,812,GET Articles,200,Cenario 2 - Carga Crescente 2-6,true,708203,293,15,15,811,0
1774966101806,975,Login,200,Cenario 2 - Carga Crescente 2-14,true,771,235,15,15,975,0
1774966101869,914,Login,200,Cenario 2 - Carga Crescente 2-11,true,771,235,15,15,914,0
1774966102074,767,GET Articles,200,Cenario 2 - Carga Crescente 2-10,true,708203,293,15,15,766,0
1774966102133,764,GET Articles,200,Cenario 2 - Carga Crescente 2-1,true,708203,293,15,15,763,0
1774966101917,1044,Login,200,Cenario 2 - Carga Crescente 2-7,true,771,235,15,15,1044,0
1774966102190,826,GET Articles,200,Cenario 2 - Carga Crescente 2-4,true,708203,293,15,15,825,0
1774966102157,1004,Login,200,Cenario 2 - Carga Crescente 2-15,true,771,235,15,15,1004,0
1774966102190,977,Login,200,Cenario 2 - Carga Crescente 2-9,true,771,235,15,15,977,0
1774966102339,879,GET Articles,200,Cenario 2 - Carga Crescente 2-2,true,708203,293,15,15,879,0
1774966102458,821,GET Articles,200,Cenario 2 - Carga Crescente 2-13,true,708203,293,15,15,820,0
1774966102252,1029,Login,200,Cenario 2 - Carga Crescente 2-8,true,771,235,15,15,1029,0
1774966102516,827,GET Articles,200,Cenario 2 - Carga Crescente 2-5,true,708203,293,15,15,826,0
1774966102602,792,GET Articles,200,Cenario 2 - Carga Crescente 2-3,true,708203,293,15,15,791,0
1774966102781,666,GET Articles,200,Cenario 2 - Carga Crescente 2-14,true,708203,293,15,15,666,0
1774966102784,692,GET Articles,200,Cenario 2 - Carga Crescente 2-11,true,708202,293,15,15,691,0
1774966102513,1029,Login,200,Cenario 2 - Carga Crescente 2-12,true,772,235,15,15,1029,0
1774966102695,969,Login,200,Cenario 2 - Carga Crescente 2-6,true,771,235,15,15,969,0
1774966102961,758,GET Articles,200,Cenario 2 - Carga Crescente 2-7,true,708203,293,15,15,757,0
1774966102841,902,Login,200,Cenario 2 - Carga Crescente 2-10,true,771,235,15,15,902,0
1774966103162,642,GET Articles,200,Cenario 2 - Carga Crescente 2-15,true,708203,293,15,15,641,0
1774966102897,911,Login,200,Cenario 2 - Carga Crescente 2-1,true,771,235,15,15,911,0
1774966103168,699,GET Articles,200,Cenario 2 - Carga Crescente 2-9,true,708203,293,15,15,698,0
1774966103016,980,Login,200,Cenario 2 - Carga Crescente 2-4,true,771,235,16,16,980,0
1774966103282,774,GET Articles,200,Cenario 2 - Carga Crescente 2-8,true,708203,293,16,16,773,0
1774966103219,924,Login,200,Cenario 2 - Carga Crescente 2-2,true,771,235,16,16,924,0
1774966103279,872,Login,200,Cenario 2 - Carga Crescente 2-13,true,771,235,16,16,872,0
1774966103343,981,Login,200,Cenario 2 - Carga Crescente 2-5,true,771,235,16,16,981,0
1774966103394,1014,Login,200,Cenario 2 - Carga Crescente 2-3,true,771,235,16,16,1014,0
1774966103543,923,GET Articles,200,Cenario 2 - Carga Crescente 2-12,true,708203,293,16,16,923,0
1774966103447,1019,Login,200,Cenario 2 - Carga Crescente 2-14,true,771,235,16,16,1019,0
1774966103664,864,GET Articles,200,Cenario 2 - Carga Crescente 2-6,true,708203,293,16,16,864,0
1774966103743,879,GET Articles,200,Cenario 2 - Carga Crescente 2-10,true,708203,293,16,16,878,0
1774966103476,1146,Login,200,Cenario 2 - Carga Crescente 2-11,true,771,235,16,16,1146,0
1774966103809,874,GET Articles,200,Cenario 2 - Carga Crescente 2-1,true,708203,293,16,16,873,0
1774966103719,1019,Login,200,Cenario 2 - Carga Crescente 2-7,true,771,235,16,16,1019,0
1774966103804,1086,Login,200,Cenario 2 - Carga Crescente 2-15,true,771,235,16,16,1086,0
1774966103996,952,GET Articles,200,Cenario 2 - Carga Crescente 2-4,true,708203,293,16,16,951,0
1774966103867,1084,Login,200,Cenario 2 - Carga Crescente 2-9,true,771,235,16,16,1084,0
1774966104144,870,GET Articles,200,Cenario 2 - Carga Crescente 2-2,true,708203,293,16,16,869,0
1774966103956,1058,Login,200,Cenario 2 - Carga Crescente 2-16,true,771,235,16,16,1058,1
1774966104152,910,GET Articles,200,Cenario 2 - Carga Crescente 2-13,true,708203,293,16,16,909,0
1774966104325,769,GET Articles,200,Cenario 2 - Carga Crescente 2-5,true,708203,293,16,16,769,0
1774966104409,744,GET Articles,200,Cenario 2 - Carga Crescente 2-3,true,708203,293,16,16,743,0
1774966104467,744,GET Articles,200,Cenario 2 - Carga Crescente 2-14,true,708203,293,16,16,743,0
1774966104056,1172,Login,200,Cenario 2 - Carga Crescente 2-8,true,771,235,16,16,1172,0
1774966104467,906,Login,200,Cenario 2 - Carga Crescente 2-12,true,771,235,16,16,906,0
1774966104623,812,GET Articles,200,Cenario 2 - Carga Crescente 2-11,true,708203,293,16,16,811,0
1774966104529,956,Login,200,Cenario 2 - Carga Crescente 2-6,true,771,235,16,16,956,0
1774966104739,791,GET Articles,200,Cenario 2 - Carga Crescente 2-7,true,708203,293,16,16,790,0
1774966104622,907,Login,200,Cenario 2 - Carga Crescente 2-10,true,771,235,16,16,907,0
1774966104890,700,GET Articles,200,Cenario 2 - Carga Crescente 2-15,true,708203,293,16,16,700,0
1774966104951,698,GET Articles,200,Cenario 2 - Carga Crescente 2-9,true,708203,293,16,16,698,0
1774966104683,1026,Login,200,Cenario 2 - Carga Crescente 2-1,true,771,235,16,16,1026,0
1774966105015,753,GET Articles,200,Cenario 2 - Carga Crescente 2-16,true,708203,293,17,17,752,0
1774966104948,857,Login,200,Cenario 2 - Carga Crescente 2-4,true,771,235,17,17,857,0
1774966105014,905,Login,200,Cenario 2 - Carga Crescente 2-2,true,771,235,17,17,905,0
1774966105062,969,Login,200,Cenario 2 - Carga Crescente 2-13,true,771,235,17,17,969,0
1774966105095,974,Login,200,Cenario 2 - Carga Crescente 2-5,true,771,235,17,17,974,0
1774966105228,903,GET Articles,200,Cenario 2 - Carga Crescente 2-8,true,708203,293,17,17,902,0
1774966105374,811,GET Articles,200,Cenario 2 - Carga Crescente 2-12,true,708203,293,17,17,810,0
1774966105153,1033,Login,200,Cenario 2 - Carga Crescente 2-3,true,771,235,17,17,1033,0
1774966105485,764,GET Articles,200,Cenario 2 - Carga Crescente 2-6,true,708203,293,17,17,763,0
1774966105211,1084,Login,200,Cenario 2 - Carga Crescente 2-14,true,771,235,17,17,1084,0
1774966105530,822,GET Articles,200,Cenario 2 - Carga Crescente 2-10,true,708203,293,17,17,821,0
1774966105435,1032,Login,200,Cenario 2 - Carga Crescente 2-11,true,771,235,17,17,1032,0
1774966105530,984,Login,200,Cenario 2 - Carga Crescente 2-7,true,771,235,17,17,983,0
1774966105709,835,GET Articles,200,Cenario 2 - Carga Crescente 2-1,true,708202,293,17,17,834,0
1774966105591,1026,Login,200,Cenario 2 - Carga Crescente 2-15,true,771,235,17,17,1026,0
1774966105650,1082,Login,200,Cenario 2 - Carga Crescente 2-9,true,771,235,17,17,1082,0
1774966105806,984,GET Articles,200,Cenario 2 - Carga Crescente 2-4,true,708203,293,17,17,983,0
1774966105920,909,GET Articles,200,Cenario 2 - Carga Crescente 2-2,true,708203,293,17,17,908,0
1774966105757,1072,Login,200,Cenario 2 - Carga Crescente 2-17,true,771,235,17,17,1072,1
1774966106032,842,GET Articles,200,Cenario 2 - Carga Crescente 2-13,true,708203,293,17,17,841,0
1774966105768,1143,Login,200,Cenario 2 - Carga Crescente 2-16,true,771,235,17,17,1143,0
1774966106070,846,GET Articles,200,Cenario 2 - Carga Crescente 2-5,true,708203,293,17,17,845,0
1774966106187,795,GET Articles,200,Cenario 2 - Carga Crescente 2-3,true,708203,293,17,17,795,0
1774966106185,1003,Login,200,Cenario 2 - Carga Crescente 2-12,true,771,235,17,17,1003,0
1774966106131,1062,Login,200,Cenario 2 - Carga Crescente 2-8,true,771,235,17,17,1062,0
1774966106295,949,GET Articles,200,Cenario 2 - Carga Crescente 2-14,true,708203,293,17,17,949,0
1774966106249,998,Login,200,Cenario 2 - Carga Crescente 2-6,true,771,235,17,17,998,0
1774966106468,846,GET Articles,200,Cenario 2 - Carga Crescente 2-11,true,708203,293,17,17,845,0
1774966106514,839,GET Articles,200,Cenario 2 - Carga Crescente 2-7,true,708203,293,17,17,838,0
1774966106618,806,GET Articles,200,Cenario 2 - Carga Crescente 2-15,true,708203,293,17,17,806,0
1774966106733,743,GET Articles,200,Cenario 2 - Carga Crescente 2-9,true,708203,293,17,17,742,0
1774966106352,1169,Login,200,Cenario 2 - Carga Crescente 2-10,true,771,235,17,17,1169,0
1774966106544,1083,Login,200,Cenario 2 - Carga Crescente 2-1,true,771,235,18,18,1083,0
1774966106830,855,GET Articles,200,Cenario 2 - Carga Crescente 2-17,true,708203,293,18,18,854,0
1774966106790,954,Login,200,Cenario 2 - Carga Crescente 2-4,true,771,235,18,18,954,0
1774966106912,886,GET Articles,200,Cenario 2 - Carga Crescente 2-16,true,708203,293,18,18,885,0
1774966106829,969,Login,200,Cenario 2 - Carga Crescente 2-2,true,771,235,18,18,969,0
1774966106874,1074,Login,200,Cenario 2 - Carga Crescente 2-13,true,771,235,18,18,1074,0
1774966107188,816,GET Articles,200,Cenario 2 - Carga Crescente 2-12,true,708203,293,18,18,815,0
1774966107194,868,GET Articles,200,Cenario 2 - Carga Crescente 2-8,true,708203,293,18,18,868,0
1774966106983,1082,Login,200,Cenario 2 - Carga Crescente 2-3,true,771,235,18,18,1082,0
1774966106916,1149,Login,200,Cenario 2 - Carga Crescente 2-5,true,771,235,18,18,1149,0
1774966107248,883,GET Articles,200,Cenario 2 - Carga Crescente 2-6,true,708203,293,18,18,882,0
1774966107245,1090,Login,200,Cenario 2 - Carga Crescente 2-14,true,771,235,18,18,1090,0
1774966107314,1026,Login,200,Cenario 2 - Carga Crescente 2-11,true,771,235,18,18,1026,0
1774966107353,1039,Login,200,Cenario 2 - Carga Crescente 2-7,true,771,235,18,18,1039,0
1774966107522,925,GET Articles,200,Cenario 2 - Carga Crescente 2-10,true,708203,293,18,18,924,0
1774966107425,1166,Login,200,Cenario 2 - Carga Crescente 2-15,true,771,235,18,18,1166,0
1774966107627,1019,GET Articles,200,Cenario 2 - Carga Crescente 2-1,true,708203,293,18,18,1019,0
1774966107476,1171,Login,200,Cenario 2 - Carga Crescente 2-9,true,771,235,18,18,1171,0
1774966107745,966,GET Articles,200,Cenario 2 - Carga Crescente 2-4,true,708203,293,18,18,965,0
1774966107557,1156,Login,200,Cenario 2 - Carga Crescente 2-18,true,771,235,18,18,1156,1
1774966107798,979,GET Articles,200,Cenario 2 - Carga Crescente 2-2,true,708203,293,18,18,978,0
1774966107949,882,GET Articles,200,Cenario 2 - Carga Crescente 2-13,true,708203,293,18,18,881,0
1774966107685,1232,Login,200,Cenario 2 - Carga Crescente 2-17,true,771,235,18,18,1232,0
1774966107798,1183,Login,200,Cenario 2 - Carga Crescente 2-16,true,771,235,18,18,1183,0
1774966108065,972,GET Articles,200,Cenario 2 - Carga Crescente 2-3,true,708203,293,18,18,972,0
1774966108066,1029,GET Articles,200,Cenario 2 - Carga Crescente 2-5,true,708203,293,18,18,1028,0
1774966108004,1092,Login,200,Cenario 2 - Carga Crescente 2-12,true,771,235,18,18,1092,0
1774966108336,825,GET Articles,200,Cenario 2 - Carga Crescente 2-14,true,708203,293,18,18,824,0
1774966108340,860,GET Articles,200,Cenario 2 - Carga Crescente 2-11,true,708203,293,18,18,859,0
1774966108063,1137,Login,200,Cenario 2 - Carga Crescente 2-8,true,771,235,18,18,1137,0
1774966108392,873,GET Articles,200,Cenario 2 - Carga Crescente 2-7,true,708203,293,18,18,873,0
1774966108592,729,GET Articles,200,Cenario 2 - Carga Crescente 2-15,true,708203,293,18,18,728,0
1774966108131,1247,Login,200,Cenario 2 - Carga Crescente 2-6,true,771,235,19,19,1247,0
1774966108647,768,GET Articles,200,Cenario 2 - Carga Crescente 2-9,true,708203,293,19,19,767,0
1774966108447,1032,Login,200,Cenario 2 - Carga Crescente 2-10,true,771,235,19,19,1032,0
1774966108713,807,GET Articles,200,Cenario 2 - Carga Crescente 2-18,true,708203,293,19,19,806,0
1774966108647,946,Login,200,Cenario 2 - Carga Crescente 2-1,true,771,235,19,19,946,0
1774966108711,972,Login,200,Cenario 2 - Carga Crescente 2-4,true,771,235,19,19,972,0
1774966108917,821,GET Articles,200,Cenario 2 - Carga Crescente 2-17,true,708203,293,19,19,820,0
1774966108982,810,GET Articles,200,Cenario 2 - Carga Crescente 2-16,true,708203,293,19,19,809,0
1774966108777,1015,Login,200,Cenario 2 - Carga Crescente 2-2,true,771,235,19,19,1015,0
1774966108831,1026,Login,200,Cenario 2 - Carga Crescente 2-13,true,771,235,19,19,1026,0
1774966109097,818,GET Articles,200,Cenario 2 - Carga Crescente 2-12,true,708203,293,19,19,817,0
1774966109095,964,Login,200,Cenario 2 - Carga Crescente 2-5,true,771,235,19,19,964,0
1774966109038,1024,Login,200,Cenario 2 - Carga Crescente 2-3,true,771,235,19,19,1024,0
1774966109200,925,GET Articles,200,Cenario 2 - Carga Crescente 2-8,true,708203,293,19,19,924,0
1774966109161,1021,Login,200,Cenario 2 - Carga Crescente 2-14,true,771,235,19,19,1021,0
1774966109200,1141,Login,200,Cenario 2 - Carga Crescente 2-11,true,771,235,19,19,1141,0
1774966109266,1134,Login,200,Cenario 2 - Carga Crescente 2-7,true,771,235,19,19,1133,0
1774966109379,1092,GET Articles,200,Cenario 2 - Carga Crescente 2-6,true,708203,293,19,19,1091,0
1774966109321,1150,Login,200,Cenario 2 - Carga Crescente 2-15,true,771,235,19,19,1150,0
1774966109479,1055,GET Articles,200,Cenario 2 - Carga Crescente 2-10,true,708203,293,19,19,1054,0
1774966109357,1256,Login,200,Cenario 2 - Carga Crescente 2-19,true,771,235,19,19,1256,0
1774966109594,1077,GET Articles,200,Cenario 2 - Carga Crescente 2-1,true,708203,293,19,19,1076,0
1774966109684,1042,GET Articles,200,Cenario 2 - Carga Crescente 2-4,true,708203,293,19,19,1041,0
1774966109415,1332,Login,200,Cenario 2 - Carga Crescente 2-9,true,771,235,19,19,1332,0
1774966109793,985,GET Articles,200,Cenario 2 - Carga Crescente 2-2,true,708202,293,19,19,984,0
1774966109520,1280,Login,200,Cenario 2 - Carga Crescente 2-18,true,771,235,19,19,1280,0
1774966109858,1001,GET Articles,200,Cenario 2 - Carga Crescente 2-13,true,708203,293,19,19,1000,0
1774966109738,1257,Login,200,Cenario 2 - Carga Crescente 2-17,true,771,235,19,19,1257,0
1774966110061,970,GET Articles,200,Cenario 2 - Carga Crescente 2-5,true,708203,293,19,19,969,0
1774966110062,1008,GET Articles,200,Cenario 2 - Carga Crescente 2-3,true,708203,293,19,19,1007,0
1774966109792,1278,Login,200,Cenario 2 - Carga Crescente 2-16,true,771,235,19,19,1278,0
1774966110183,953,GET Articles,200,Cenario 2 - Carga Crescente 2-14,true,708203,293,19,19,952,0
1774966109915,1221,Login,200,Cenario 2 - Carga Crescente 2-12,true,771,235,19,19,1221,0
1774966110342,860,GET Articles,200,Cenario 2 - Carga Crescente 2-11,true,708203,293,20,20,859,0
1774966110400,857,GET Articles,200,Cenario 2 - Carga Crescente 2-7,true,708204,293,20,20,856,0
1774966110471,850,GET Articles,200,Cenario 2 - Carga Crescente 2-15,true,708203,293,20,20,849,0
1774966110126,1222,Login,200,Cenario 2 - Carga Crescente 2-8,true,771,235,20,20,1222,0
1774966110613,795,GET Articles,200,Cenario 2 - Carga Crescente 2-19,true,708203,293,20,20,794,0
1774966110471,1065,Login,200,Cenario 2 - Carga Crescente 2-6,true,771,235,20,20,1065,0
1774966110535,1059,Login,200,Cenario 2 - Carga Crescente 2-10,true,771,235,20,20,1059,0
1774966110747,902,GET Articles,200,Cenario 2 - Carga Crescente 2-9,true,708203,293,20,20,901,0
1774966110671,1008,Login,200,Cenario 2 - Carga Crescente 2-1,true,771,235,20,20,1008,0
1774966110801,914,GET Articles,200,Cenario 2 - Carga Crescente 2-18,true,708203,293,20,20,914,0
1774966110726,1075,Login,200,Cenario 2 - Carga Crescente 2-4,true,771,235,20,20,1075,0
1774966110995,864,GET Articles,200,Cenario 2 - Carga Crescente 2-17,true,708203,293,20,20,863,0
1774966110778,1135,Login,200,Cenario 2 - Carga Crescente 2-2,true,771,235,20,20,1135,0
1774966110859,1127,Login,200,Cenario 2 - Carga Crescente 2-13,true,771,235,20,20,1127,0
1774966111071,959,GET Articles,200,Cenario 2 - Carga Crescente 2-16,true,708203,293,20,20,955,0
1774966111031,1101,Login,200,Cenario 2 - Carga Crescente 2-5,true,771,235,20,20,1101,0
1774966111137,1042,GET Articles,200,Cenario 2 - Carga Crescente 2-12,true,708203,293,20,20,1041,0
1774966111070,1111,Login,200,Cenario 2 - Carga Crescente 2-3,true,771,235,20,20,1111,0
1774966111136,1163,Login,200,Cenario 2 - Carga Crescente 2-14,true,771,235,20,20,1163,0
1774966111158,1294,Login,200,Cenario 2 - Carga Crescente 2-20,true,771,235,20,20,1294,0
1774966111202,1256,Login,200,Cenario 2 - Carga Crescente 2-11,true,771,235,20,20,1256,0
1774966111348,1169,GET Articles,200,Cenario 2 - Carga Crescente 2-8,true,708203,293,20,20,1168,0
1774966111257,1308,Login,200,Cenario 2 - Carga Crescente 2-7,true,771,235,20,20,1308,0
1774966111536,1085,GET Articles,200,Cenario 2 - Carga Crescente 2-6,true,708203,293,20,20,1084,0
1774966111593,1120,GET Articles,200,Cenario 2 - Carga Crescente 2-10,true,708203,293,20,20,1119,0
1774966111321,1401,Login,200,Cenario 2 - Carga Crescente 2-15,true,771,235,20,20,1401,0
1774966111679,1083,GET Articles,200,Cenario 2 - Carga Crescente 2-1,true,708203,293,20,20,1083,0
1774966111408,1385,Login,200,Cenario 2 - Carga Crescente 2-19,true,771,235,20,20,1385,0
1774966111800,1052,GET Articles,200,Cenario 2 - Carga Crescente 2-4,true,708203,293,20,20,1051,0
1774966111648,1340,Login,200,Cenario 2 - Carga Crescente 2-9,true,771,235,21,21,1340,0
1774966111913,1110,GET Articles,200,Cenario 2 - Carga Crescente 2-2,true,708202,293,21,21,1109,0
1774966111985,1072,GET Articles,200,Cenario 2 - Carga Crescente 2-13,true,708203,293,21,21,1071,0
1774966111715,1342,Login,200,Cenario 2 - Carga Crescente 2-18,true,771,235,21,21,1342,0
1774966112131,965,GET Articles,200,Cenario 2 - Carga Crescente 2-5,true,708202,293,21,21,964,0
1774966111858,1268,Login,200,Cenario 2 - Carga Crescente 2-17,true,771,235,21,21,1267,0
1774966112180,981,GET Articles,200,Cenario 2 - Carga Crescente 2-3,true,708203,293,21,21,980,0
1774966112299,899,GET Articles,200,Cenario 2 - Carga Crescente 2-14,true,708203,293,21,21,898,0
1774966112452,789,GET Articles,200,Cenario 2 - Carga Crescente 2-20,true,708203,293,21,21,788,0
1774966112457,842,GET Articles,200,Cenario 2 - Carga Crescente 2-11,true,708203,293,21,21,841,0
1774966112029,1307,Login,200,Cenario 2 - Carga Crescente 2-16,true,771,235,21,21,1307,0
1774966112564,816,GET Articles,200,Cenario 2 - Carga Crescente 2-7,true,708203,293,21,21,815,0
1774966112178,1201,Login,200,Cenario 2 - Carga Crescente 2-12,true,771,235,21,21,1201,0
1774966112516,1049,Login,200,Cenario 2 - Carga Crescente 2-8,true,771,235,21,21,1049,0
1774966112722,878,GET Articles,200,Cenario 2 - Carga Crescente 2-15,true,708203,293,21,21,877,0
1774966112714,929,Login,200,Cenario 2 - Carga Crescente 2-10,true,771,235,21,21,929,0
1774966112622,1026,Login,200,Cenario 2 - Carga Crescente 2-6,true,771,235,21,21,1026,0
1774966112792,886,GET Articles,200,Cenario 2 - Carga Crescente 2-19,true,708203,293,21,21,885,0
1774966112763,1095,Login,200,Cenario 2 - Carga Crescente 2-1,true,771,235,21,21,1095,0
1774966112989,957,GET Articles,200,Cenario 2 - Carga Crescente 2-9,true,708203,293,21,21,956,0
1774966112852,1094,Login,200,Cenario 2 - Carga Crescente 2-4,true,771,235,21,21,1094,0
1774966112956,992,Login,200,Cenario 2 - Carga Crescente 2-21,true,771,235,21,21,992,0
1774966113057,955,GET Articles,200,Cenario 2 - Carga Crescente 2-18,true,708203,293,21,21,954,0
1774966113023,1190,Login,200,Cenario 2 - Carga Crescente 2-2,true,771,235,21,21,1190,0
1774966113057,1156,Login,200,Cenario 2 - Carga Crescente 2-13,true,771,235,21,21,1156,0
1774966113126,1149,GET Articles,200,Cenario 2 - Carga Crescente 2-17,true,708203,293,21,21,1148,0
1774966113096,1181,Login,200,Cenario 2 - Carga Crescente 2-5,true,771,235,21,21,1181,0
1774966113161,1321,Login,200,Cenario 2 - Carga Crescente 2-3,true,771,235,21,21,1321,0
1774966113198,1336,Login,200,Cenario 2 - Carga Crescente 2-14,true,771,235,21,21,1336,0
1774966113241,1296,Login,200,Cenario 2 - Carga Crescente 2-20,true,771,235,21,21,1296,0
1774966113337,1236,GET Articles,200,Cenario 2 - Carga Crescente 2-16,true,708203,293,21,21,1236,0
1774966113380,1224,GET Articles,200,Cenario 2 - Carga Crescente 2-12,true,708202,293,21,21,1223,0
1774966113565,1096,GET Articles,200,Cenario 2 - Carga Crescente 2-8,true,708203,293,21,21,1095,0
1774966113300,1436,Login,200,Cenario 2 - Carga Crescente 2-11,true,771,235,21,21,1436,0
1774966113644,1152,GET Articles,200,Cenario 2 - Carga Crescente 2-10,true,708203,293,22,22,1151,0
1774966113648,1203,GET Articles,200,Cenario 2 - Carga Crescente 2-6,true,708203,293,22,22,1202,0
1774966113380,1481,Login,200,Cenario 2 - Carga Crescente 2-7,true,771,235,22,22,1481,0
1774966113859,1061,GET Articles,200,Cenario 2 - Carga Crescente 2-1,true,708203,293,22,22,1060,0
1774966113600,1322,Login,200,Cenario 2 - Carga Crescente 2-15,true,771,235,22,22,1322,0
1774966113947,1011,GET Articles,200,Cenario 2 - Carga Crescente 2-4,true,708203,293,22,22,1010,0
1774966113948,1111,GET Articles,200,Cenario 2 - Carga Crescente 2-21,true,708203,293,22,22,1110,0
1774966113678,1443,Login,200,Cenario 2 - Carga Crescente 2-19,true,771,235,22,22,1443,0
1774966114213,968,GET Articles,200,Cenario 2 - Carga Crescente 2-2,true,708203,293,22,22,967,0
1774966114214,1026,GET Articles,200,Cenario 2 - Carga Crescente 2-13,true,708203,293,22,22,1025,0
1774966113946,1295,Login,200,Cenario 2 - Carga Crescente 2-9,true,771,235,22,22,1295,0
1774966114277,1028,GET Articles,200,Cenario 2 - Carga Crescente 2-5,true,708203,293,22,22,1027,0
1774966114012,1339,Login,200,Cenario 2 - Carga Crescente 2-18,true,771,235,22,22,1339,0
1774966114482,870,GET Articles,200,Cenario 2 - Carga Crescente 2-3,true,708203,293,22,22,869,0
1774966114538,858,GET Articles,200,Cenario 2 - Carga Crescente 2-20,true,708203,293,22,22,857,0
1774966114534,900,GET Articles,200,Cenario 2 - Carga Crescente 2-14,true,708203,293,22,22,899,0
1774966114275,1249,Login,200,Cenario 2 - Carga Crescente 2-17,true,771,235,22,22,1249,0
1774966114574,1132,Login,200,Cenario 2 - Carga Crescente 2-16,true,771,235,22,22,1132,0
1774966114604,1105,Login,200,Cenario 2 - Carga Crescente 2-12,true,771,235,22,22,1105,0
1774966114736,1014,GET Articles,200,Cenario 2 - Carga Crescente 2-11,true,708203,293,22,22,1013,0
1774966114661,1128,Login,200,Cenario 2 - Carga Crescente 2-8,true,771,235,22,22,1128,0
1774966114755,1252,Login,200,Cenario 2 - Carga Crescente 2-22,true,771,235,22,22,1252,1
1774966114796,1217,Login,200,Cenario 2 - Carga Crescente 2-10,true,771,235,22,22,1217,0
1774966114862,1185,GET Articles,200,Cenario 2 - Carga Crescente 2-7,true,708203,293,22,22,1184,0
1774966114851,1198,Login,200,Cenario 2 - Carga Crescente 2-6,true,771,235,22,22,1198,0
1774966114923,1191,GET Articles,200,Cenario 2 - Carga Crescente 2-15,true,708203,293,22,22,1190,0
1774966114958,1360,Login,200,Cenario 2 - Carga Crescente 2-4,true,771,235,22,22,1360,0
1774966114920,1401,Login,200,Cenario 2 - Carga Crescente 2-1,true,771,235,22,22,1401,0
1774966115122,1237,GET Articles,200,Cenario 2 - Carga Crescente 2-19,true,708203,293,22,22,1236,0
1774966115060,1317,Login,200,Cenario 2 - Carga Crescente 2-21,true,771,235,22,22,1317,0
1774966115241,1228,GET Articles,200,Cenario 2 - Carga Crescente 2-9,true,708203,293,22,22,1228,0
1774966115181,1437,Login,200,Cenario 2 - Carga Crescente 2-2,true,771,235,23,23,1437,0
1774966115352,1297,GET Articles,200,Cenario 2 - Carga Crescente 2-18,true,708202,293,23,23,1297,0
1774966115240,1409,Login,200,Cenario 2 - Carga Crescente 2-13,true,771,235,23,23,1409,0
1774966115305,1427,Login,200,Cenario 2 - Carga Crescente 2-5,true,771,235,23,23,1427,0
1774966115352,1561,Login,200,Cenario 2 - Carga Crescente 2-3,true,771,235,23,23,1561,0
1774966115396,1520,Login,200,Cenario 2 - Carga Crescente 2-20,true,771,235,23,23,1520,0
1774966115524,1436,GET Articles,200,Cenario 2 - Carga Crescente 2-17,true,708203,293,23,23,1435,0
1774966115706,1290,GET Articles,200,Cenario 2 - Carga Crescente 2-16,true,708203,293,23,23,1289,0
1774966115434,1565,Login,200,Cenario 2 - Carga Crescente 2-14,true,771,235,23,23,1565,0
1774966115710,1324,GET Articles,200,Cenario 2 - Carga Crescente 2-12,true,708203,293,23,23,1323,0
1774966115790,1331,GET Articles,200,Cenario 2 - Carga Crescente 2-8,true,708203,293,23,23,1330,0
1774966116008,1118,GET Articles,200,Cenario 2 - Carga Crescente 2-22,true,708203,293,23,23,1117,0
1774966116013,1176,GET Articles,200,Cenario 2 - Carga Crescente 2-10,true,708203,293,23,23,1175,0
1774966116049,1197,GET Articles,200,Cenario 2 - Carga Crescente 2-6,true,708203,293,23,23,1196,0
1774966115750,1553,Login,200,Cenario 2 - Carga Crescente 2-11,true,771,235,23,23,1553,0
1774966116318,1041,GET Articles,200,Cenario 2 - Carga Crescente 2-4,true,708203,293,23,23,1040,0
1774966116321,1096,GET Articles,200,Cenario 2 - Carga Crescente 2-1,true,708203,293,23,23,1095,0
1774966116047,1370,Login,200,Cenario 2 - Carga Crescente 2-7,true,771,235,23,23,1370,0
1774966116378,1102,GET Articles,200,Cenario 2 - Carga Crescente 2-21,true,708203,293,23,23,1101,0
1774966116115,1395,Login,200,Cenario 2 - Carga Crescente 2-15,true,771,235,23,23,1395,0
1774966116360,1325,Login,200,Cenario 2 - Carga Crescente 2-19,true,771,235,23,23,1325,0
1774966116618,1159,GET Articles,200,Cenario 2 - Carga Crescente 2-2,true,708203,293,23,23,1158,0
1774966116470,1307,Login,200,Cenario 2 - Carga Crescente 2-9,true,771,235,23,23,1307,0
1774966116556,1223,Login,200,Cenario 2 - Carga Crescente 2-23,true,771,235,23,23,1223,1
1774966116650,1165,GET Articles,200,Cenario 2 - Carga Crescente 2-13,true,708202,293,23,23,1164,0
1774966116733,1122,GET Articles,200,Cenario 2 - Carga Crescente 2-5,true,708203,293,23,23,1122,0
1774966116916,1027,GET Articles,200,Cenario 2 - Carga Crescente 2-20,true,708203,293,23,23,1026,0
1774966116914,1035,GET Articles,200,Cenario 2 - Carga Crescente 2-3,true,708203,293,23,23,1034,0
1774966116650,1400,Login,200,Cenario 2 - Carga Crescente 2-18,true,771,235,23,23,1400,0
1774966117000,1109,GET Articles,200,Cenario 2 - Carga Crescente 2-14,true,708203,293,23,23,1108,0
1774966116960,1257,Login,200,Cenario 2 - Carga Crescente 2-17,true,771,235,23,23,1257,0
1774966116996,1222,Login,200,Cenario 2 - Carga Crescente 2-16,true,771,235,23,23,1222,0
1774966117034,1337,Login,200,Cenario 2 - Carga Crescente 2-12,true,771,235,24,24,1337,0
1774966117121,1355,Login,200,Cenario 2 - Carga Crescente 2-8,true,771,235,24,24,1355,0
1774966117127,1352,Login,200,Cenario 2 - Carga Crescente 2-22,true,771,235,24,24,1352,0
1774966117303,1237,GET Articles,200,Cenario 2 - Carga Crescente 2-11,true,708203,293,24,24,1236,0
1774966117189,1442,Login,200,Cenario 2 - Carga Crescente 2-10,true,771,235,24,24,1442,0
1774966117246,1492,Login,200,Cenario 2 - Carga Crescente 2-6,true,771,235,24,24,1492,0
1774966117418,1361,GET Articles,200,Cenario 2 - Carga Crescente 2-7,true,708203,293,24,24,1360,0
1774966117359,1448,Login,200,Cenario 2 - Carga Crescente 2-4,true,771,235,24,24,1448,0
1774966117510,1356,GET Articles,200,Cenario 2 - Carga Crescente 2-15,true,708203,293,24,24,1355,0
1774966117686,1223,GET Articles,200,Cenario 2 - Carga Crescente 2-19,true,708203,293,24,24,1222,0
1774966117778,1168,GET Articles,200,Cenario 2 - Carga Crescente 2-9,true,708202,293,24,24,1167,0
1774966117417,1529,Login,200,Cenario 2 - Carga Crescente 2-1,true,771,235,24,24,1529,0
1774966117779,1262,GET Articles,200,Cenario 2 - Carga Crescente 2-23,true,708203,293,24,24,1261,0
1774966117480,1598,Login,200,Cenario 2 - Carga Crescente 2-21,true,771,235,24,24,1598,0
1774966117777,1477,Login,200,Cenario 2 - Carga Crescente 2-2,true,771,235,24,24,1477,0
1774966117816,1514,Login,200,Cenario 2 - Carga Crescente 2-13,true,771,235,24,24,1513,0
1774966117856,1514,Login,200,Cenario 2 - Carga Crescente 2-5,true,771,235,24,24,1514,0
1774966118051,1356,GET Articles,200,Cenario 2 - Carga Crescente 2-18,true,708202,293,24,24,1355,0
1774966117943,1603,Login,200,Cenario 2 - Carga Crescente 2-20,true,771,235,24,24,1603,0
1774966118217,1369,GET Articles,200,Cenario 2 - Carga Crescente 2-17,true,708203,293,24,24,1368,0
1774966117949,1675,Login,200,Cenario 2 - Carga Crescente 2-3,true,771,235,24,24,1675,0
1774966118218,1407,GET Articles,200,Cenario 2 - Carga Crescente 2-16,true,708203,293,24,24,1405,0
1774966118371,1298,GET Articles,200,Cenario 2 - Carga Crescente 2-12,true,708203,293,24,24,1297,0
1774966118477,1234,GET Articles,200,Cenario 2 - Carga Crescente 2-8,true,708203,293,24,24,1233,0
1774966118109,1602,Login,200,Cenario 2 - Carga Crescente 2-14,true,771,235,24,24,1602,0
1774966118479,1276,GET Articles,200,Cenario 2 - Carga Crescente 2-22,true,708203,293,24,24,1274,0
1774966118632,1155,GET Articles,200,Cenario 2 - Carga Crescente 2-10,true,708203,293,24,24,1154,0
1774966118739,1107,GET Articles,200,Cenario 2 - Carga Crescente 2-6,true,708203,293,24,24,1106,0
1774966118355,1553,Login,200,Cenario 2 - Carga Crescente 2-24,true,771,235,24,24,1553,1
1774966118808,1141,GET Articles,200,Cenario 2 - Carga Crescente 2-4,true,708202,293,24,24,1140,0
1774966118540,1456,Login,200,Cenario 2 - Carga Crescente 2-11,true,771,235,24,24,1456,0
1774966118780,1343,Login,200,Cenario 2 - Carga Crescente 2-7,true,771,235,24,24,1343,0
1774966118866,1357,Login,200,Cenario 2 - Carga Crescente 2-15,true,771,235,25,25,1357,0
1774966118947,1315,GET Articles,200,Cenario 2 - Carga Crescente 2-1,true,708203,293,25,25,1314,0
1774966118909,1361,Login,200,Cenario 2 - Carga Crescente 2-19,true,771,235,25,25,1361,0
1774966119079,1267,GET Articles,200,Cenario 2 - Carga Crescente 2-21,true,708203,293,25,25,1266,0
1774966119255,1130,GET Articles,200,Cenario 2 - Carga Crescente 2-2,true,708202,293,25,25,1129,0
1774966119330,1117,GET Articles,200,Cenario 2 - Carga Crescente 2-13,true,708203,293,25,25,1116,0
1774966118946,1501,Login,200,Cenario 2 - Carga Crescente 2-9,true,771,235,25,25,1501,0
1774966119371,1120,GET Articles,200,Cenario 2 - Carga Crescente 2-5,true,708203,293,25,25,1119,0
1774966119547,1007,GET Articles,200,Cenario 2 - Carga Crescente 2-20,true,708203,293,25,25,1006,0
1774966119041,1513,Login,200,Cenario 2 - Carga Crescente 2-23,true,771,235,25,25,1513,0
1774966119624,1004,GET Articles,200,Cenario 2 - Carga Crescente 2-3,true,708203,293,25,25,1003,0
1774966119407,1328,Login,200,Cenario 2 - Carga Crescente 2-18,true,771,235,25,25,1328,0
1774966119586,1259,Login,200,Cenario 2 - Carga Crescente 2-17,true,771,235,25,25,1259,0
1774966119711,1165,GET Articles,200,Cenario 2 - Carga Crescente 2-14,true,708202,293,25,25,1164,0
1774966119625,1277,Login,200,Cenario 2 - Carga Crescente 2-16,true,771,235,25,25,1277,0
1774966119669,1334,Login,200,Cenario 2 - Carga Crescente 2-12,true,771,235,25,25,1334,0
1774966119711,1429,Login,200,Cenario 2 - Carga Crescente 2-8,true,771,235,25,25,1429,0
1774966119755,1408,Login,200,Cenario 2 - Carga Crescente 2-22,true,771,235,25,25,1408,0
1774966119909,1289,GET Articles,200,Cenario 2 - Carga Crescente 2-24,true,708203,293,25,25,1288,0
1774966119787,1479,Login,200,Cenario 2 - Carga Crescente 2-10,true,771,235,25,25,1479,0
1774966119997,1327,GET Articles,200,Cenario 2 - Carga Crescente 2-11,true,708203,293,25,25,1326,0
1774966120123,1255,GET Articles,200,Cenario 2 - Carga Crescente 2-7,true,708203,293,25,25,1254,0
1774966119846,1556,Login,200,Cenario 2 - Carga Crescente 2-6,true,771,235,25,25,1556,0
1774966120223,1234,GET Articles,200,Cenario 2 - Carga Crescente 2-15,true,708203,293,25,25,1233,0
1774966119950,1509,Login,200,Cenario 2 - Carga Crescente 2-4,true,771,235,25,25,1509,0
1774966120271,1248,GET Articles,200,Cenario 2 - Carga Crescente 2-19,true,708203,293,25,25,1247,0
1774966120157,1482,Login,200,Cenario 2 - Carga Crescente 2-25,true,771,235,25,25,1482,0
1774966120346,1426,Login,200,Cenario 2 - Carga Crescente 2-21,true,771,235,25,25,1426,0
1774966120262,1514,Login,200,Cenario 2 - Carga Crescente 2-1,true,771,235,25,25,1514,0
1774966120447,1383,GET Articles,200,Cenario 2 - Carga Crescente 2-9,true,708203,293,25,25,1382,0
1774966120385,1509,Login,200,Cenario 2 - Carga Crescente 2-2,true,771,235,25,25,1509,0
1774966120447,1647,Login,200,Cenario 2 - Carga Crescente 2-13,true,771,235,26,26,1647,0
1774966120491,1604,Login,200,Cenario 2 - Carga Crescente 2-5,true,771,235,26,26,1604,0
1774966120554,1638,Login,200,Cenario 2 - Carga Crescente 2-20,true,771,235,26,26,1637,0
1774966120554,1638,GET Articles,200,Cenario 2 - Carga Crescente 2-23,true,708203,293,26,26,1637,0
1774966120736,1563,GET Articles,200,Cenario 2 - Carga Crescente 2-18,true,708203,293,26,26,1562,0
1774966120845,1460,GET Articles,200,Cenario 2 - Carga Crescente 2-17,true,708203,293,26,26,1459,0
1774966120903,1463,GET Articles,200,Cenario 2 - Carga Crescente 2-16,true,708203,293,26,26,1462,0
1774966120629,1738,Login,200,Cenario 2 - Carga Crescente 2-3,true,771,235,26,26,1738,0
1774966121003,1408,GET Articles,200,Cenario 2 - Carga Crescente 2-12,true,708203,293,26,26,1407,0
1774966121141,1294,GET Articles,200,Cenario 2 - Carga Crescente 2-8,true,708203,293,26,26,1293,0
1774966121164,1306,GET Articles,200,Cenario 2 - Carga Crescente 2-22,true,708202,293,26,26,1305,0
1774966121267,1261,GET Articles,200,Cenario 2 - Carga Crescente 2-10,true,708203,293,26,26,1260,0
1774966120876,1697,Login,200,Cenario 2 - Carga Crescente 2-14,true,771,235,26,26,1697,0
1774966121198,1515,Login,200,Cenario 2 - Carga Crescente 2-24,true,771,235,26,26,1515,0
1774966121403,1341,GET Articles,200,Cenario 2 - Carga Crescente 2-6,true,708202,293,26,26,1340,0
1774966121325,1471,Login,200,Cenario 2 - Carga Crescente 2-11,true,771,235,26,26,1471,0
1774966121459,1394,GET Articles,200,Cenario 2 - Carga Crescente 2-4,true,708203,293,26,26,1393,0
1774966121378,1476,Login,200,Cenario 2 - Carga Crescente 2-7,true,771,235,26,26,1476,0
1774966121639,1279,GET Articles,200,Cenario 2 - Carga Crescente 2-25,true,708203,293,26,26,1278,0
1774966121773,1201,GET Articles,200,Cenario 2 - Carga Crescente 2-21,true,708203,293,26,26,1199,0
1774966121458,1576,Login,200,Cenario 2 - Carga Crescente 2-15,true,771,235,26,26,1576,0
1774966121777,1257,GET Articles,200,Cenario 2 - Carga Crescente 2-1,true,708203,293,26,26,1256,0
1774966121894,1190,GET Articles,200,Cenario 2 - Carga Crescente 2-2,true,708203,293,26,26,1189,0
1774966121519,1610,Login,200,Cenario 2 - Carga Crescente 2-19,true,771,235,26,26,1610,0
1774966122094,1132,GET Articles,200,Cenario 2 - Carga Crescente 2-13,true,708203,293,26,26,1131,0
1774966122096,1188,GET Articles,200,Cenario 2 - Carga Crescente 2-5,true,708203,293,26,26,1187,0
1774966121831,1481,Login,200,Cenario 2 - Carga Crescente 2-9,true,771,235,26,26,1481,0
1774966122192,1180,GET Articles,200,Cenario 2 - Carga Crescente 2-20,true,708203,293,26,26,1179,0
1774966121956,1416,Login,200,Cenario 2 - Carga Crescente 2-26,true,771,235,26,26,1416,1
1774966122192,1363,Login,200,Cenario 2 - Carga Crescente 2-23,true,771,235,26,26,1363,0
1774966122299,1347,Login,200,Cenario 2 - Carga Crescente 2-18,true,771,235,26,26,1347,0
1774966122305,1342,Login,200,Cenario 2 - Carga Crescente 2-17,true,771,235,26,26,1342,0
1774966122367,1344,GET Articles,200,Cenario 2 - Carga Crescente 2-3,true,708203,293,26,26,1343,0
1774966122367,1451,Login,200,Cenario 2 - Carga Crescente 2-16,true,771,235,27,27,1451,0
1774966122411,1504,Login,200,Cenario 2 - Carga Crescente 2-12,true,771,235,27,27,1504,0
1774966122435,1539,Login,200,Cenario 2 - Carga Crescente 2-8,true,771,235,27,27,1539,0
1774966122574,1459,GET Articles,200,Cenario 2 - Carga Crescente 2-14,true,708203,293,27,27,1458,0
1774966122713,1376,GET Articles,200,Cenario 2 - Carga Crescente 2-24,true,708203,293,27,27,1376,0
1774966122470,1621,Login,200,Cenario 2 - Carga Crescente 2-22,true,771,235,27,27,1621,0
1774966122797,1354,GET Articles,200,Cenario 2 - Carga Crescente 2-11,true,708203,293,27,27,1354,0
1774966122529,1657,Login,200,Cenario 2 - Carga Crescente 2-10,true,771,235,27,27,1657,0
1774966122854,1394,GET Articles,200,Cenario 2 - Carga Crescente 2-7,true,708203,293,27,27,1390,0
1774966122744,1625,Login,200,Cenario 2 - Carga Crescente 2-6,true,771,235,27,27,1625,0
1774966122854,1566,Login,200,Cenario 2 - Carga Crescente 2-4,true,771,235,27,27,1566,0
1774966123034,1423,GET Articles,200,Cenario 2 - Carga Crescente 2-15,true,708203,293,27,27,1422,0
1774966122918,1594,Login,200,Cenario 2 - Carga Crescente 2-25,true,771,235,27,27,1594,0
1774966122974,1658,Login,200,Cenario 2 - Carga Crescente 2-21,true,771,235,27,27,1658,0
1774966123129,1568,GET Articles,200,Cenario 2 - Carga Crescente 2-19,true,708203,293,27,27,1567,0
1774966123034,1687,Login,200,Cenario 2 - Carga Crescente 2-1,true,771,235,27,27,1687,0
1774966123084,1693,Login,200,Cenario 2 - Carga Crescente 2-2,true,771,235,27,27,1693,0
1774966123312,1520,GET Articles,200,Cenario 2 - Carga Crescente 2-9,true,708203,293,27,27,1518,0
1774966123373,1518,GET Articles,200,Cenario 2 - Carga Crescente 2-26,true,708203,293,27,27,1517,0
1774966123227,1731,Login,200,Cenario 2 - Carga Crescente 2-13,true,771,235,27,27,1731,0
1774966123555,1452,GET Articles,200,Cenario 2 - Carga Crescente 2-23,true,708203,293,27,27,1451,0
1774966123285,1722,Login,200,Cenario 2 - Carga Crescente 2-5,true,771,235,27,27,1721,0
1774966123647,1404,GET Articles,200,Cenario 2 - Carga Crescente 2-17,true,708203,293,27,27,1404,0
1774966123647,1439,GET Articles,200,Cenario 2 - Carga Crescente 2-18,true,708203,293,27,27,1438,0
1774966123373,1782,Login,200,Cenario 2 - Carga Crescente 2-20,true,771,235,27,27,1782,0
1774966123818,1398,GET Articles,200,Cenario 2 - Carga Crescente 2-16,true,708203,293,27,27,1397,0
1774966123916,1359,GET Articles,200,Cenario 2 - Carga Crescente 2-12,true,708203,293,27,27,1358,0
1774966123974,1361,GET Articles,200,Cenario 2 - Carga Crescente 2-8,true,708203,293,27,27,1360,0
1774966123711,1652,Login,200,Cenario 2 - Carga Crescente 2-3,true,771,235,27,27,1652,0
1774966123756,1611,Login,200,Cenario 2 - Carga Crescente 2-27,true,771,235,27,27,1611,0
1774966124091,1319,GET Articles,200,Cenario 2 - Carga Crescente 2-22,true,708203,293,27,27,1318,0
1774966124033,1576,Login,200,Cenario 2 - Carga Crescente 2-14,true,771,235,28,28,1576,0
1774966124186,1482,GET Articles,200,Cenario 2 - Carga Crescente 2-10,true,708203,293,28,28,1481,0
1774966124090,1579,Login,200,Cenario 2 - Carga Crescente 2-24,true,771,235,28,28,1579,0
1774966124370,1350,GET Articles,200,Cenario 2 - Carga Crescente 2-6,true,708203,293,28,28,1350,0
1774966124152,1569,Login,200,Cenario 2 - Carga Crescente 2-11,true,771,235,28,28,1569,0
1774966124421,1348,GET Articles,200,Cenario 2 - Carga Crescente 2-4,true,708203,293,28,28,1347,0
1774966124513,1293,GET Articles,200,Cenario 2 - Carga Crescente 2-25,true,708203,293,28,28,1292,0
1774966124633,1212,GET Articles,200,Cenario 2 - Carga Crescente 2-21,true,708203,293,28,28,1211,0
1774966124249,1701,Login,200,Cenario 2 - Carga Crescente 2-7,true,771,235,28,28,1701,0
1774966124721,1290,GET Articles,200,Cenario 2 - Carga Crescente 2-1,true,708203,293,28,28,1289,0
1774966124457,1554,Login,200,Cenario 2 - Carga Crescente 2-15,true,771,235,28,28,1554,0
1774966124777,1325,GET Articles,200,Cenario 2 - Carga Crescente 2-2,true,708203,293,28,28,1324,0
1774966124697,1419,Login,200,Cenario 2 - Carga Crescente 2-19,true,771,235,28,28,1419,0
1774966124959,1213,GET Articles,200,Cenario 2 - Carga Crescente 2-13,true,708203,293,28,28,1212,0
1774966125007,1223,GET Articles,200,Cenario 2 - Carga Crescente 2-5,true,708203,293,28,28,1222,0
1774966124832,1449,Login,200,Cenario 2 - Carga Crescente 2-9,true,771,235,28,28,1449,0
1774966124891,1480,Login,200,Cenario 2 - Carga Crescente 2-26,true,771,235,28,28,1480,0
1774966125007,1486,Login,200,Cenario 2 - Carga Crescente 2-23,true,771,235,28,28,1486,0
1774966125156,1396,GET Articles,200,Cenario 2 - Carga Crescente 2-20,true,708203,293,28,28,1395,0
1774966125052,1500,Login,200,Cenario 2 - Carga Crescente 2-17,true,771,235,28,28,1500,0
1774966125086,1547,Login,200,Cenario 2 - Carga Crescente 2-18,true,771,235,28,28,1547,0
1774966125217,1601,Login,200,Cenario 2 - Carga Crescente 2-16,true,771,235,28,28,1601,0
1774966125275,1546,Login,200,Cenario 2 - Carga Crescente 2-12,true,771,235,28,28,1546,0
1774966125363,1516,GET Articles,200,Cenario 2 - Carga Crescente 2-3,true,708203,293,28,28,1516,0
1774966125368,1548,GET Articles,200,Cenario 2 - Carga Crescente 2-27,true,708203,293,28,28,1547,0
1774966125335,1581,Login,200,Cenario 2 - Carga Crescente 2-8,true,771,235,28,28,1581,0
1774966125609,1374,GET Articles,200,Cenario 2 - Carga Crescente 2-14,true,708203,293,28,28,1373,0
1774966125410,1771,Login,200,Cenario 2 - Carga Crescente 2-22,true,771,235,28,28,1771,0
1774966125557,1631,Login,200,Cenario 2 - Carga Crescente 2-28,true,771,235,28,28,1631,0
1774966125669,1571,GET Articles,200,Cenario 2 - Carga Crescente 2-24,true,708203,293,28,28,1571,0
1774966125668,1578,Login,200,Cenario 2 - Carga Crescente 2-10,true,771,235,28,28,1578,0
1774966125721,1587,GET Articles,200,Cenario 2 - Carga Crescente 2-11,true,708203,293,28,28,1586,0
1774966125721,1787,Login,200,Cenario 2 - Carga Crescente 2-6,true,771,235,29,29,1787,0
1774966125769,1797,Login,200,Cenario 2 - Carga Crescente 2-4,true,771,235,29,29,1797,0
1774966125806,1765,Login,200,Cenario 2 - Carga Crescente 2-25,true,771,235,29,29,1765,0
1774966125950,1711,GET Articles,200,Cenario 2 - Carga Crescente 2-7,true,708203,293,29,29,1711,0
1774966126012,1707,GET Articles,200,Cenario 2 - Carga Crescente 2-15,true,708203,293,29,29,1706,0
1774966125845,1920,Login,200,Cenario 2 - Carga Crescente 2-21,true,771,235,29,29,1920,0
1774966126116,1687,GET Articles,200,Cenario 2 - Carga Crescente 2-19,true,708203,293,29,29,1686,0
1774966126102,1872,Login,200,Cenario 2 - Carga Crescente 2-2,true,771,235,29,29,1872,0
1774966126011,1966,Login,200,Cenario 2 - Carga Crescente 2-1,true,772,235,29,29,1966,0
1774966126282,1752,GET Articles,200,Cenario 2 - Carga Crescente 2-9,true,708203,293,29,29,1751,0
1774966126371,1701,GET Articles,200,Cenario 2 - Carga Crescente 2-26,true,708203,293,29,29,1700,0
1774966126172,1900,Login,200,Cenario 2 - Carga Crescente 2-13,true,771,235,29,29,1900,0
1774966126494,1639,GET Articles,200,Cenario 2 - Carga Crescente 2-23,true,708203,293,29,29,1638,0
1774966126554,1631,GET Articles,200,Cenario 2 - Carga Crescente 2-17,true,708203,293,29,29,1630,0
1774966126634,1608,GET Articles,200,Cenario 2 - Carga Crescente 2-18,true,708203,293,29,29,1607,0
1774966126230,2011,Login,200,Cenario 2 - Carga Crescente 2-5,true,771,235,29,29,2011,0
1774966126822,1458,GET Articles,200,Cenario 2 - Carga Crescente 2-12,true,708203,293,29,29,1458,0
1774966126820,1499,GET Articles,200,Cenario 2 - Carga Crescente 2-16,true,708204,293,29,29,1498,0
1774966126553,1782,Login,200,Cenario 2 - Carga Crescente 2-20,true,771,235,29,29,1782,0
1774966126917,1459,GET Articles,200,Cenario 2 - Carga Crescente 2-8,true,708203,293,29,29,1459,0
1774966126917,1661,Login,200,Cenario 2 - Carga Crescente 2-27,true,771,235,29,29,1661,0
1774966126880,1699,Login,200,Cenario 2 - Carga Crescente 2-3,true,771,235,29,29,1699,0
1774966127183,1464,GET Articles,200,Cenario 2 - Carga Crescente 2-22,true,708203,293,29,29,1463,0
1774966127189,1464,GET Articles,200,Cenario 2 - Carga Crescente 2-28,true,708203,293,29,29,1463,0
1774966126984,1669,Login,200,Cenario 2 - Carga Crescente 2-14,true,771,235,29,29,1669,0
1774966127247,1469,GET Articles,200,Cenario 2 - Carga Crescente 2-10,true,708203,293,29,29,1468,0
1774966127242,1671,Login,200,Cenario 2 - Carga Crescente 2-24,true,771,235,29,29,1671,0
1774966127309,1604,Login,200,Cenario 2 - Carga Crescente 2-11,true,771,235,29,29,1604,0
1774966127510,1464,GET Articles,200,Cenario 2 - Carga Crescente 2-6,true,708203,293,29,29,1463,0
1774966127568,1410,GET Articles,200,Cenario 2 - Carga Crescente 2-4,true,708203,293,29,29,1409,0
1774966127358,1621,Login,200,Cenario 2 - Carga Crescente 2-29,true,771,235,29,29,1621,0
1774966127572,1466,GET Articles,200,Cenario 2 - Carga Crescente 2-25,true,708203,293,29,29,1466,0
1774966127766,1329,GET Articles,200,Cenario 2 - Carga Crescente 2-21,true,708203,293,29,29,1328,0
1774966127663,1580,Login,200,Cenario 2 - Carga Crescente 2-7,true,771,235,30,30,1580,0
1774966127720,1525,Login,200,Cenario 2 - Carga Crescente 2-15,true,771,235,30,30,1525,0
1774966127975,1332,GET Articles,200,Cenario 2 - Carga Crescente 2-2,true,708203,293,30,30,1332,0
1774966127978,1359,GET Articles,200,Cenario 2 - Carga Crescente 2-1,true,708203,293,30,30,1358,0
1774966127804,1550,Login,200,Cenario 2 - Carga Crescente 2-19,true,771,235,30,30,1550,0
1774966128073,1339,GET Articles,200,Cenario 2 - Carga Crescente 2-13,true,708203,293,30,30,1338,0
1774966128035,1568,Login,200,Cenario 2 - Carga Crescente 2-9,true,771,235,30,30,1568,0
1774966128073,1534,Login,200,Cenario 2 - Carga Crescente 2-26,true,771,235,30,30,1534,0
1774966128133,1543,Login,200,Cenario 2 - Carga Crescente 2-23,true,771,235,30,30,1543,0
1774966128242,1491,GET Articles,200,Cenario 2 - Carga Crescente 2-5,true,708203,293,30,30,1490,0
1774966128242,1624,Login,200,Cenario 2 - Carga Crescente 2-18,true,771,235,30,30,1624,0
1774966128185,1681,Login,200,Cenario 2 - Carga Crescente 2-17,true,771,235,30,30,1681,0
1774966128335,1593,GET Articles,200,Cenario 2 - Carga Crescente 2-20,true,708203,293,30,30,1592,0
1774966128281,1715,Login,200,Cenario 2 - Carga Crescente 2-12,true,771,235,30,30,1715,0
1774966128578,1476,GET Articles,200,Cenario 2 - Carga Crescente 2-27,true,708203,293,30,30,1475,0
1774966128580,1531,GET Articles,200,Cenario 2 - Carga Crescente 2-3,true,708203,293,30,30,1530,0
1774966128319,1813,Login,200,Cenario 2 - Carga Crescente 2-16,true,771,235,30,30,1813,0
1774966128377,1818,Login,200,Cenario 2 - Carga Crescente 2-8,true,771,235,30,30,1818,0
1774966128654,1593,GET Articles,200,Cenario 2 - Carga Crescente 2-14,true,708203,293,30,30,1592,0
1774966128647,1740,Login,200,Cenario 2 - Carga Crescente 2-22,true,771,235,30,30,1740,0
1774966128913,1514,GET Articles,200,Cenario 2 - Carga Crescente 2-24,true,708203,293,30,30,1514,0
1774966128653,1774,Login,200,Cenario 2 - Carga Crescente 2-28,true,771,235,30,30,1774,0
1774966128913,1581,GET Articles,200,Cenario 2 - Carga Crescente 2-11,true,708203,293,30,30,1580,0
1774966128716,1805,Login,200,Cenario 2 - Carga Crescente 2-10,true,771,235,30,30,1805,0
1774966128980,1602,GET Articles,200,Cenario 2 - Carga Crescente 2-29,true,708203,293,30,30,1601,0
1774966128974,1734,Login,200,Cenario 2 - Carga Crescente 2-6,true,771,235,30,30,1734,0
1774966128978,1791,Login,200,Cenario 2 - Carga Crescente 2-4,true,771,235,30,30,1791,0
1774966129039,1812,Login,200,Cenario 2 - Carga Crescente 2-25,true,771,235,30,30,1812,0
1774966129244,1647,GET Articles,200,Cenario 2 - Carga Crescente 2-7,true,708203,293,30,30,1646,0
1774966129245,1680,GET Articles,200,Cenario 2 - Carga Crescente 2-15,true,708203,293,30,30,1679,0
1774966129095,1879,Login,200,Cenario 2 - Carga Crescente 2-21,true,771,235,31,31,1879,0
1774966129156,1878,Login,200,Cenario 2 - Carga Crescente 2-30,true,771,235,31,31,1878,0
1774966129355,1717,GET Articles,200,Cenario 2 - Carga Crescente 2-19,true,708203,293,31,31,1716,0
1774966129308,1881,Login,200,Cenario 2 - Carga Crescente 2-2,true,771,235,31,31,1881,0
1774966129603,1647,GET Articles,200,Cenario 2 - Carga Crescente 2-9,true,708203,293,31,31,1646,0
1774966129337,1912,Login,200,Cenario 2 - Carga Crescente 2-1,true,771,235,31,31,1912,0
1774966129608,1706,GET Articles,200,Cenario 2 - Carga Crescente 2-26,true,708203,293,31,31,1705,0
1774966129412,1972,Login,200,Cenario 2 - Carga Crescente 2-13,true,771,235,31,31,1972,0
1774966129676,1715,GET Articles,200,Cenario 2 - Carga Crescente 2-23,true,708204,293,31,31,1714,0
1774966129866,1639,GET Articles,200,Cenario 2 - Carga Crescente 2-18,true,708203,293,31,31,1638,0
1774966129867,1644,GET Articles,200,Cenario 2 - Carga Crescente 2-17,true,708203,293,31,31,1643,0
1774966129997,1576,GET Articles,200,Cenario 2 - Carga Crescente 2-12,true,708203,293,31,31,1575,0
1774966129733,1937,Login,200,Cenario 2 - Carga Crescente 2-5,true,771,235,31,31,1937,0
1774966129928,1856,Login,200,Cenario 2 - Carga Crescente 2-20,true,771,235,31,31,1856,0
1774966130133,1709,GET Articles,200,Cenario 2 - Carga Crescente 2-16,true,708203,293,31,31,1708,0
1774966130054,1791,Login,200,Cenario 2 - Carga Crescente 2-27,true,771,235,31,31,1791,0
1774966130196,1688,GET Articles,200,Cenario 2 - Carga Crescente 2-8,true,708203,293,31,31,1687,0
1774966130387,1556,GET Articles,200,Cenario 2 - Carga Crescente 2-22,true,708203,293,31,31,1555,0
1774966130111,1832,Login,200,Cenario 2 - Carga Crescente 2-3,true,771,235,31,31,1832,0
1774966130428,1579,GET Articles,200,Cenario 2 - Carga Crescente 2-28,true,708203,293,31,31,1578,0
1774966130247,1905,Login,200,Cenario 2 - Carga Crescente 2-14,true,772,235,31,31,1905,0
1774966130522,1686,GET Articles,200,Cenario 2 - Carga Crescente 2-10,true,708203,293,31,31,1685,0
1774966130428,1791,Login,200,Cenario 2 - Carga Crescente 2-24,true,771,235,31,31,1790,0
1774966130709,1541,GET Articles,200,Cenario 2 - Carga Crescente 2-6,true,708202,293,31,31,1540,0
1774966130769,1514,GET Articles,200,Cenario 2 - Carga Crescente 2-4,true,708202,293,31,31,1513,0
1774966130494,1789,Login,200,Cenario 2 - Carga Crescente 2-11,true,771,235,31,31,1789,0
1774966130852,1479,GET Articles,200,Cenario 2 - Carga Crescente 2-25,true,708203,293,31,31,1478,0
1774966130582,1894,Login,200,Cenario 2 - Carga Crescente 2-29,true,771,235,31,31,1894,0
1774966130891,1667,Login,200,Cenario 2 - Carga Crescente 2-7,true,771,235,31,31,1667,0
1774966130975,1681,GET Articles,200,Cenario 2 - Carga Crescente 2-21,true,708203,293,31,31,1680,0
1774966130925,1731,Login,200,Cenario 2 - Carga Crescente 2-15,true,771,235,31,31,1731,0
1774966131035,1685,GET Articles,200,Cenario 2 - Carga Crescente 2-30,true,708203,293,31,31,1684,0
1774966131190,1588,GET Articles,200,Cenario 2 - Carga Crescente 2-2,true,708203,293,32,32,1587,0
1774966130958,1820,Login,200,Cenario 2 - Carga Crescente 2-31,true,771,235,32,32,1820,0
1774966131250,1589,GET Articles,200,Cenario 2 - Carga Crescente 2-1,true,708203,293,32,32,1588,0
1774966131072,1860,Login,200,Cenario 2 - Carga Crescente 2-19,true,771,235,32,32,1860,0
1774966131385,1583,GET Articles,200,Cenario 2 - Carga Crescente 2-13,true,708203,293,32,32,1582,0
1774966131250,1798,Login,200,Cenario 2 - Carga Crescente 2-9,true,771,235,32,32,1798,0
1774966131314,1790,Login,200,Cenario 2 - Carga Crescente 2-26,true,771,235,32,32,1790,0
1774966131391,1835,Login,200,Cenario 2 - Carga Crescente 2-23,true,771,235,32,32,1835,0
1774966131505,1803,Login,200,Cenario 2 - Carga Crescente 2-18,true,771,235,32,32,1803,0
1774966131670,1696,GET Articles,200,Cenario 2 - Carga Crescente 2-5,true,708203,293,32,32,1695,0
1774966131511,1855,Login,200,Cenario 2 - Carga Crescente 2-17,true,771,235,32,32,1855,0
1774966131784,1646,GET Articles,200,Cenario 2 - Carga Crescente 2-20,true,708203,293,32,32,1645,0
1774966131845,1640,GET Articles,200,Cenario 2 - Carga Crescente 2-27,true,708203,293,32,32,1639,0
1774966131573,1913,Login,200,Cenario 2 - Carga Crescente 2-12,true,771,235,32,32,1913,0
1774966131842,1794,Login,200,Cenario 2 - Carga Crescente 2-16,true,771,235,32,32,1794,0
1774966131944,1750,GET Articles,200,Cenario 2 - Carga Crescente 2-3,true,708203,293,32,32,1749,0
1774966131944,1807,Login,200,Cenario 2 - Carga Crescente 2-22,true,771,235,32,32,1807,0
1774966131884,1870,Login,200,Cenario 2 - Carga Crescente 2-8,true,771,235,32,32,1870,0
1774966132153,1650,GET Articles,200,Cenario 2 - Carga Crescente 2-14,true,708203,293,32,32,1649,0
1774966132219,1620,GET Articles,200,Cenario 2 - Carga Crescente 2-24,true,708203,293,32,32,1619,0
1774966132007,1950,Login,200,Cenario 2 - Carga Crescente 2-28,true,771,235,32,32,1950,0
1774966132283,1731,GET Articles,200,Cenario 2 - Carga Crescente 2-11,true,708203,293,32,32,1730,0
1774966132208,1858,Login,200,Cenario 2 - Carga Crescente 2-10,true,771,235,32,32,1858,0
1774966132250,1852,Login,200,Cenario 2 - Carga Crescente 2-6,true,771,235,32,32,1852,0
1774966132477,1684,GET Articles,200,Cenario 2 - Carga Crescente 2-29,true,708203,293,32,32,1683,0
1774966132559,1659,GET Articles,200,Cenario 2 - Carga Crescente 2-7,true,708203,293,32,32,1658,0
1774966132657,1655,GET Articles,200,Cenario 2 - Carga Crescente 2-15,true,708203,293,32,32,1654,0
1774966132283,2029,Login,200,Cenario 2 - Carga Crescente 2-4,true,771,235,32,32,2029,0
1774966132331,1998,Login,200,Cenario 2 - Carga Crescente 2-25,true,771,235,32,32,1998,0
1774966132656,1923,Login,200,Cenario 2 - Carga Crescente 2-21,true,771,235,33,33,1923,0
1774966132720,1861,Login,200,Cenario 2 - Carga Crescente 2-30,true,771,235,33,33,1861,0
1774966132758,1832,Login,200,Cenario 2 - Carga Crescente 2-32,true,771,235,33,33,1832,0
1774966132779,1870,GET Articles,200,Cenario 2 - Carga Crescente 2-31,true,708203,293,33,33,1869,0
1774966132932,1774,GET Articles,200,Cenario 2 - Carga Crescente 2-19,true,708203,293,33,33,1773,0
1774966132778,2075,Login,200,Cenario 2 - Carga Crescente 2-2,true,771,235,33,33,2075,0
1774966133048,1862,GET Articles,200,Cenario 2 - Carga Crescente 2-9,true,708203,293,33,33,1861,0
1774966132839,2072,Login,200,Cenario 2 - Carga Crescente 2-1,true,771,235,33,33,2072,0
1774966133105,1865,GET Articles,200,Cenario 2 - Carga Crescente 2-26,true,708202,293,33,33,1864,0
1774966133227,1748,GET Articles,200,Cenario 2 - Carga Crescente 2-23,true,708203,293,33,33,1747,0
1774966132968,2008,Login,200,Cenario 2 - Carga Crescente 2-13,true,771,235,33,33,2008,0
1774966133309,1736,GET Articles,200,Cenario 2 - Carga Crescente 2-18,true,708203,293,33,33,1735,0
1774966133367,1729,GET Articles,200,Cenario 2 - Carga Crescente 2-17,true,708204,293,33,33,1728,0
1774966133366,1889,Login,200,Cenario 2 - Carga Crescente 2-5,true,771,235,33,33,1889,0
1774966133487,1807,GET Articles,200,Cenario 2 - Carga Crescente 2-12,true,708203,293,33,33,1806,0
1774966133637,1695,GET Articles,200,Cenario 2 - Carga Crescente 2-16,true,708203,293,33,33,1694,0
1774966133485,1886,Login,200,Cenario 2 - Carga Crescente 2-27,true,771,235,33,33,1885,0
1774966133430,1947,Login,200,Cenario 2 - Carga Crescente 2-20,true,771,235,33,33,1947,0
1774966133751,1721,GET Articles,200,Cenario 2 - Carga Crescente 2-22,true,708203,293,33,33,1720,0
1774966133755,1782,GET Articles,200,Cenario 2 - Carga Crescente 2-8,true,708203,293,33,33,1781,0
1774966133694,1916,Login,200,Cenario 2 - Carga Crescente 2-3,true,771,235,33,33,1916,0
1774966133957,1712,GET Articles,200,Cenario 2 - Carga Crescente 2-28,true,708203,293,33,33,1712,0
1774966133803,1949,Login,200,Cenario 2 - Carga Crescente 2-14,true,771,235,33,33,1949,0
1774966134067,1743,GET Articles,200,Cenario 2 - Carga Crescente 2-10,true,708203,293,33,33,1742,0
1774966133839,1976,Login,200,Cenario 2 - Carga Crescente 2-24,true,771,235,33,33,1976,0
1774966134103,1768,GET Articles,200,Cenario 2 - Carga Crescente 2-6,true,708203,293,33,33,1767,0
1774966134015,1926,Login,200,Cenario 2 - Carga Crescente 2-11,true,771,235,33,33,1926,0
1774966134161,1976,Login,200,Cenario 2 - Carga Crescente 2-29,true,771,235,33,33,1976,0
1774966134218,1975,Login,200,Cenario 2 - Carga Crescente 2-7,true,771,235,33,33,1975,0
1774966134312,1888,GET Articles,200,Cenario 2 - Carga Crescente 2-4,true,708203,293,33,33,1887,0
1774966134312,1898,Login,200,Cenario 2 - Carga Crescente 2-15,true,771,235,33,33,1898,0
1774966134330,1939,GET Articles,200,Cenario 2 - Carga Crescente 2-25,true,708203,293,33,33,1938,0
1774966134580,1750,GET Articles,200,Cenario 2 - Carga Crescente 2-21,true,708203,293,33,33,1749,0
1774966134581,1806,GET Articles,200,Cenario 2 - Carga Crescente 2-30,true,708203,293,34,34,1802,0
1774966134591,1831,GET Articles,200,Cenario 2 - Carga Crescente 2-32,true,708202,293,34,34,1830,0
1774966134556,1931,Login,200,Cenario 2 - Carga Crescente 2-33,true,771,235,34,34,1931,1
1774966134853,1693,GET Articles,200,Cenario 2 - Carga Crescente 2-2,true,708203,293,34,34,1692,0
1774966134650,2046,Login,200,Cenario 2 - Carga Crescente 2-31,true,771,235,34,34,2046,0
1774966134706,1990,Login,200,Cenario 2 - Carga Crescente 2-19,true,771,235,34,34,1990,0
1774966134911,1850,GET Articles,200,Cenario 2 - Carga Crescente 2-1,true,708203,293,34,34,1850,0
1774966134911,1900,Login,200,Cenario 2 - Carga Crescente 2-9,true,771,235,34,34,1900,0
1774966134977,1891,GET Articles,200,Cenario 2 - Carga Crescente 2-13,true,708203,293,34,34,1891,0
1774966134970,2002,Login,200,Cenario 2 - Carga Crescente 2-26,true,771,235,34,34,2002,0
1774966134976,2050,Login,200,Cenario 2 - Carga Crescente 2-23,true,771,235,34,34,2050,0
1774966135255,1853,GET Articles,200,Cenario 2 - Carga Crescente 2-5,true,708203,293,34,34,1853,0
1774966135045,2090,Login,200,Cenario 2 - Carga Crescente 2-18,true,771,235,34,34,2090,0
1774966135096,2146,Login,200,Cenario 2 - Carga Crescente 2-17,true,771,235,34,34,2146,0
1774966135371,1926,GET Articles,200,Cenario 2 - Carga Crescente 2-27,true,708203,293,34,34,1925,0
1774966135377,1977,GET Articles,200,Cenario 2 - Carga Crescente 2-20,true,708203,293,34,34,1976,0
1774966135294,2084,Login,200,Cenario 2 - Carga Crescente 2-12,true,771,235,34,34,2084,0
1774966135332,2075,Login,200,Cenario 2 - Carga Crescente 2-16,true,771,235,34,34,2075,0
1774966135611,1854,GET Articles,200,Cenario 2 - Carga Crescente 2-3,true,708203,293,34,34,1853,0
1774966135472,2156,Login,200,Cenario 2 - Carga Crescente 2-22,true,771,235,34,34,2156,0
1774966135752,1933,GET Articles,200,Cenario 2 - Carga Crescente 2-14,true,708203,293,34,34,1933,0
1774966135537,2148,Login,200,Cenario 2 - Carga Crescente 2-8,true,771,235,34,34,2148,0
1774966135815,1934,GET Articles,200,Cenario 2 - Carga Crescente 2-24,true,708203,293,34,34,1933,0
1774966135670,2079,Login,200,Cenario 2 - Carga Crescente 2-28,true,771,235,34,34,2079,0
1774966135942,1870,GET Articles,200,Cenario 2 - Carga Crescente 2-11,true,708203,293,34,34,1869,0
1774966136137,1731,GET Articles,200,Cenario 2 - Carga Crescente 2-29,true,708203,293,34,34,1730,0
1774966136194,1733,GET Articles,200,Cenario 2 - Carga Crescente 2-7,true,708203,293,34,34,1732,0
1774966135810,2146,Login,200,Cenario 2 - Carga Crescente 2-10,true,771,235,34,34,2146,0
1774966136210,1803,GET Articles,200,Cenario 2 - Carga Crescente 2-15,true,708203,293,34,34,1802,0
1774966135871,2150,Login,200,Cenario 2 - Carga Crescente 2-6,true,771,235,34,34,2150,0
1774966136200,1999,Login,200,Cenario 2 - Carga Crescente 2-4,true,771,235,35,35,1999,0
1774966136269,2007,Login,200,Cenario 2 - Carga Crescente 2-25,true,771,235,35,35,2007,0
1774966136331,1958,Login,200,Cenario 2 - Carga Crescente 2-21,true,771,235,35,35,1958,0
1774966136358,2107,Login,200,Cenario 2 - Carga Crescente 2-34,true,771,235,35,35,2107,0
1774966136487,2073,GET Articles,200,Cenario 2 - Carga Crescente 2-33,true,708203,293,35,35,2072,0
1774966136387,2173,Login,200,Cenario 2 - Carga Crescente 2-30,true,771,235,35,35,2173,0
1774966136422,2139,Login,200,Cenario 2 - Carga Crescente 2-32,true,771,235,35,35,2139,0
1774966136696,1948,GET Articles,200,Cenario 2 - Carga Crescente 2-31,true,708203,293,35,35,1947,0
1774966136697,1951,GET Articles,200,Cenario 2 - Carga Crescente 2-19,true,708203,293,35,35,1950,0
1774966136811,1874,GET Articles,200,Cenario 2 - Carga Crescente 2-9,true,708202,293,35,35,1873,0
1774966136546,2285,Login,200,Cenario 2 - Carga Crescente 2-2,true,771,235,35,35,2285,0
1774966136973,1905,GET Articles,200,Cenario 2 - Carga Crescente 2-26,true,708203,293,35,35,1904,0
1774966137027,1895,GET Articles,200,Cenario 2 - Carga Crescente 2-23,true,708203,293,35,35,1894,0
1774966136762,2160,Login,200,Cenario 2 - Carga Crescente 2-1,true,771,235,35,35,2160,0
1774966137136,1827,GET Articles,200,Cenario 2 - Carga Crescente 2-18,true,708202,293,35,35,1826,0
1774966136869,2094,Login,200,Cenario 2 - Carga Crescente 2-13,true,771,235,35,35,2094,0
1774966137243,1783,GET Articles,200,Cenario 2 - Carga Crescente 2-17,true,708203,293,35,35,1782,0
1774966137109,2087,Login,200,Cenario 2 - Carga Crescente 2-5,true,771,235,35,35,2087,0
1774966137379,1877,GET Articles,200,Cenario 2 - Carga Crescente 2-12,true,708203,293,35,35,1876,0
1774966137297,1959,Login,200,Cenario 2 - Carga Crescente 2-27,true,771,235,35,35,1959,0
1774966137408,1914,GET Articles,200,Cenario 2 - Carga Crescente 2-16,true,708203,293,35,35,1914,0
1774966137354,1968,Login,200,Cenario 2 - Carga Crescente 2-20,true,771,235,35,35,1968,0
1774966137628,1757,GET Articles,200,Cenario 2 - Carga Crescente 2-22,true,708203,293,35,35,1756,0
1774966137686,1754,GET Articles,200,Cenario 2 - Carga Crescente 2-8,true,708203,293,35,35,1753,0
1774966137465,2063,Login,200,Cenario 2 - Carga Crescente 2-3,true,771,235,35,35,2063,0
1774966137750,1835,GET Articles,200,Cenario 2 - Carga Crescente 2-28,true,708203,293,35,35,1834,0
1774966137685,1905,Login,200,Cenario 2 - Carga Crescente 2-14,true,771,235,35,35,1905,0
1774966137749,1953,Login,200,Cenario 2 - Carga Crescente 2-24,true,771,235,35,35,1953,0
1774966137812,2036,Login,200,Cenario 2 - Carga Crescente 2-11,true,771,235,35,35,2036,0
1774966137868,1985,Login,200,Cenario 2 - Carga Crescente 2-29,true,771,235,35,35,1985,0
1774966137956,1930,GET Articles,200,Cenario 2 - Carga Crescente 2-10,true,708203,293,35,35,1930,0
1774966138022,1904,GET Articles,200,Cenario 2 - Carga Crescente 2-6,true,708202,293,35,35,1903,0
1774966137927,2040,Login,200,Cenario 2 - Carga Crescente 2-7,true,771,235,36,36,2040,0
1774966138199,1850,GET Articles,200,Cenario 2 - Carga Crescente 2-4,true,708203,293,36,36,1850,0
1774966138277,1811,GET Articles,200,Cenario 2 - Carga Crescente 2-25,true,708203,293,36,36,1810,0
1774966138289,1832,GET Articles,200,Cenario 2 - Carga Crescente 2-21,true,708203,293,36,36,1831,0
1774966138465,1692,GET Articles,200,Cenario 2 - Carga Crescente 2-34,true,708203,293,36,36,1691,0
1774966138013,2145,Login,200,Cenario 2 - Carga Crescente 2-15,true,771,235,36,36,2145,0
1774966138561,1663,GET Articles,200,Cenario 2 - Carga Crescente 2-30,true,708203,293,36,36,1662,0
1774966138158,2066,Login,200,Cenario 2 - Carga Crescente 2-35,true,771,235,36,36,2066,0
1774966138562,1728,GET Articles,200,Cenario 2 - Carga Crescente 2-32,true,708203,293,36,36,1727,0
1774966138560,1878,Login,200,Cenario 2 - Carga Crescente 2-33,true,771,235,36,36,1878,0
1774966138644,1858,Login,200,Cenario 2 - Carga Crescente 2-31,true,771,235,36,36,1858,0
1774966138832,1708,GET Articles,200,Cenario 2 - Carga Crescente 2-2,true,708203,293,36,36,1707,0
1774966138648,1911,Login,200,Cenario 2 - Carga Crescente 2-19,true,771,235,36,36,1911,0
1774966138685,2019,Login,200,Cenario 2 - Carga Crescente 2-9,true,771,235,36,36,2019,0
1774966138922,1837,GET Articles,200,Cenario 2 - Carga Crescente 2-1,true,708203,293,36,36,1836,1
1774966138963,1853,GET Articles,200,Cenario 2 - Carga Crescente 2-13,true,708203,293,36,36,1852,0
1774966138879,1937,Login,200,Cenario 2 - Carga Crescente 2-26,true,771,235,36,36,1937,0
1774966138922,1902,Login,200,Cenario 2 - Carga Crescente 2-23,true,771,235,36,36,1902,0
1774966139197,1687,GET Articles,200,Cenario 2 - Carga Crescente 2-5,true,708203,293,36,36,1686,0
1774966139257,1719,GET Articles,200,Cenario 2 - Carga Crescente 2-27,true,708203,293,36,36,1719,0
1774966138963,2125,Login,200,Cenario 2 - Carga Crescente 2-18,true,771,235,36,36,2125,0
1774966139026,2064,Login,200,Cenario 2 - Carga Crescente 2-17,true,771,235,36,36,2064,0
1774966139323,1827,GET Articles,200,Cenario 2 - Carga Crescente 2-20,true,708203,293,36,36,1826,0
1774966139256,1986,Login,200,Cenario 2 - Carga Crescente 2-12,true,771,235,36,36,1986,0
1774966139323,2040,Login,200,Cenario 2 - Carga Crescente 2-16,true,771,235,36,36,2040,0
1774966139529,1889,GET Articles,200,Cenario 2 - Carga Crescente 2-3,true,708203,293,36,36,1888,0
1774966139385,2035,Login,200,Cenario 2 - Carga Crescente 2-22,true,771,235,36,36,2035,0
1774966139591,1866,GET Articles,200,Cenario 2 - Carga Crescente 2-14,true,708202,293,36,36,1866,0
1774966139703,1791,GET Articles,200,Cenario 2 - Carga Crescente 2-24,true,708203,293,36,36,1790,0
1774966139848,1681,GET Articles,200,Cenario 2 - Carga Crescente 2-11,true,708202,293,36,36,1680,0
1774966139440,2089,Login,200,Cenario 2 - Carga Crescente 2-8,true,771,235,36,36,2089,0
1774966139854,1740,GET Articles,200,Cenario 2 - Carga Crescente 2-29,true,708203,293,36,36,1739,0
1774966139585,2109,Login,200,Cenario 2 - Carga Crescente 2-28,true,771,235,36,36,2109,0
1774966139887,1918,Login,200,Cenario 2 - Carga Crescente 2-10,true,771,235,37,37,1918,0
1774966139967,1893,GET Articles,200,Cenario 2 - Carga Crescente 2-7,true,708203,293,37,37,1892,0
1774966139926,1937,Login,200,Cenario 2 - Carga Crescente 2-6,true,771,235,37,37,1937,0
1774966139957,2003,Login,200,Cenario 2 - Carga Crescente 2-36,true,771,235,37,37,2003,0
1774966140050,2080,Login,200,Cenario 2 - Carga Crescente 2-4,true,771,235,37,37,2080,0
1774966140088,2044,Login,200,Cenario 2 - Carga Crescente 2-25,true,771,235,37,37,2044,0
1774966140158,2037,GET Articles,200,Cenario 2 - Carga Crescente 2-15,true,708203,293,37,37,2036,0
1774966140121,2101,Login,200,Cenario 2 - Carga Crescente 2-21,true,771,235,37,37,2101,0
1774966140224,2054,GET Articles,200,Cenario 2 - Carga Crescente 2-35,true,708203,293,37,37,2053,0
1774966140157,2244,Login,200,Cenario 2 - Carga Crescente 2-34,true,771,235,37,37,2244,0
1774966140438,2019,GET Articles,200,Cenario 2 - Carga Crescente 2-33,true,708203,293,37,37,2019,0
1774966140224,2235,Login,200,Cenario 2 - Carga Crescente 2-30,true,771,235,37,37,2235,0
1774966140502,2058,GET Articles,200,Cenario 2 - Carga Crescente 2-31,true,708203,293,37,37,2057,0
1774966140290,2270,Login,200,Cenario 2 - Carga Crescente 2-32,true,771,235,37,37,2270,0
1774966140560,2061,GET Articles,200,Cenario 2 - Carga Crescente 2-19,true,708203,293,37,37,2060,0
1774966140704,1971,GET Articles,200,Cenario 2 - Carga Crescente 2-9,true,708204,293,37,37,1970,0
1774966140540,2196,Login,200,Cenario 2 - Carga Crescente 2-2,true,771,235,37,37,2196,0
1774966140816,1959,GET Articles,200,Cenario 2 - Carga Crescente 2-26,true,708203,293,37,37,1958,0
1774966140825,1985,GET Articles,200,Cenario 2 - Carga Crescente 2-23,true,708203,293,37,37,1985,0
1774966140759,2184,Login,200,Cenario 2 - Carga Crescente 2-1,true,771,235,37,37,2184,0
1774966140816,2133,Login,200,Cenario 2 - Carga Crescente 2-13,true,771,235,37,37,2133,0
1774966141089,1921,GET Articles,200,Cenario 2 - Carga Crescente 2-18,true,708203,293,37,37,1920,0
1774966141091,1974,GET Articles,200,Cenario 2 - Carga Crescente 2-17,true,708203,293,37,37,1974,0
1774966140884,2197,Login,200,Cenario 2 - Carga Crescente 2-5,true,771,235,37,37,2197,0
1774966141242,1872,GET Articles,200,Cenario 2 - Carga Crescente 2-12,true,708202,293,37,37,1871,0
1774966141363,1784,GET Articles,200,Cenario 2 - Carga Crescente 2-16,true,708202,293,37,37,1783,0
1774966140977,2235,Login,200,Cenario 2 - Carga Crescente 2-27,true,771,235,37,37,2235,0
1774966141420,1850,GET Articles,200,Cenario 2 - Carga Crescente 2-22,true,708203,293,37,37,1849,0
1774966141150,2190,Login,200,Cenario 2 - Carga Crescente 2-20,true,771,235,37,37,2190,0
1774966141418,2004,Login,200,Cenario 2 - Carga Crescente 2-3,true,771,235,37,37,2004,1
1774966141529,1929,GET Articles,200,Cenario 2 - Carga Crescente 2-8,true,708203,293,37,37,1928,0
1774966141458,2087,Login,200,Cenario 2 - Carga Crescente 2-14,true,771,235,37,37,2087,0
1774966141494,2120,Login,200,Cenario 2 - Carga Crescente 2-24,true,771,235,38,38,2120,0
1774966141695,1977,GET Articles,200,Cenario 2 - Carga Crescente 2-28,true,708203,293,38,38,1976,0
1774966141529,2202,Login,200,Cenario 2 - Carga Crescente 2-11,true,771,235,38,38,2202,0
1774966141805,1968,GET Articles,200,Cenario 2 - Carga Crescente 2-10,true,708203,293,38,38,1967,0
1774966141594,2216,Login,200,Cenario 2 - Carga Crescente 2-29,true,771,235,38,38,2216,0
1774966141863,2041,GET Articles,200,Cenario 2 - Carga Crescente 2-6,true,708203,293,38,38,2040,0
1774966141961,2001,GET Articles,200,Cenario 2 - Carga Crescente 2-36,true,708203,293,38,38,2001,0
1774966141757,2206,Login,200,Cenario 2 - Carga Crescente 2-37,true,771,235,38,38,2206,1
1774966142133,1916,GET Articles,200,Cenario 2 - Carga Crescente 2-25,true,708202,293,38,38,1915,0
1774966142130,1926,GET Articles,200,Cenario 2 - Carga Crescente 2-4,true,708203,293,38,38,1925,0
1774966141860,2197,Login,200,Cenario 2 - Carga Crescente 2-7,true,771,235,38,38,2197,0
1774966142222,1882,GET Articles,200,Cenario 2 - Carga Crescente 2-21,true,708203,293,38,38,1882,0
1774966142401,1760,GET Articles,200,Cenario 2 - Carga Crescente 2-34,true,708203,293,38,38,1759,0
1774966142195,2146,Login,200,Cenario 2 - Carga Crescente 2-15,true,771,235,38,38,2146,0
1774966142278,2065,Login,200,Cenario 2 - Carga Crescente 2-35,true,771,235,38,38,2065,0
1774966142460,1945,GET Articles,200,Cenario 2 - Carga Crescente 2-30,true,708203,293,38,38,1944,0
1774966142561,1902,GET Articles,200,Cenario 2 - Carga Crescente 2-32,true,708203,293,38,38,1901,0
1774966142458,2006,Login,200,Cenario 2 - Carga Crescente 2-33,true,771,235,38,38,2006,0
1774966142561,2051,Login,200,Cenario 2 - Carga Crescente 2-31,true,771,235,38,38,2051,0
1774966142737,1911,GET Articles,200,Cenario 2 - Carga Crescente 2-2,true,708203,293,38,38,1910,0
1774966142621,2110,Login,200,Cenario 2 - Carga Crescente 2-19,true,771,235,38,38,2110,0
1774966142675,2059,Login,200,Cenario 2 - Carga Crescente 2-9,true,771,235,38,38,2059,0
1774966142944,1852,GET Articles,200,Cenario 2 - Carga Crescente 2-1,true,708203,293,38,38,1851,0
1774966142950,1905,GET Articles,200,Cenario 2 - Carga Crescente 2-13,true,708203,293,38,38,1904,0
1774966142775,2145,Login,200,Cenario 2 - Carga Crescente 2-26,true,771,235,38,38,2145,0
1774966142811,2188,Login,200,Cenario 2 - Carga Crescente 2-23,true,771,235,38,38,2188,0
1774966143082,1978,GET Articles,200,Cenario 2 - Carga Crescente 2-5,true,708203,293,38,38,1977,0
1774966143010,2120,Login,200,Cenario 2 - Carga Crescente 2-18,true,771,235,38,38,2120,0
1774966143066,2126,Login,200,Cenario 2 - Carga Crescente 2-17,true,771,235,38,38,2126,0
1774966143212,2041,GET Articles,200,Cenario 2 - Carga Crescente 2-27,true,708203,293,38,38,2040,0
1774966143114,2221,Login,200,Cenario 2 - Carga Crescente 2-12,true,771,235,38,38,2221,0
1774966143341,2093,GET Articles,200,Cenario 2 - Carga Crescente 2-20,true,708203,293,39,39,2092,0
1774966143147,2287,Login,200,Cenario 2 - Carga Crescente 2-16,true,771,235,39,39,2287,0
1774966143422,2076,GET Articles,200,Cenario 2 - Carga Crescente 2-3,true,708203,293,39,39,2075,0
1774966143545,2018,GET Articles,200,Cenario 2 - Carga Crescente 2-14,true,708203,293,39,39,2017,0
1774966143270,2293,Login,200,Cenario 2 - Carga Crescente 2-22,true,771,235,39,39,2293,0
1774966143614,2018,GET Articles,200,Cenario 2 - Carga Crescente 2-24,true,708203,293,39,39,2017,0
1774966143458,2271,Login,200,Cenario 2 - Carga Crescente 2-8,true,771,235,39,39,2271,0
1774966143731,2041,GET Articles,200,Cenario 2 - Carga Crescente 2-11,true,708203,293,39,39,2040,0
1774966143556,2299,Login,200,Cenario 2 - Carga Crescente 2-38,true,771,235,39,39,2299,1
1774966143811,2097,GET Articles,200,Cenario 2 - Carga Crescente 2-29,true,708203,293,39,39,2096,0
1774966143672,2246,Login,200,Cenario 2 - Carga Crescente 2-28,true,771,235,39,39,2246,0
1774966143773,2289,Login,200,Cenario 2 - Carga Crescente 2-10,true,771,235,39,39,2289,0
1774966143963,2158,GET Articles,200,Cenario 2 - Carga Crescente 2-37,true,708203,293,39,39,2157,0
1774966143904,2288,Login,200,Cenario 2 - Carga Crescente 2-6,true,771,235,39,39,2288,0
1774966143963,2239,Login,200,Cenario 2 - Carga Crescente 2-36,true,771,235,39,39,2239,0
1774966144057,2203,GET Articles,200,Cenario 2 - Carga Crescente 2-7,true,708203,293,39,39,2202,0
1774966144049,2346,Login,200,Cenario 2 - Carga Crescente 2-25,true,771,235,39,39,2346,0
1774966144056,2412,Login,200,Cenario 2 - Carga Crescente 2-4,true,771,235,39,39,2412,1
1774966144342,2185,GET Articles,200,Cenario 2 - Carga Crescente 2-15,true,708203,293,39,39,2184,0
1774966144343,2219,GET Articles,200,Cenario 2 - Carga Crescente 2-35,true,708202,293,39,39,2218,0
1774966144104,2458,Login,200,Cenario 2 - Carga Crescente 2-21,true,771,235,39,39,2458,0
1774966144161,2507,Login,200,Cenario 2 - Carga Crescente 2-34,true,771,235,39,39,2507,0
1774966144464,2262,GET Articles,200,Cenario 2 - Carga Crescente 2-33,true,708203,293,39,39,2261,0
1774966144612,2204,GET Articles,200,Cenario 2 - Carga Crescente 2-31,true,708203,293,39,39,2204,0
1774966144405,2428,Login,200,Cenario 2 - Carga Crescente 2-30,true,771,235,39,39,2428,0
1774966144463,2374,Login,200,Cenario 2 - Carga Crescente 2-32,true,771,235,39,39,2374,0
1774966144732,2140,GET Articles,200,Cenario 2 - Carga Crescente 2-19,true,708203,293,39,39,2140,0
1774966144734,2169,GET Articles,200,Cenario 2 - Carga Crescente 2-9,true,708203,293,39,39,2168,0
1774966144648,2442,Login,200,Cenario 2 - Carga Crescente 2-2,true,771,235,39,39,2442,0
1774966144920,2229,GET Articles,200,Cenario 2 - Carga Crescente 2-26,true,708203,293,39,39,2228,0
1774966144999,2202,GET Articles,200,Cenario 2 - Carga Crescente 2-23,true,708203,293,40,40,2201,0
1774966144855,2346,Login,200,Cenario 2 - Carga Crescente 2-13,true,771,235,40,40,2346,0
1774966144797,2405,Login,200,Cenario 2 - Carga Crescente 2-1,true,771,235,40,40,2405,0
1774966145131,2116,GET Articles,200,Cenario 2 - Carga Crescente 2-18,true,708202,293,40,40,2116,0
1774966145193,2103,GET Articles,200,Cenario 2 - Carga Crescente 2-17,true,708203,293,40,40,2102,0
1774966145335,2023,GET Articles,200,Cenario 2 - Carga Crescente 2-12,true,708203,293,40,40,2022,0
1774966145060,2421,Login,200,Cenario 2 - Carga Crescente 2-5,true,771,235,40,40,2421,1
1774966145434,2104,GET Articles,200,Cenario 2 - Carga Crescente 2-16,true,708203,293,40,40,2103,0
1774966145253,2319,Login,200,Cenario 2 - Carga Crescente 2-27,true,771,235,40,40,2319,0
1774966145357,2263,Login,200,Cenario 2 - Carga Crescente 2-39,true,771,235,40,40,2263,0
1774966145434,2368,Login,200,Cenario 2 - Carga Crescente 2-20,true,771,235,40,40,2368,0
1774966145563,2274,GET Articles,200,Cenario 2 - Carga Crescente 2-22,true,708203,293,40,40,2274,0
1774966145498,2341,Login,200,Cenario 2 - Carga Crescente 2-3,true,771,235,40,40,2341,0
1774966145730,2173,GET Articles,200,Cenario 2 - Carga Crescente 2-8,true,708203,293,40,40,2172,0
1774966145563,2340,Login,200,Cenario 2 - Carga Crescente 2-14,true,771,235,40,40,2340,0
1774966145856,2113,GET Articles,200,Cenario 2 - Carga Crescente 2-38,true,708203,293,40,40,2112,0
1774966145632,2482,Login,200,Cenario 2 - Carga Crescente 2-24,true,771,235,40,40,2482,0
1774966145918,2242,GET Articles,200,Cenario 2 - Carga Crescente 2-28,true,708203,293,40,40,2241,0
1774966146062,2153,GET Articles,200,Cenario 2 - Carga Crescente 2-10,true,708203,293,40,40,2152,0
1774966145772,2443,Login,200,Cenario 2 - Carga Crescente 2-11,true,771,235,40,40,2443,0
1774966145908,2370,Login,200,Cenario 2 - Carga Crescente 2-29,true,771,235,40,40,2370,0
1774966146193,2085,GET Articles,200,Cenario 2 - Carga Crescente 2-6,true,708203,293,40,40,2084,0
1774966146202,2136,GET Articles,200,Cenario 2 - Carga Crescente 2-36,true,708203,293,40,40,2135,0
1774966146396,2039,GET Articles,200,Cenario 2 - Carga Crescente 2-25,true,708203,293,40,40,2035,0
1774966146468,2021,GET Articles,200,Cenario 2 - Carga Crescente 2-4,true,708203,293,40,40,2020,0
1774966146121,2370,Login,200,Cenario 2 - Carga Crescente 2-37,true,771,235,40,40,2370,0
1774966146260,2287,Login,200,Cenario 2 - Carga Crescente 2-7,true,771,235,40,40,2287,0
1774966146562,2043,GET Articles,200,Cenario 2 - Carga Crescente 2-21,true,708203,293,40,40,2042,0
1774966146668,1993,GET Articles,200,Cenario 2 - Carga Crescente 2-34,true,708203,293,40,40,1992,0
1774966146562,2204,Login,200,Cenario 2 - Carga Crescente 2-35,true,771,235,40,40,2204,0
1774966146527,2245,Login,200,Cenario 2 - Carga Crescente 2-15,true,771,235,40,40,2245,0
1774966146833,1978,GET Articles,200,Cenario 2 - Carga Crescente 2-30,true,708203,293,40,40,1977,0
1774966146837,2011,GET Articles,200,Cenario 2 - Carga Crescente 2-32,true,708203,293,40,40,2010,0
1774966146726,2205,Login,200,Cenario 2 - Carga Crescente 2-33,true,771,235,40,40,2205,0
1774966146817,2219,Login,200,Cenario 2 - Carga Crescente 2-31,true,771,235,41,41,2219,0
1774966147090,1978,GET Articles,200,Cenario 2 - Carga Crescente 2-2,true,708202,293,41,41,1977,0
1774966146873,2243,Login,200,Cenario 2 - Carga Crescente 2-19,true,771,235,41,41,2243,0
1774966146903,2295,Login,200,Cenario 2 - Carga Crescente 2-9,true,771,235,41,41,2295,0
1774966147149,2189,Login,200,Cenario 2 - Carga Crescente 2-26,true,771,235,41,41,2189,0
1774966147158,2258,Login,200,Cenario 2 - Carga Crescente 2-40,true,771,235,41,41,2258,0
1774966147201,2215,GET Articles,200,Cenario 2 - Carga Crescente 2-13,true,708203,293,41,41,2214,0
1774966147203,2276,GET Articles,200,Cenario 2 - Carga Crescente 2-1,true,708203,293,41,41,2274,0
1774966147201,2278,Login,200,Cenario 2 - Carga Crescente 2-23,true,771,235,41,41,2278,0
1774966147247,2460,Login,200,Cenario 2 - Carga Crescente 2-18,true,771,235,41,41,2460,0
1774966147482,2290,GET Articles,200,Cenario 2 - Carga Crescente 2-5,true,708203,293,41,41,2289,0
1774966147358,2426,Login,200,Cenario 2 - Carga Crescente 2-12,true,771,235,41,41,2426,0
1774966147296,2492,Login,200,Cenario 2 - Carga Crescente 2-17,true,771,235,41,41,2492,0
1774966147572,2291,GET Articles,200,Cenario 2 - Carga Crescente 2-27,true,708203,293,41,41,2290,0
1774966147621,2279,GET Articles,200,Cenario 2 - Carga Crescente 2-39,true,708203,293,41,41,2279,0
1774966147802,2159,GET Articles,200,Cenario 2 - Carga Crescente 2-20,true,708203,293,41,41,2158,0
1774966147840,2167,GET Articles,200,Cenario 2 - Carga Crescente 2-3,true,708203,293,41,41,2164,0
1774966147538,2545,Login,200,Cenario 2 - Carga Crescente 2-16,true,771,235,41,41,2545,0
1774966147903,2246,GET Articles,200,Cenario 2 - Carga Crescente 2-14,true,708203,293,41,41,2246,0
1774966147838,2385,Login,200,Cenario 2 - Carga Crescente 2-22,true,771,235,41,41,2384,0
1774966148115,2168,GET Articles,200,Cenario 2 - Carga Crescente 2-24,true,708203,293,41,41,2165,0
1774966147903,2420,Login,200,Cenario 2 - Carga Crescente 2-8,true,771,235,41,41,2419,0
1774966147969,2478,Login,200,Cenario 2 - Carga Crescente 2-38,true,771,235,41,41,2478,0
1774966148215,2297,GET Articles,200,Cenario 2 - Carga Crescente 2-11,true,708203,293,41,41,2296,0
1774966148278,2336,GET Articles,200,Cenario 2 - Carga Crescente 2-29,true,708203,293,41,41,2335,0
1774966148160,2455,Login,200,Cenario 2 - Carga Crescente 2-28,true,771,235,41,41,2455,0
1774966148215,2402,Login,200,Cenario 2 - Carga Crescente 2-10,true,771,235,41,41,2402,0
1774966148278,2622,Login,200,Cenario 2 - Carga Crescente 2-6,true,771,235,42,42,2622,0
1774966148338,2567,Login,200,Cenario 2 - Carga Crescente 2-36,true,771,235,42,42,2566,0
1774966148435,2473,Login,200,Cenario 2 - Carga Crescente 2-25,true,771,235,42,42,2473,0
1774966148492,2479,GET Articles,200,Cenario 2 - Carga Crescente 2-37,true,708203,293,42,42,2479,0
1774966148547,2429,GET Articles,200,Cenario 2 - Carga Crescente 2-7,true,708203,293,42,42,2428,1
1774966148490,2676,Login,200,Cenario 2 - Carga Crescente 2-4,true,771,235,42,42,2676,0
1774966148767,2457,GET Articles,200,Cenario 2 - Carga Crescente 2-35,true,708203,293,42,42,2456,0
1774966148772,2508,GET Articles,200,Cenario 2 - Carga Crescente 2-15,true,708203,293,42,42,2507,0
1774966148661,2619,Login,200,Cenario 2 - Carga Crescente 2-34,true,771,235,42,42,2619,0
1774966148605,2676,Login,200,Cenario 2 - Carga Crescente 2-21,true,771,235,42,42,2676,0
1774966148931,2415,GET Articles,200,Cenario 2 - Carga Crescente 2-33,true,708203,293,42,42,2415,0
1774966148811,2744,Login,200,Cenario 2 - Carga Crescente 2-30,true,771,235,42,42,2744,0
1774966148849,2706,Login,200,Cenario 2 - Carga Crescente 2-32,true,771,235,42,42,2706,0
1774966149036,2581,GET Articles,200,Cenario 2 - Carga Crescente 2-31,true,708203,293,42,42,2580,0
1774966148957,2660,Login,200,Cenario 2 - Carga Crescente 2-41,true,771,235,42,42,2660,1
1774966149117,2541,GET Articles,200,Cenario 2 - Carga Crescente 2-19,true,708203,293,42,42,2540,0
1774966149198,2516,GET Articles,200,Cenario 2 - Carga Crescente 2-9,true,708203,293,42,42,2515,0
1774966149338,2443,GET Articles,200,Cenario 2 - Carga Crescente 2-26,true,708203,293,42,42,2443,0
1774966149416,2394,GET Articles,200,Cenario 2 - Carga Crescente 2-40,true,708203,293,42,42,2393,0
1774966149068,2755,Login,200,Cenario 2 - Carga Crescente 2-2,true,771,235,42,42,2755,0
1774966149480,2400,GET Articles,200,Cenario 2 - Carga Crescente 2-23,true,708203,293,42,42,2399,0
1774966149708,2227,GET Articles,200,Cenario 2 - Carga Crescente 2-18,true,708203,293,42,42,2227,0
1774966149416,2663,Login,200,Cenario 2 - Carga Crescente 2-13,true,771,235,42,42,2663,0
1774966149479,2602,Login,200,Cenario 2 - Carga Crescente 2-1,true,771,235,42,42,2602,0
1774966149784,2338,GET Articles,200,Cenario 2 - Carga Crescente 2-12,true,708203,293,42,42,2337,0
1774966149789,2359,GET Articles,200,Cenario 2 - Carga Crescente 2-17,true,708203,293,42,42,2358,0
1774966149772,2426,Login,200,Cenario 2 - Carga Crescente 2-5,true,771,235,42,42,2426,0
1774966149901,2505,Login,200,Cenario 2 - Carga Crescente 2-39,true,771,235,42,42,2505,0
1774966149863,2551,Login,200,Cenario 2 - Carga Crescente 2-27,true,771,235,42,42,2551,0
1774966150083,2365,GET Articles,200,Cenario 2 - Carga Crescente 2-16,true,708203,293,42,42,2364,0
1774966149961,2490,Login,200,Cenario 2 - Carga Crescente 2-20,true,771,235,42,42,2490,0
1774966150223,2264,GET Articles,200,Cenario 2 - Carga Crescente 2-22,true,708203,293,42,42,2263,0
1774966150008,2652,Login,200,Cenario 2 - Carga Crescente 2-3,true,771,235,43,43,2652,0
1774966150150,2561,Login,200,Cenario 2 - Carga Crescente 2-14,true,771,235,43,43,2561,0
1774966150323,2388,GET Articles,200,Cenario 2 - Carga Crescente 2-8,true,708203,293,43,43,2387,1
1774966150448,2333,GET Articles,200,Cenario 2 - Carga Crescente 2-38,true,708203,293,43,43,2332,0
1774966150283,2498,Login,200,Cenario 2 - Carga Crescente 2-24,true,771,235,43,43,2498,0
1774966150615,2206,GET Articles,200,Cenario 2 - Carga Crescente 2-28,true,708202,293,43,43,2205,0
1774966150618,2235,GET Articles,200,Cenario 2 - Carga Crescente 2-10,true,708202,293,43,43,2234,0
1774966150512,2465,Login,200,Cenario 2 - Carga Crescente 2-11,true,771,235,43,43,2465,0
1774966150900,2117,GET Articles,200,Cenario 2 - Carga Crescente 2-6,true,708203,293,43,43,2116,0
1774966150905,2142,GET Articles,200,Cenario 2 - Carga Crescente 2-36,true,708202,293,43,43,2142,0
1774966150614,2435,Login,200,Cenario 2 - Carga Crescente 2-29,true,771,235,43,43,2435,0
1774966150908,2180,GET Articles,200,Cenario 2 - Carga Crescente 2-25,true,708202,293,43,43,2179,0
1774966150756,2364,Login,200,Cenario 2 - Carga Crescente 2-42,true,771,235,43,43,2364,1
1774966151166,2011,GET Articles,200,Cenario 2 - Carga Crescente 2-4,true,708203,293,43,43,2010,0
1774966150971,2373,Login,200,Cenario 2 - Carga Crescente 2-37,true,771,235,43,43,2373,0
1774966150976,2378,Login,200,Cenario 2 - Carga Crescente 2-7,true,771,235,43,43,2378,0
1774966151281,2107,GET Articles,200,Cenario 2 - Carga Crescente 2-34,true,708203,293,43,43,2106,0
1774966151282,2163,GET Articles,200,Cenario 2 - Carga Crescente 2-21,true,708203,293,43,43,2162,0
1774966151224,2221,Login,200,Cenario 2 - Carga Crescente 2-35,true,771,235,43,43,2221,0
1774966151555,1930,GET Articles,200,Cenario 2 - Carga Crescente 2-30,true,708203,293,43,43,1929,0
1774966151555,1966,GET Articles,200,Cenario 2 - Carga Crescente 2-32,true,708203,293,43,43,1966,0
1774966151280,2327,Login,200,Cenario 2 - Carga Crescente 2-15,true,771,235,43,43,2327,0
1774966151617,2021,GET Articles,200,Cenario 2 - Carga Crescente 2-41,true,708202,293,43,43,2020,0
1774966151346,2366,Login,200,Cenario 2 - Carga Crescente 2-33,true,771,235,43,43,2366,0
1774966151617,2163,Login,200,Cenario 2 - Carga Crescente 2-31,true,771,235,43,43,2163,0
1774966151658,2241,Login,200,Cenario 2 - Carga Crescente 2-19,true,771,235,43,43,2241,0
1774966151714,2250,Login,200,Cenario 2 - Carga Crescente 2-9,true,771,235,43,43,2250,0
1774966151823,2203,GET Articles,200,Cenario 2 - Carga Crescente 2-2,true,708203,293,43,43,2202,0
1774966151781,2252,Login,200,Cenario 2 - Carga Crescente 2-26,true,771,235,43,43,2252,0
1774966151810,2346,Login,200,Cenario 2 - Carga Crescente 2-40,true,771,235,43,43,2346,0
1774966152080,2133,GET Articles,200,Cenario 2 - Carga Crescente 2-13,true,708203,293,43,43,2132,0
1774966152081,2168,GET Articles,200,Cenario 2 - Carga Crescente 2-1,true,708203,293,43,43,2167,0
1774966151880,2404,Login,200,Cenario 2 - Carga Crescente 2-23,true,771,235,43,43,2404,0
1774966151936,2359,Login,200,Cenario 2 - Carga Crescente 2-18,true,771,235,43,43,2359,0
1774966152198,2154,GET Articles,200,Cenario 2 - Carga Crescente 2-5,true,708203,293,43,43,2153,0
1774966152406,1976,GET Articles,200,Cenario 2 - Carga Crescente 2-39,true,708202,293,44,44,1975,0
1774966152414,2008,GET Articles,200,Cenario 2 - Carga Crescente 2-27,true,708203,293,44,44,2007,0
1774966152122,2388,Login,200,Cenario 2 - Carga Crescente 2-12,true,771,235,44,44,2388,0
1774966152452,2107,GET Articles,200,Cenario 2 - Carga Crescente 2-20,true,708203,293,44,44,2107,0
1774966152148,2412,Login,200,Cenario 2 - Carga Crescente 2-17,true,771,235,44,44,2412,0
1774966152448,2230,Login,200,Cenario 2 - Carga Crescente 2-16,true,771,235,44,44,2230,0
1774966152660,2051,GET Articles,200,Cenario 2 - Carga Crescente 2-3,true,708203,293,44,44,2050,0
1774966152711,2031,GET Articles,200,Cenario 2 - Carga Crescente 2-14,true,708202,293,44,44,2030,0
1774966152487,2334,Login,200,Cenario 2 - Carga Crescente 2-22,true,771,235,44,44,2334,0
1774966152557,2270,Login,200,Cenario 2 - Carga Crescente 2-43,true,771,235,44,44,2270,1
1774966152781,2105,GET Articles,200,Cenario 2 - Carga Crescente 2-24,true,708203,293,44,44,2105,0
1774966152711,2294,Login,200,Cenario 2 - Carga Crescente 2-8,true,771,235,44,44,2294,0
1774966152781,2302,Login,200,Cenario 2 - Carga Crescente 2-38,true,771,235,44,44,2302,0
1774966152977,2166,GET Articles,200,Cenario 2 - Carga Crescente 2-11,true,708203,293,44,44,2165,0
1774966152821,2329,Login,200,Cenario 2 - Carga Crescente 2-28,true,771,235,44,44,2329,0
1774966152853,2415,Login,200,Cenario 2 - Carga Crescente 2-10,true,771,235,44,44,2415,0
1774966153049,2315,GET Articles,200,Cenario 2 - Carga Crescente 2-29,true,708203,293,44,44,2315,0
1774966153017,2390,Login,200,Cenario 2 - Carga Crescente 2-6,true,771,235,44,44,2390,0
1774966153048,2365,Login,200,Cenario 2 - Carga Crescente 2-36,true,771,235,44,44,2365,0
1774966153121,2322,GET Articles,200,Cenario 2 - Carga Crescente 2-42,true,708203,293,44,44,2321,0
1774966153344,2158,GET Articles,200,Cenario 2 - Carga Crescente 2-37,true,708203,293,44,44,2158,0
1774966153354,2203,GET Articles,200,Cenario 2 - Carga Crescente 2-7,true,708203,293,44,44,2202,0
1774966153088,2539,Login,200,Cenario 2 - Carga Crescente 2-25,true,771,235,44,44,2539,0
1774966153177,2530,Login,200,Cenario 2 - Carga Crescente 2-4,true,771,235,44,44,2530,0
1774966153446,2301,GET Articles,200,Cenario 2 - Carga Crescente 2-35,true,708203,293,44,44,2301,0
1774966153388,2430,Login,200,Cenario 2 - Carga Crescente 2-34,true,771,235,44,44,2430,0
1774966153445,2445,Login,200,Cenario 2 - Carga Crescente 2-21,true,771,235,44,44,2445,0
1774966153608,2340,GET Articles,200,Cenario 2 - Carga Crescente 2-15,true,708203,293,44,44,2339,0
1774966153485,2515,Login,200,Cenario 2 - Carga Crescente 2-30,true,771,235,44,44,2515,0
1774966153712,2344,GET Articles,200,Cenario 2 - Carga Crescente 2-33,true,708203,293,44,44,2344,0
1774966153781,2315,GET Articles,200,Cenario 2 - Carga Crescente 2-31,true,708203,293,44,44,2314,0
1774966153521,2575,Login,200,Cenario 2 - Carga Crescente 2-32,true,771,235,44,44,2575,0
1774966153899,2240,GET Articles,200,Cenario 2 - Carga Crescente 2-19,true,708203,293,44,44,2239,0
1774966153965,2205,GET Articles,200,Cenario 2 - Carga Crescente 2-9,true,708203,293,45,45,2204,0
1774966154033,2173,GET Articles,200,Cenario 2 - Carga Crescente 2-26,true,708202,293,45,45,2172,0
1774966153638,2571,Login,200,Cenario 2 - Carga Crescente 2-41,true,771,235,45,45,2571,0
1774966154156,2084,GET Articles,200,Cenario 2 - Carga Crescente 2-40,true,708202,293,45,45,2083,0
1774966154026,2427,Login,200,Cenario 2 - Carga Crescente 2-2,true,771,235,45,45,2427,0
1774966154285,2230,GET Articles,200,Cenario 2 - Carga Crescente 2-23,true,708203,293,45,45,2229,0
1774966154249,2266,Login,200,Cenario 2 - Carga Crescente 2-1,true,771,235,45,45,2266,0
1774966154213,2303,Login,200,Cenario 2 - Carga Crescente 2-13,true,771,235,45,45,2303,0
1774966154295,2294,GET Articles,200,Cenario 2 - Carga Crescente 2-18,true,708203,293,45,45,2293,0
1774966154352,2425,Login,200,Cenario 2 - Carga Crescente 2-5,true,771,235,45,45,2425,0
1774966154356,2428,Login,200,Cenario 2 - Carga Crescente 2-44,true,771,235,45,45,2428,0
1774966154510,2330,GET Articles,200,Cenario 2 - Carga Crescente 2-12,true,708203,293,45,45,2329,0
1774966154382,2467,Login,200,Cenario 2 - Carga Crescente 2-39,true,771,235,45,45,2467,0
1774966154560,2325,GET Articles,200,Cenario 2 - Carga Crescente 2-17,true,708203,293,45,45,2325,0
1774966154678,2261,GET Articles,200,Cenario 2 - Carga Crescente 2-16,true,708203,293,45,45,2260,0
1774966154422,2613,Login,200,Cenario 2 - Carga Crescente 2-27,true,771,235,45,45,2613,0
1774966154560,2540,Login,200,Cenario 2 - Carga Crescente 2-20,true,771,235,45,45,2540,0
1774966154821,2325,GET Articles,200,Cenario 2 - Carga Crescente 2-22,true,708203,293,45,45,2324,0
1774966154828,2374,GET Articles,200,Cenario 2 - Carga Crescente 2-43,true,708203,293,45,45,2374,0
1774966154711,2493,Login,200,Cenario 2 - Carga Crescente 2-3,true,771,235,45,45,2493,0
1774966155006,2257,GET Articles,200,Cenario 2 - Carga Crescente 2-8,true,708203,293,45,45,2257,0
1774966154742,2579,Login,200,Cenario 2 - Carga Crescente 2-14,true,771,235,45,45,2579,0
1774966155084,2237,GET Articles,200,Cenario 2 - Carga Crescente 2-38,true,708203,293,45,45,2236,0
1774966155150,2206,GET Articles,200,Cenario 2 - Carga Crescente 2-28,true,708202,293,45,45,2205,0
1774966155269,2142,GET Articles,200,Cenario 2 - Carga Crescente 2-10,true,708202,293,45,45,2142,0
1774966154887,2581,Login,200,Cenario 2 - Carga Crescente 2-24,true,771,235,45,45,2580,0
1774966155407,2096,GET Articles,200,Cenario 2 - Carga Crescente 2-6,true,708203,293,45,45,2095,0
1774966155413,2120,GET Articles,200,Cenario 2 - Carga Crescente 2-36,true,708202,293,45,45,2120,0
1774966155143,2445,Login,200,Cenario 2 - Carga Crescente 2-11,true,771,235,45,45,2445,1
1774966155365,2312,Login,200,Cenario 2 - Carga Crescente 2-29,true,771,235,45,45,2312,0
1774966155443,2356,Login,200,Cenario 2 - Carga Crescente 2-42,true,771,235,45,45,2355,0
1774966155627,2229,GET Articles,200,Cenario 2 - Carga Crescente 2-25,true,708203,293,45,45,2227,0
1774966155503,2354,Login,200,Cenario 2 - Carga Crescente 2-37,true,771,235,45,45,2354,0
1774966155708,2208,GET Articles,200,Cenario 2 - Carga Crescente 2-4,true,708203,293,45,45,2207,0
1774966155819,2141,GET Articles,200,Cenario 2 - Carga Crescente 2-34,true,708203,293,46,46,2141,0
1774966155557,2404,Login,200,Cenario 2 - Carga Crescente 2-7,true,771,235,46,46,2403,0
1774966155890,2110,GET Articles,200,Cenario 2 - Carga Crescente 2-21,true,708203,293,46,46,2109,0
1774966156001,2031,GET Articles,200,Cenario 2 - Carga Crescente 2-30,true,708202,293,46,46,2030,0
1774966155747,2377,Login,200,Cenario 2 - Carga Crescente 2-35,true,771,235,46,46,2377,0
1774966155948,2277,Login,200,Cenario 2 - Carga Crescente 2-15,true,771,235,46,46,2277,0
1774966156096,2184,GET Articles,200,Cenario 2 - Carga Crescente 2-32,true,708203,293,46,46,2183,0
1774966156056,2233,Login,200,Cenario 2 - Carga Crescente 2-33,true,771,235,46,46,2233,0
1774966156096,2288,Login,200,Cenario 2 - Carga Crescente 2-31,true,771,235,46,46,2288,0
1774966156157,2378,Login,200,Cenario 2 - Carga Crescente 2-45,true,771,235,46,46,2378,0
1774966156139,2408,Login,200,Cenario 2 - Carga Crescente 2-19,true,771,235,46,46,2408,0
1774966156210,2393,GET Articles,200,Cenario 2 - Carga Crescente 2-41,true,708203,293,46,46,2392,0
1774966156170,2464,Login,200,Cenario 2 - Carga Crescente 2-9,true,771,235,46,46,2464,0
1774966156453,2213,GET Articles,200,Cenario 2 - Carga Crescente 2-2,true,708202,293,46,46,2212,0
1774966156515,2215,GET Articles,200,Cenario 2 - Carga Crescente 2-1,true,708203,293,46,46,2214,0
1774966156206,2585,Login,200,Cenario 2 - Carga Crescente 2-26,true,771,235,46,46,2585,0
1774966156516,2331,GET Articles,200,Cenario 2 - Carga Crescente 2-13,true,708203,293,46,46,2330,0
1774966156240,2622,Login,200,Cenario 2 - Carga Crescente 2-40,true,771,235,46,46,2622,0
1774966156777,2119,GET Articles,200,Cenario 2 - Carga Crescente 2-5,true,708202,293,46,46,2118,0
1774966156784,2146,GET Articles,200,Cenario 2 - Carga Crescente 2-44,true,708203,293,46,46,2145,0
1774966156515,2477,Login,200,Cenario 2 - Carga Crescente 2-23,true,771,235,46,46,2477,0
1774966156849,2200,GET Articles,200,Cenario 2 - Carga Crescente 2-39,true,708203,293,46,46,2199,0
1774966156589,2523,Login,200,Cenario 2 - Carga Crescente 2-18,true,771,235,46,46,2523,0
1774966156840,2365,Login,200,Cenario 2 - Carga Crescente 2-12,true,771,235,46,46,2365,1
1774966157036,2229,GET Articles,200,Cenario 2 - Carga Crescente 2-27,true,708203,293,46,46,2228,0
1774966157100,2222,GET Articles,200,Cenario 2 - Carga Crescente 2-20,true,708203,293,46,46,2221,0
1774966156886,2447,Login,200,Cenario 2 - Carga Crescente 2-17,true,771,235,46,46,2447,0
1774966156939,2453,Login,200,Cenario 2 - Carga Crescente 2-16,true,771,235,46,46,2453,0
1774966157204,2243,GET Articles,200,Cenario 2 - Carga Crescente 2-3,true,708203,293,46,46,2242,0
1774966157146,2441,Login,200,Cenario 2 - Carga Crescente 2-22,true,771,235,46,46,2441,0
1774966157203,2395,Login,200,Cenario 2 - Carga Crescente 2-43,true,771,235,46,46,2395,0
1774966157321,2315,GET Articles,200,Cenario 2 - Carga Crescente 2-14,true,708203,293,46,46,2314,0
1774966157264,2447,Login,200,Cenario 2 - Carga Crescente 2-8,true,771,235,46,46,2447,0
1774966157321,2526,Login,200,Cenario 2 - Carga Crescente 2-38,true,771,235,47,47,2526,0
1774966157468,2438,GET Articles,200,Cenario 2 - Carga Crescente 2-24,true,708203,293,47,47,2437,0
1774966157356,2550,Login,200,Cenario 2 - Carga Crescente 2-28,true,771,235,47,47,2550,0
1774966157412,2558,Login,200,Cenario 2 - Carga Crescente 2-10,true,771,235,47,47,2558,0
1774966157588,2420,GET Articles,200,Cenario 2 - Carga Crescente 2-11,true,708203,293,47,47,2419,0
1774966157678,2425,GET Articles,200,Cenario 2 - Carga Crescente 2-29,true,708203,293,47,47,2424,0
1774966157799,2349,GET Articles,200,Cenario 2 - Carga Crescente 2-42,true,708203,293,47,47,2344,0
1774966157503,2675,Login,200,Cenario 2 - Carga Crescente 2-6,true,771,235,47,47,2675,0
1774966157534,2645,Login,200,Cenario 2 - Carga Crescente 2-36,true,771,235,47,47,2645,0
1774966157857,2383,GET Articles,200,Cenario 2 - Carga Crescente 2-37,true,708203,293,47,47,2383,0
1774966157856,2557,Login,200,Cenario 2 - Carga Crescente 2-25,true,771,235,47,47,2557,0
1774966157916,2536,Login,200,Cenario 2 - Carga Crescente 2-4,true,771,235,47,47,2536,0
1774966157961,2522,GET Articles,200,Cenario 2 - Carga Crescente 2-7,true,708202,293,47,47,2522,0
1774966157958,2547,Login,200,Cenario 2 - Carga Crescente 2-46,true,771,235,47,47,2547,0
1774966157961,2716,Login,200,Cenario 2 - Carga Crescente 2-34,true,771,235,47,47,2716,0
1774966158125,2607,GET Articles,200,Cenario 2 - Carga Crescente 2-35,true,708203,293,47,47,2606,0
1774966158226,2548,GET Articles,200,Cenario 2 - Carga Crescente 2-15,true,708203,293,47,47,2547,0
1774966158000,2775,Login,200,Cenario 2 - Carga Crescente 2-21,true,771,235,47,47,2775,0
1774966158032,2744,Login,200,Cenario 2 - Carga Crescente 2-30,true,771,235,47,47,2744,0
1774966158290,2574,GET Articles,200,Cenario 2 - Carga Crescente 2-33,true,708203,293,47,47,2573,0
1774966158384,2484,GET Articles,200,Cenario 2 - Carga Crescente 2-31,true,708203,293,47,47,2483,0
1774966158535,2397,GET Articles,200,Cenario 2 - Carga Crescente 2-45,true,708203,293,47,47,2396,0
1774966158548,2433,GET Articles,200,Cenario 2 - Carga Crescente 2-19,true,708203,293,47,47,2433,0
1774966158635,2409,GET Articles,200,Cenario 2 - Carga Crescente 2-9,true,708203,293,47,47,2408,0
1774966158280,2769,Login,200,Cenario 2 - Carga Crescente 2-32,true,771,235,47,47,2769,0
1774966158603,2649,Login,200,Cenario 2 - Carga Crescente 2-41,true,771,235,47,47,2649,0
1774966158791,2492,GET Articles,200,Cenario 2 - Carga Crescente 2-26,true,708202,293,47,47,2491,0
1774966158666,2640,Login,200,Cenario 2 - Carga Crescente 2-2,true,771,235,47,47,2640,0
1774966158730,2581,Login,200,Cenario 2 - Carga Crescente 2-1,true,771,235,47,47,2581,0
1774966158863,2483,GET Articles,200,Cenario 2 - Carga Crescente 2-40,true,708203,293,47,47,2482,0
1774966158847,2699,Login,200,Cenario 2 - Carga Crescente 2-13,true,771,235,47,47,2699,0
1774966158993,2636,GET Articles,200,Cenario 2 - Carga Crescente 2-23,true,708203,293,48,48,2635,0
1774966158896,2733,Login,200,Cenario 2 - Carga Crescente 2-5,true,771,235,48,48,2733,0
1774966158930,2700,Login,200,Cenario 2 - Carga Crescente 2-44,true,771,235,48,48,2700,0
1774966159112,2576,GET Articles,200,Cenario 2 - Carga Crescente 2-18,true,708202,293,48,48,2576,0
1774966159206,2487,GET Articles,200,Cenario 2 - Carga Crescente 2-12,true,708203,293,48,48,2486,0
1774966159049,2845,Login,200,Cenario 2 - Carga Crescente 2-39,true,771,235,48,48,2845,0
1774966159334,2615,GET Articles,200,Cenario 2 - Carga Crescente 2-17,true,708203,293,48,48,2614,0
1774966159265,2685,Login,200,Cenario 2 - Carga Crescente 2-27,true,771,235,48,48,2685,0
1774966159322,2632,Login,200,Cenario 2 - Carga Crescente 2-20,true,771,235,48,48,2632,0
1774966159392,2603,GET Articles,200,Cenario 2 - Carga Crescente 2-16,true,708203,293,48,48,2602,0
1774966159588,2442,GET Articles,200,Cenario 2 - Carga Crescente 2-22,true,708203,293,48,48,2442,0
1774966159598,2493,GET Articles,200,Cenario 2 - Carga Crescente 2-43,true,708203,293,48,48,2492,0
1774966159711,2437,GET Articles,200,Cenario 2 - Carga Crescente 2-8,true,708203,293,48,48,2436,0
1774966159447,2773,Login,200,Cenario 2 - Carga Crescente 2-3,true,771,235,48,48,2773,0
1774966159848,2432,GET Articles,200,Cenario 2 - Carga Crescente 2-38,true,708203,293,48,48,2432,0
1774966159636,2670,Login,200,Cenario 2 - Carga Crescente 2-14,true,771,235,48,48,2670,0
1774966159907,2434,GET Articles,200,Cenario 2 - Carga Crescente 2-28,true,708202,293,48,48,2433,0
1774966159970,2461,GET Articles,200,Cenario 2 - Carga Crescente 2-10,true,708203,293,48,48,2461,0
1774966159756,2676,Login,200,Cenario 2 - Carga Crescente 2-47,true,771,235,48,48,2676,0
1774966159906,2649,Login,200,Cenario 2 - Carga Crescente 2-24,true,771,235,48,48,2649,0
1774966160103,2597,Login,200,Cenario 2 - Carga Crescente 2-29,true,771,235,48,48,2597,0
1774966160008,2694,Login,200,Cenario 2 - Carga Crescente 2-11,true,771,235,48,48,2694,0
1774966160178,2582,GET Articles,200,Cenario 2 - Carga Crescente 2-6,true,708202,293,48,48,2582,0
1774966160179,2587,GET Articles,200,Cenario 2 - Carga Crescente 2-36,true,708203,293,48,48,2586,0
1774966160413,2394,GET Articles,200,Cenario 2 - Carga Crescente 2-25,true,708203,293,48,48,2393,0
1774966160452,2387,GET Articles,200,Cenario 2 - Carga Crescente 2-4,true,708202,293,48,48,2386,0
1774966160148,2691,Login,200,Cenario 2 - Carga Crescente 2-42,true,771,235,48,48,2691,0
1774966160506,2395,GET Articles,200,Cenario 2 - Carga Crescente 2-46,true,708203,293,48,48,2394,0
1774966160677,2259,GET Articles,200,Cenario 2 - Carga Crescente 2-34,true,708202,293,48,48,2258,0
1774966160241,2794,Login,200,Cenario 2 - Carga Crescente 2-37,true,771,235,48,48,2794,0
1774966160483,2622,Login,200,Cenario 2 - Carga Crescente 2-7,true,771,235,48,48,2622,0
1774966160775,2372,GET Articles,200,Cenario 2 - Carga Crescente 2-21,true,708203,293,48,48,2371,0
1774966160777,2400,GET Articles,200,Cenario 2 - Carga Crescente 2-30,true,708202,293,48,48,2399,0
1774966160732,2465,Login,200,Cenario 2 - Carga Crescente 2-35,true,771,235,48,48,2465,0
1774966160774,2519,Login,200,Cenario 2 - Carga Crescente 2-15,true,771,235,48,48,2519,0
1774966160864,2567,Login,200,Cenario 2 - Carga Crescente 2-33,true,771,235,49,49,2567,0
1774966160868,2585,Login,200,Cenario 2 - Carga Crescente 2-31,true,771,235,49,49,2585,0
1774966160932,2616,Login,200,Cenario 2 - Carga Crescente 2-45,true,771,235,49,49,2616,0
1774966161049,2533,GET Articles,200,Cenario 2 - Carga Crescente 2-32,true,708203,293,49,49,2533,0
1774966161253,2365,GET Articles,200,Cenario 2 - Carga Crescente 2-41,true,708203,293,49,49,2364,0
1774966160981,2703,Login,200,Cenario 2 - Carga Crescente 2-19,true,771,235,49,49,2703,0
1774966161306,2449,GET Articles,200,Cenario 2 - Carga Crescente 2-2,true,708203,293,49,49,2449,0
1774966161044,2711,Login,200,Cenario 2 - Carga Crescente 2-9,true,771,235,49,49,2711,0
1774966161311,2478,GET Articles,200,Cenario 2 - Carga Crescente 2-1,true,708202,293,49,49,2477,0
1774966161545,2274,GET Articles,200,Cenario 2 - Carga Crescente 2-13,true,708202,293,49,49,2273,0
1774966161283,2592,Login,200,Cenario 2 - Carga Crescente 2-26,true,771,235,49,49,2592,0
1774966161346,2670,Login,200,Cenario 2 - Carga Crescente 2-40,true,771,235,49,49,2670,0
1774966161628,2420,GET Articles,200,Cenario 2 - Carga Crescente 2-5,true,708203,293,49,49,2420,0
1774966161629,2462,GET Articles,200,Cenario 2 - Carga Crescente 2-44,true,708203,293,49,49,2461,0
1774966161556,2535,Login,200,Cenario 2 - Carga Crescente 2-48,true,771,235,49,49,2535,1
1774966161628,2506,Login,200,Cenario 2 - Carga Crescente 2-23,true,771,235,49,49,2506,0
1774966161893,2278,GET Articles,200,Cenario 2 - Carga Crescente 2-39,true,708203,293,49,49,2277,0
1774966161692,2658,Login,200,Cenario 2 - Carga Crescente 2-12,true,771,235,49,49,2658,0
1774966161688,2665,Login,200,Cenario 2 - Carga Crescente 2-18,true,771,235,49,49,2665,0
1774966161949,2443,GET Articles,200,Cenario 2 - Carga Crescente 2-27,true,708203,293,49,49,2442,0
1774966161954,2471,GET Articles,200,Cenario 2 - Carga Crescente 2-20,true,708203,293,49,49,2471,0
1774966161948,2483,Login,200,Cenario 2 - Carga Crescente 2-17,true,771,235,49,49,2483,0
1774966162090,2599,Login,200,Cenario 2 - Carga Crescente 2-43,true,771,235,49,49,2599,0
1774966161994,2699,Login,200,Cenario 2 - Carga Crescente 2-16,true,771,235,49,49,2699,0
1774966162030,2666,Login,200,Cenario 2 - Carga Crescente 2-22,true,771,235,49,49,2666,0
1774966162220,2535,GET Articles,200,Cenario 2 - Carga Crescente 2-3,true,708203,293,49,49,2534,0
1774966162306,2506,GET Articles,200,Cenario 2 - Carga Crescente 2-14,true,708203,293,49,49,2505,1
1774966162147,2815,Login,200,Cenario 2 - Carga Crescente 2-8,true,771,235,49,49,2815,0
1774966162280,2689,Login,200,Cenario 2 - Carga Crescente 2-38,true,771,235,49,49,2689,0
1774966162432,2596,GET Articles,200,Cenario 2 - Carga Crescente 2-47,true,708203,293,49,49,2595,0
1774966162555,2572,GET Articles,200,Cenario 2 - Carga Crescente 2-24,true,708203,293,49,49,2572,0
1774966162340,2787,Login,200,Cenario 2 - Carga Crescente 2-28,true,771,235,49,49,2787,0
1774966162702,2492,GET Articles,200,Cenario 2 - Carga Crescente 2-11,true,708203,293,50,50,2491,0
1774966162431,2813,Login,200,Cenario 2 - Carga Crescente 2-10,true,771,235,50,50,2813,0
1774966162700,2551,GET Articles,200,Cenario 2 - Carga Crescente 2-29,true,708204,293,50,50,2550,0
1774966162759,2763,Login,200,Cenario 2 - Carga Crescente 2-6,true,771,235,50,50,2763,0
1774966162806,2718,Login,200,Cenario 2 - Carga Crescente 2-25,true,771,235,50,50,2718,0
1774966162765,2765,Login,200,Cenario 2 - Carga Crescente 2-36,true,771,235,50,50,2765,0
1774966162838,2755,GET Articles,200,Cenario 2 - Carga Crescente 2-42,true,708203,293,50,50,2755,0
1774966162838,2964,Login,200,Cenario 2 - Carga Crescente 2-4,true,771,235,50,50,2964,0
1774966163034,2823,GET Articles,200,Cenario 2 - Carga Crescente 2-37,true,708203,293,50,50,2823,0
1774966162935,2926,Login,200,Cenario 2 - Carga Crescente 2-34,true,771,235,50,50,2926,0
1774966162900,2963,Login,200,Cenario 2 - Carga Crescente 2-46,true,771,235,50,50,2963,0
1774966163104,2801,GET Articles,200,Cenario 2 - Carga Crescente 2-7,true,708203,293,50,50,2800,0
1774966163197,2764,GET Articles,200,Cenario 2 - Carga Crescente 2-35,true,708203,293,50,50,2763,0
1774966163292,2726,GET Articles,200,Cenario 2 - Carga Crescente 2-15,true,708203,293,50,50,2725,1
1774966163146,2994,Login,200,Cenario 2 - Carga Crescente 2-21,true,771,235,50,50,2994,0
1774966163430,2773,GET Articles,200,Cenario 2 - Carga Crescente 2-33,true,708203,293,50,50,2773,0
1774966163176,3027,Login,200,Cenario 2 - Carga Crescente 2-30,true,771,235,50,50,3027,0
1774966163452,2816,GET Articles,200,Cenario 2 - Carga Crescente 2-31,true,708202,293,50,50,2815,0
1774966163547,2726,GET Articles,200,Cenario 2 - Carga Crescente 2-45,true,708203,293,50,50,2726,0
1774966163356,2929,Login,200,Cenario 2 - Carga Crescente 2-49,true,771,235,50,50,2929,0
1774966163683,2660,GET Articles,200,Cenario 2 - Carga Crescente 2-19,true,708203,293,50,50,2659,0
1774966163755,2646,GET Articles,200,Cenario 2 - Carga Crescente 2-9,true,708203,293,50,50,2645,0
1774966163582,2965,Login,200,Cenario 2 - Carga Crescente 2-32,true,771,235,50,50,2965,0
1774966163617,2934,Login,200,Cenario 2 - Carga Crescente 2-41,true,771,235,50,50,2934,0
1774966163754,2915,Login,200,Cenario 2 - Carga Crescente 2-2,true,771,235,50,50,2915,0
1774966163875,2850,GET Articles,200,Cenario 2 - Carga Crescente 2-26,true,708203,293,50,50,2849,0
1774966164015,2748,GET Articles,200,Cenario 2 - Carga Crescente 2-40,true,708203,293,50,50,2748,0
1774966163788,3024,Login,200,Cenario 2 - Carga Crescente 2-1,true,771,235,50,50,3024,0
1774966163819,2997,Login,200,Cenario 2 - Carga Crescente 2-13,true,771,235,50,50,2997,0
1774966164092,2760,GET Articles,200,Cenario 2 - Carga Crescente 2-48,true,708203,293,50,50,2759,0
1774966164135,2793,GET Articles,200,Cenario 2 - Carga Crescente 2-23,true,708203,293,50,50,2792,0
1774966164049,2977,Login,200,Cenario 2 - Carga Crescente 2-5,true,771,235,50,50,2977,0
1774966164351,2731,GET Articles,200,Cenario 2 - Carga Crescente 2-12,true,708203,293,49,49,2730,0
1774966164091,2993,Login,200,Cenario 2 - Carga Crescente 2-44,true,771,235,48,48,2993,0
1774966164353,2796,GET Articles,200,Cenario 2 - Carga Crescente 2-18,true,708203,293,47,47,2795,0
1774966164171,3033,Login,200,Cenario 2 - Carga Crescente 2-39,true,771,235,46,46,3033,0
1774966164431,2833,GET Articles,200,Cenario 2 - Carga Crescente 2-17,true,708203,293,45,45,2833,0
1774966164689,2634,GET Articles,200,Cenario 2 - Carga Crescente 2-43,true,708203,293,44,44,2633,0
1774966164694,2668,GET Articles,200,Cenario 2 - Carga Crescente 2-16,true,708203,293,43,43,2667,1
1774966164392,2972,Login,200,Cenario 2 - Carga Crescente 2-27,true,771,235,42,42,2972,0
1774966164697,2707,GET Articles,200,Cenario 2 - Carga Crescente 2-22,true,708203,293,41,41,2706,0
1774966164426,2997,Login,200,Cenario 2 - Carga Crescente 2-20,true,771,235,40,40,2996,0
1774966164962,2519,GET Articles,200,Cenario 2 - Carga Crescente 2-8,true,708203,293,39,39,2518,0
1774966164970,2569,GET Articles,200,Cenario 2 - Carga Crescente 2-38,true,708203,293,38,38,2568,0
1774966164755,2923,Login,200,Cenario 2 - Carga Crescente 2-3,true,771,235,37,37,2923,0
1774966164812,2869,Login,200,Cenario 2 - Carga Crescente 2-14,true,771,235,36,36,2869,0
1774966165128,2604,GET Articles,200,Cenario 2 - Carga Crescente 2-28,true,708203,293,35,35,2603,0
1774966165028,2779,Login,200,Cenario 2 - Carga Crescente 2-47,true,771,235,34,34,2779,0
1774966165128,2819,Login,200,Cenario 2 - Carga Crescente 2-24,true,771,235,33,33,2819,0
1774966165244,2771,GET Articles,200,Cenario 2 - Carga Crescente 2-10,true,708203,293,32,32,2770,0
1774966165155,2860,Login,200,Cenario 2 - Carga Crescente 2-50,true,771,235,32,32,2860,1
1774966165523,2534,GET Articles,200,Cenario 2 - Carga Crescente 2-6,true,708203,293,30,30,2533,0
1774966165525,2575,GET Articles,200,Cenario 2 - Carga Crescente 2-25,true,708203,293,29,29,2574,0
1774966165194,2906,Login,200,Cenario 2 - Carga Crescente 2-11,true,771,235,29,29,2906,0
1774966165531,2612,GET Articles,200,Cenario 2 - Carga Crescente 2-36,true,708203,293,27,27,2611,0
1774966165802,2399,GET Articles,200,Cenario 2 - Carga Crescente 2-4,true,708203,293,26,26,2399,0
1774966165251,3039,Login,200,Cenario 2 - Carga Crescente 2-29,true,771,235,25,25,3039,0
1774966165862,2489,GET Articles,200,Cenario 2 - Carga Crescente 2-34,true,708203,293,24,24,2488,0
1774966165863,2530,GET Articles,200,Cenario 2 - Carga Crescente 2-46,true,708203,293,23,23,2529,0
1774966165594,2799,Login,200,Cenario 2 - Carga Crescente 2-42,true,771,235,23,23,2799,0
1774966165857,2608,Login,200,Cenario 2 - Carga Crescente 2-37,true,771,235,21,21,2608,0
1774966165905,2759,Login,200,Cenario 2 - Carga Crescente 2-7,true,771,235,20,20,2759,0
1774966165961,2705,Login,200,Cenario 2 - Carga Crescente 2-35,true,771,235,19,19,2705,0
1774966166140,2569,GET Articles,200,Cenario 2 - Carga Crescente 2-21,true,708203,293,18,18,2568,0
1774966166018,2721,Login,200,Cenario 2 - Carga Crescente 2-15,true,771,235,17,17,2721,0
1774966166204,2542,GET Articles,200,Cenario 2 - Carga Crescente 2-30,true,708203,293,16,16,2541,0
1774966166268,2745,Login,200,Cenario 2 - Carga Crescente 2-31,true,771,235,15,15,2745,0
1774966166274,2742,Login,200,Cenario 2 - Carga Crescente 2-45,true,771,235,14,14,2742,0
1774966166203,2814,Login,200,Cenario 2 - Carga Crescente 2-33,true,771,235,13,13,2814,0
1774966166286,2775,GET Articles,200,Cenario 2 - Carga Crescente 2-49,true,708203,293,12,12,2774,0
1774966166547,2547,GET Articles,200,Cenario 2 - Carga Crescente 2-32,true,708203,293,11,11,2546,0
1774966166551,2586,GET Articles,200,Cenario 2 - Carga Crescente 2-41,true,708203,293,10,10,2585,0
1774966166669,2526,GET Articles,200,Cenario 2 - Carga Crescente 2-2,true,708203,293,9,9,2525,0
1774966166401,2889,Login,200,Cenario 2 - Carga Crescente 2-9,true,771,235,8,8,2889,0
1774966166343,2952,Login,200,Cenario 2 - Carga Crescente 2-19,true,771,235,7,7,2952,0
1774966166813,2579,GET Articles,200,Cenario 2 - Carga Crescente 2-1,true,708203,293,6,6,2578,0
1774966166817,2634,GET Articles,200,Cenario 2 - Carga Crescente 2-13,true,708203,293,5,5,2633,0
1774966166725,2745,Login,200,Cenario 2 - Carga Crescente 2-26,true,771,235,4,4,2745,0
1774966166764,2799,Login,200,Cenario 2 - Carga Crescente 2-40,true,771,235,3,3,2799,0
1774966166853,2863,Login,200,Cenario 2 - Carga Crescente 2-48,true,771,235,2,2,2863,0
1774966166928,2809,Login,200,Cenario 2 - Carga Crescente 2-23,true,771,235,1,1,2809,0
1774966169740,267,Login,200,Cenario 3 - Pico de Requisicoes 3-1,true,771,235,6,6,267,0
1774966169790,266,Login,200,Cenario 3 - Pico de Requisicoes 3-2,true,771,235,7,7,266,1
1774966169840,264,Login,200,Cenario 3 - Pico de Requisicoes 3-3,true,771,235,8,8,264,0
1774966169890,382,Login,200,Cenario 3 - Pico de Requisicoes 3-4,true,771,235,11,11,382,1
1774966170009,302,GET Articles,200,Cenario 3 - Pico de Requisicoes 3-1,true,708203,293,12,12,301,0
1774966169940,384,Login,200,Cenario 3 - Pico de Requisicoes 3-5,true,771,235,12,12,384,0
1774966170057,304,GET Articles,200,Cenario 3 - Pico de Requisicoes 3-2,true,708203,293,13,13,303,0
1774966169990,381,Login,200,Cenario 3 - Pico de Requisicoes 3-6,true,771,235,13,13,381,0
1774966170105,307,GET Articles,200,Cenario 3 - Pico de Requisicoes 3-3,true,708203,293,14,14,306,0
1774966170040,543,Login,200,Cenario 3 - Pico de Requisicoes 3-7,true,771,235,17,17,543,1
1774966170090,546,Login,200,Cenario 3 - Pico de Requisicoes 3-8,true,771,235,18,18,546,0
1774966170140,544,Login,200,Cenario 3 - Pico de Requisicoes 3-9,true,771,235,19,19,544,0
1774966170273,472,GET Articles,200,Cenario 3 - Pico de Requisicoes 3-4,true,708203,293,21,21,471,0
1774966170189,662,Login,200,Cenario 3 - Pico de Requisicoes 3-10,true,771,235,23,23,662,1
1774966170240,661,Login,200,Cenario 3 - Pico de Requisicoes 3-11,true,771,235,24,24,661,0
1774966170325,632,GET Articles,200,Cenario 3 - Pico de Requisicoes 3-5,true,708203,293,25,25,631,0
1774966170290,719,Login,200,Cenario 3 - Pico de Requisicoes 3-12,true,771,235,26,26,719,0
1774966170311,802,Login,200,Cenario 3 - Pico de Requisicoes 3-1,true,771,235,28,28,802,0
1774966170371,777,GET Articles,200,Cenario 3 - Pico de Requisicoes 3-6,true,708203,293,29,29,776,0
1774966170340,883,Login,200,Cenario 3 - Pico de Requisicoes 3-13,true,771,235,30,30,883,1
1774966170361,912,Login,200,Cenario 3 - Pico de Requisicoes 3-2,true,771,235,31,31,911,0
1774966170389,1021,Login,200,Cenario 3 - Pico de Requisicoes 3-14,true,771,235,34,34,1021,1
1774966170412,1069,Login,200,Cenario 3 - Pico de Requisicoes 3-3,true,771,235,35,35,1069,0
1774966170440,1088,Login,200,Cenario 3 - Pico de Requisicoes 3-15,true,771,235,36,36,1088,0
1774966170583,982,GET Articles,200,Cenario 3 - Pico de Requisicoes 3-7,true,708203,293,37,37,981,0
1774966170490,1182,Login,200,Cenario 3 - Pico de Requisicoes 3-16,true,771,235,39,39,1182,0
1774966170637,1092,GET Articles,200,Cenario 3 - Pico de Requisicoes 3-8,true,708203,293,40,40,1092,0
1774966170540,1200,Login,200,Cenario 3 - Pico de Requisicoes 3-17,true,771,235,41,41,1200,1
1774966170589,1243,Login,200,Cenario 3 - Pico de Requisicoes 3-18,true,771,235,42,42,1243,1
1774966170685,1148,GET Articles,200,Cenario 3 - Pico de Requisicoes 3-9,true,708203,293,42,42,1147,0
1774966170640,1352,Login,200,Cenario 3 - Pico de Requisicoes 3-19,true,771,235,46,46,1352,0
1774966170690,1415,Login,200,Cenario 3 - Pico de Requisicoes 3-20,true,771,235,48,48,1415,0
1774966170739,1366,Login,200,Cenario 3 - Pico de Requisicoes 3-21,true,771,235,48,48,1366,1
1774966170745,1512,Login,200,Cenario 3 - Pico de Requisicoes 3-4,true,771,235,51,51,1512,0
1774966170851,1464,GET Articles,200,Cenario 3 - Pico de Requisicoes 3-10,true,708203,293,52,52,1463,0
1774966170790,1584,Login,200,Cenario 3 - Pico de Requisicoes 3-22,true,771,235,53,53,1584,0
1774966170840,1536,Login,200,Cenario 3 - Pico de Requisicoes 3-23,true,771,235,53,53,1536,0
1774966170902,1518,GET Articles,200,Cenario 3 - Pico de Requisicoes 3-11,true,708203,293,54,54,1517,0
1774966170890,1686,Login,200,Cenario 3 - Pico de Requisicoes 3-24,true,771,235,57,57,1686,0
1774966170940,1705,Login,200,Cenario 3 - Pico de Requisicoes 3-25,true,771,235,59,59,1705,1
1774966170958,1742,Login,200,Cenario 3 - Pico de Requisicoes 3-5,true,771,235,60,60,1742,0
1774966171009,1692,GET Articles,200,Cenario 3 - Pico de Requisicoes 3-12,true,708203,293,60,60,1691,0
1774966170989,1842,Login,200,Cenario 3 - Pico de Requisicoes 3-26,true,771,235,62,62,1842,1
1774966171113,1775,GET Articles,200,Cenario 3 - Pico de Requisicoes 3-1,true,708203,293,63,63,1774,0
1774966171040,1918,Login,200,Cenario 3 - Pico de Requisicoes 3-27,true,771,235,65,65,1918,0
1774966171090,1874,Login,200,Cenario 3 - Pico de Requisicoes 3-28,true,771,235,65,65,1874,0
1774966171140,2010,Login,200,Cenario 3 - Pico de Requisicoes 3-29,true,771,235,69,69,2009,1
1774966171223,1967,GET Articles,200,Cenario 3 - Pico de Requisicoes 3-13,true,708202,293,70,70,1966,0
1774966171148,2067,Login,200,Cenario 3 - Pico de Requisicoes 3-6,true,771,235,70,70,2067,0
1774966171189,2059,Login,200,Cenario 3 - Pico de Requisicoes 3-30,true,771,235,71,71,2059,1
1774966171273,1975,GET Articles,200,Cenario 3 - Pico de Requisicoes 3-2,true,708202,293,71,71,1974,0
1774966171240,2211,Login,200,Cenario 3 - Pico de Requisicoes 3-31,true,771,235,75,75,2211,0
1774966171290,2219,Login,200,Cenario 3 - Pico de Requisicoes 3-32,true,771,235,76,76,2219,0
1774966171340,2174,Login,200,Cenario 3 - Pico de Requisicoes 3-33,true,771,235,76,76,2174,1
1774966171411,2160,GET Articles,200,Cenario 3 - Pico de Requisicoes 3-14,true,708203,293,77,77,2159,0
1774966171482,2136,GET Articles,200,Cenario 3 - Pico de Requisicoes 3-3,true,708203,293,78,78,2135,0
1774966171389,2326,Login,200,Cenario 3 - Pico de Requisicoes 3-34,true,771,235,80,80,2326,1
1774966171529,2251,GET Articles,200,Cenario 3 - Pico de Requisicoes 3-15,true,708203,293,81,81,2246,0
1774966171440,2392,Login,200,Cenario 3 - Pico de Requisicoes 3-35,true,771,235,82,82,2392,1
1774966171490,2384,Login,200,Cenario 3 - Pico de Requisicoes 3-36,true,771,235,83,83,2384,0
1774966171541,2492,Login,200,Cenario 3 - Pico de Requisicoes 3-37,true,771,235,86,86,2492,1
1774966171566,2525,Login,200,Cenario 3 - Pico de Requisicoes 3-7,true,771,235,88,88,2525,0
1774966171674,2475,GET Articles,200,Cenario 3 - Pico de Requisicoes 3-16,true,708203,293,89,89,2474,0
1774966171590,2559,Login,200,Cenario 3 - Pico de Requisicoes 3-38,true,771,235,89,89,2559,1
1774966171640,2654,Login,200,Cenario 3 - Pico de Requisicoes 3-39,true,771,235,92,92,2654,1
1774966171742,2592,GET Articles,200,Cenario 3 - Pico de Requisicoes 3-17,true,708203,293,92,92,2592,0
1774966171731,2681,Login,200,Cenario 3 - Pico de Requisicoes 3-8,true,771,235,94,94,2681,0
1774966171691,2726,Login,200,Cenario 3 - Pico de Requisicoes 3-40,true,771,235,94,94,2726,0
1774966171834,2619,GET Articles,200,Cenario 3 - Pico de Requisicoes 3-18,true,708202,293,95,95,2619,0
1774966171741,2853,Login,200,Cenario 3 - Pico de Requisicoes 3-41,true,771,235,98,98,2853,1
1774966171790,2887,Login,200,Cenario 3 - Pico de Requisicoes 3-42,true,771,235,99,99,2887,1
1774966171834,2883,Login,200,Cenario 3 - Pico de Requisicoes 3-9,true,771,235,100,100,2883,0
1774966171840,3011,Login,200,Cenario 3 - Pico de Requisicoes 3-43,true,771,235,100,100,3011,0
1774966171891,3040,Login,200,Cenario 3 - Pico de Requisicoes 3-44,true,771,235,100,100,3040,0
1774966171993,2999,GET Articles,200,Cenario 3 - Pico de Requisicoes 3-19,true,708203,293,100,100,2999,0
1774966171940,3052,Login,200,Cenario 3 - Pico de Requisicoes 3-45,true,771,235,100,100,3052,1
1774966171991,3127,Login,200,Cenario 3 - Pico de Requisicoes 3-46,true,771,235,100,100,3127,0
1774966172106,3054,GET Articles,200,Cenario 3 - Pico de Requisicoes 3-20,true,708203,293,100,100,3053,0
1774966172106,3094,GET Articles,200,Cenario 3 - Pico de Requisicoes 3-21,true,708203,293,100,100,3093,0
1774966172041,3221,Login,200,Cenario 3 - Pico de Requisicoes 3-47,true,771,235,100,100,3221,0
1774966172091,3180,Login,200,Cenario 3 - Pico de Requisicoes 3-48,true,771,235,100,100,3180,1
1774966172141,3325,Login,200,Cenario 3 - Pico de Requisicoes 3-49,true,771,235,100,100,3325,0
1774966172259,3260,GET Articles,200,Cenario 3 - Pico de Requisicoes 3-4,true,708203,293,100,100,3259,0
1774966172191,3337,Login,200,Cenario 3 - Pico de Requisicoes 3-50,true,771,235,100,100,3337,0
1774966172241,3299,Login,200,Cenario 3 - Pico de Requisicoes 3-51,true,771,235,100,100,3299,0
1774966172291,3488,Login,200,Cenario 3 - Pico de Requisicoes 3-52,true,771,235,100,100,3488,1
1774966172317,3496,Login,200,Cenario 3 - Pico de Requisicoes 3-10,true,771,235,100,100,3496,0
1774966172376,3437,GET Articles,200,Cenario 3 - Pico de Requisicoes 3-22,true,708202,293,100,100,3436,0
1774966172340,3474,Login,200,Cenario 3 - Pico de Requisicoes 3-53,true,771,235,100,100,3474,1
1774966172378,3502,GET Articles,200,Cenario 3 - Pico de Requisicoes 3-23,true,708203,293,100,100,3501,0
1774966172391,3690,Login,200,Cenario 3 - Pico de Requisicoes 3-54,true,771,235,100,100,3690,0
1774966172422,3662,Login,200,Cenario 3 - Pico de Requisicoes 3-11,true,771,235,100,100,3662,0
1774966172441,3702,Login,200,Cenario 3 - Pico de Requisicoes 3-55,true,771,235,100,100,3702,0
1774966172578,3623,GET Articles,200,Cenario 3 - Pico de Requisicoes 3-24,true,708203,293,100,100,3622,0
1774966172491,3855,Login,200,Cenario 3 - Pico de Requisicoes 3-56,true,771,235,100,100,3855,0
1774966172540,3813,Login,200,Cenario 3 - Pico de Requisicoes 3-57,true,771,235,100,100,3813,1
1774966172647,3763,GET Articles,200,Cenario 3 - Pico de Requisicoes 3-25,true,708203,293,100,100,3762,0
1774966172591,3873,Login,200,Cenario 3 - Pico de Requisicoes 3-58,true,771,235,100,100,3873,0
1774966172702,3854,GET Articles,200,Cenario 3 - Pico de Requisicoes 3-5,true,708203,293,100,100,3853,0
1774966172640,3973,Login,200,Cenario 3 - Pico de Requisicoes 3-59,true,771,235,100,100,3973,0
1774966172691,3986,Login,200,Cenario 3 - Pico de Requisicoes 3-60,true,771,235,100,100,3986,1
1774966172702,4117,Login,200,Cenario 3 - Pico de Requisicoes 3-12,true,771,235,100,100,4117,0
1774966172832,4044,GET Articles,200,Cenario 3 - Pico de Requisicoes 3-26,true,708203,293,100,100,4044,0
1774966172740,4139,Login,200,Cenario 3 - Pico de Requisicoes 3-61,true,771,235,100,100,4139,1
1774966172791,4149,Login,200,Cenario 3 - Pico de Requisicoes 3-62,true,771,235,100,100,4149,0
1774966172840,4307,Login,200,Cenario 3 - Pico de Requisicoes 3-63,true,771,235,100,100,4307,0
1774966172889,4259,Login,200,Cenario 3 - Pico de Requisicoes 3-1,true,771,235,100,100,4259,0
1774966172960,4253,GET Articles,200,Cenario 3 - Pico de Requisicoes 3-27,true,708203,293,100,100,4252,0
1774966172891,4322,Login,200,Cenario 3 - Pico de Requisicoes 3-64,true,771,235,100,100,4322,0
1774966172966,4304,GET Articles,200,Cenario 3 - Pico de Requisicoes 3-28,true,708203,293,100,100,4303,0
1774966172940,4476,Login,200,Cenario 3 - Pico de Requisicoes 3-65,true,771,235,100,100,4476,1
1774966172990,4487,Login,200,Cenario 3 - Pico de Requisicoes 3-66,true,771,235,100,100,4487,1
1774966173040,4495,Login,200,Cenario 3 - Pico de Requisicoes 3-67,true,771,235,100,100,4495,0
1774966173151,4442,GET Articles,200,Cenario 3 - Pico de Requisicoes 3-29,true,708203,293,100,100,4441,0
1774966173091,4588,Login,200,Cenario 3 - Pico de Requisicoes 3-68,true,771,235,100,100,4588,1
1774966173140,4600,Login,200,Cenario 3 - Pico de Requisicoes 3-69,true,771,235,100,100,4600,1
1774966173217,4572,GET Articles,200,Cenario 3 - Pico de Requisicoes 3-6,true,708203,293,100,100,4572,0
1774966173190,4667,Login,200,Cenario 3 - Pico de Requisicoes 3-70,true,771,235,100,100,4667,1
1774966173249,4665,GET Articles,200,Cenario 3 - Pico de Requisicoes 3-30,true,708203,293,100,100,4665,0
1774966173192,4751,Login,200,Cenario 3 - Pico de Requisicoes 3-13,true,771,235,100,100,4751,0
1774966173240,4814,Login,200,Cenario 3 - Pico de Requisicoes 3-71,true,771,235,100,100,4814,0
1774966173249,4934,Login,200,Cenario 3 - Pico de Requisicoes 3-2,true,771,235,100,100,4934,0
1774966173291,4915,Login,200,Cenario 3 - Pico de Requisicoes 3-72,true,771,235,100,100,4915,0
1774966173341,4975,Login,200,Cenario 3 - Pico de Requisicoes 3-73,true,771,235,100,100,4975,1
1774966173452,4942,GET Articles,200,Cenario 3 - Pico de Requisicoes 3-31,true,708203,293,100,100,4942,0
1774966173390,5057,Login,200,Cenario 3 - Pico de Requisicoes 3-74,true,771,235,100,100,5057,1
1774966173511,4993,GET Articles,200,Cenario 3 - Pico de Requisicoes 3-32,true,708203,293,100,100,4993,0
1774966173441,5064,Login,200,Cenario 3 - Pico de Requisicoes 3-75,true,771,235,100,100,5064,0
1774966173515,5052,GET Articles,200,Cenario 3 - Pico de Requisicoes 3-33,true,708203,293,100,100,5052,0
1774966173491,5166,Login,200,Cenario 3 - Pico de Requisicoes 3-76,true,771,235,100,100,5166,0
1774966173541,5232,Login,200,Cenario 3 - Pico de Requisicoes 3-77,true,771,235,100,100,5232,0
1774966173572,5258,Login,200,Cenario 3 - Pico de Requisicoes 3-14,true,771,235,100,100,5258,0
1774966173590,5330,Login,200,Cenario 3 - Pico de Requisicoes 3-78,true,771,235,100,100,5330,1
1774966173618,5419,Login,200,Cenario 3 - Pico de Requisicoes 3-3,true,771,235,100,100,5419,0
1774966173717,5378,GET Articles,200,Cenario 3 - Pico de Requisicoes 3-34,true,708203,293,100,100,5377,0
1774966173640,5456,Login,200,Cenario 3 - Pico de Requisicoes 3-79,true,771,235,100,100,5456,1
1774966173691,5491,Login,200,Cenario 3 - Pico de Requisicoes 3-80,true,771,235,100,100,5491,0
1774966173741,5623,Login,200,Cenario 3 - Pico de Requisicoes 3-81,true,771,235,100,100,5623,0
1774966173780,5585,Login,200,Cenario 3 - Pico de Requisicoes 3-15,true,771,235,100,100,5585,0
1774966173833,5594,GET Articles,200,Cenario 3 - Pico de Requisicoes 3-35,true,708203,293,100,100,5593,0
1774966173874,5604,GET Articles,200,Cenario 3 - Pico de Requisicoes 3-36,true,708203,293,100,100,5603,0
1774966173791,5686,Login,200,Cenario 3 - Pico de Requisicoes 3-82,true,771,235,100,100,5686,1
1774966173840,5794,Login,200,Cenario 3 - Pico de Requisicoes 3-83,true,771,235,100,100,5794,1
1774966173940,5805,Login,200,Cenario 3 - Pico de Requisicoes 3-85,true,771,235,100,100,5805,0
1774966173891,5856,Login,200,Cenario 3 - Pico de Requisicoes 3-84,true,771,235,100,100,5856,0
1774966174034,5773,GET Articles,200,Cenario 3 - Pico de Requisicoes 3-37,true,708203,293,100,100,5772,0
1774966173991,5907,Login,200,Cenario 3 - Pico de Requisicoes 3-86,true,771,235,100,100,5907,1
1774966174092,5865,GET Articles,200,Cenario 3 - Pico de Requisicoes 3-7,true,708203,293,100,100,5865,0
1774966174041,5979,Login,200,Cenario 3 - Pico de Requisicoes 3-87,true,771,235,100,100,5979,0
1774966174149,5930,GET Articles,200,Cenario 3 - Pico de Requisicoes 3-38,true,708203,293,100,100,5930,0
1774966174090,5990,Login,200,Cenario 3 - Pico de Requisicoes 3-88,true,771,235,100,100,5990,1
1774966174141,6085,Login,200,Cenario 3 - Pico de Requisicoes 3-89,true,771,235,100,100,6085,8
1774966174190,6169,Login,200,Cenario 3 - Pico de Requisicoes 3-90,true,771,235,100,100,6169,0
1774966174149,6212,Login,200,Cenario 3 - Pico de Requisicoes 3-16,true,771,235,100,100,6212,0
1774966174295,6170,GET Articles,200,Cenario 3 - Pico de Requisicoes 3-39,true,708203,293,100,100,6169,0
1774966174241,6257,Login,200,Cenario 3 - Pico de Requisicoes 3-91,true,771,235,100,100,6257,0
1774966174291,6348,Login,200,Cenario 3 - Pico de Requisicoes 3-92,true,771,235,100,100,6348,1
1774966174335,6401,Login,200,Cenario 3 - Pico de Requisicoes 3-17,true,771,235,100,100,6401,0
1774966174412,6365,GET Articles,200,Cenario 3 - Pico de Requisicoes 3-8,true,708203,293,100,100,6364,0
1774966174340,6437,Login,200,Cenario 3 - Pico de Requisicoes 3-93,true,771,235,100,100,6437,1
1774966174417,6422,GET Articles,200,Cenario 3 - Pico de Requisicoes 3-40,true,708203,293,100,100,6421,0
1774966174390,6513,Login,200,Cenario 3 - Pico de Requisicoes 3-94,true,771,235,100,100,6513,1
1774966174441,6613,Login,200,Cenario 3 - Pico de Requisicoes 3-95,true,771,235,100,100,6613,0
1774966174454,6657,Login,200,Cenario 3 - Pico de Requisicoes 3-18,true,771,235,100,100,6657,0
1774966174490,6677,Login,200,Cenario 3 - Pico de Requisicoes 3-96,true,771,235,100,100,6677,0
1774966174595,6628,GET Articles,200,Cenario 3 - Pico de Requisicoes 3-41,true,708203,293,100,100,6627,0
1774966174541,6776,Login,200,Cenario 3 - Pico de Requisicoes 3-97,true,771,235,100,100,6776,1
1774966174677,6697,GET Articles,200,Cenario 3 - Pico de Requisicoes 3-42,true,708203,293,100,100,6696,0
1774966174590,6786,Login,200,Cenario 3 - Pico de Requisicoes 3-98,true,771,235,100,100,6786,1
1774966174717,6720,GET Articles,200,Cenario 3 - Pico de Requisicoes 3-9,true,708203,293,100,100,6719,0
1774966174851,6656,GET Articles,200,Cenario 3 - Pico de Requisicoes 3-43,true,708203,293,100,100,6655,0
1774966174641,6866,Login,200,Cenario 3 - Pico de Requisicoes 3-99,true,771,235,100,100,6866,0
1774966174932,6613,GET Articles,200,Cenario 3 - Pico de Requisicoes 3-44,true,708202,293,100,100,6613,0
1774966174993,6608,GET Articles,200,Cenario 3 - Pico de Requisicoes 3-45,true,708203,293,100,100,6607,0
1774966175118,6549,GET Articles,200,Cenario 3 - Pico de Requisicoes 3-46,true,708203,293,100,100,6549,0
1774966174690,6978,Login,200,Cenario 3 - Pico de Requisicoes 3-100,true,771,235,100,100,6978,0
1774966174993,6887,Login,200,Cenario 3 - Pico de Requisicoes 3-19,true,771,235,100,100,6887,0
1774966175263,6674,GET Articles,200,Cenario 3 - Pico de Requisicoes 3-47,true,708203,293,100,100,6673,0
1774966175160,6810,Login,200,Cenario 3 - Pico de Requisicoes 3-20,true,771,235,100,100,6810,0
1774966175200,6771,Login,200,Cenario 3 - Pico de Requisicoes 3-21,true,771,235,100,100,6771,0
1774966175272,6705,GET Articles,200,Cenario 3 - Pico de Requisicoes 3-48,true,708202,293,100,100,6704,0
1774966175466,6579,GET Articles,200,Cenario 3 - Pico de Requisicoes 3-49,true,708203,293,100,100,6578,0
1774966175529,6567,GET Articles,200,Cenario 3 - Pico de Requisicoes 3-50,true,708203,293,100,100,6565,0
1774966175540,6619,GET Articles,200,Cenario 3 - Pico de Requisicoes 3-51,true,708203,293,100,100,6618,0
1774966175780,6428,GET Articles,200,Cenario 3 - Pico de Requisicoes 3-52,true,708203,293,100,100,6427,0
1774966175813,6460,GET Articles,200,Cenario 3 - Pico de Requisicoes 3-10,true,708203,293,100,100,6459,0
1774966175519,6754,Login,200,Cenario 3 - Pico de Requisicoes 3-4,true,771,235,100,100,6754,0
1774966175814,6522,GET Articles,200,Cenario 3 - Pico de Requisicoes 3-53,true,708203,293,100,100,6521,0
1774966176082,6347,GET Articles,200,Cenario 3 - Pico de Requisicoes 3-54,true,708203,293,100,100,6346,0
1774966176084,6401,GET Articles,200,Cenario 3 - Pico de Requisicoes 3-11,true,708203,293,100,100,6400,0
1774966175813,6674,Login,200,Cenario 3 - Pico de Requisicoes 3-22,true,771,235,100,100,6674,0
1774966176144,6406,GET Articles,200,Cenario 3 - Pico de Requisicoes 3-55,true,708203,293,100,100,6406,0
1774966175880,6672,Login,200,Cenario 3 - Pico de Requisicoes 3-23,true,771,235,100,100,6672,0
1774966176347,6251,GET Articles,200,Cenario 3 - Pico de Requisicoes 3-56,true,708203,293,100,100,6250,0
1774966176353,6285,GET Articles,200,Cenario 3 - Pico de Requisicoes 3-57,true,708203,293,100,100,6284,0
1774966176465,6237,GET Articles,200,Cenario 3 - Pico de Requisicoes 3-58,true,708203,293,100,100,6236,0
1774966176201,6564,Login,200,Cenario 3 - Pico de Requisicoes 3-24,true,771,235,100,100,6564,0
1774966176613,6211,GET Articles,200,Cenario 3 - Pico de Requisicoes 3-59,true,708203,293,100,100,6210,0
1774966176677,6237,GET Articles,200,Cenario 3 - Pico de Requisicoes 3-60,true,708203,293,100,100,6236,0
1774966176410,6507,Login,200,Cenario 3 - Pico de Requisicoes 3-25,true,771,235,100,100,6507,0
1774966176820,6168,GET Articles,200,Cenario 3 - Pico de Requisicoes 3-12,true,708203,293,100,100,6167,0
1774966176556,6432,Login,200,Cenario 3 - Pico de Requisicoes 3-5,true,771,235,100,100,6432,0
1774966176879,6220,GET Articles,200,Cenario 3 - Pico de Requisicoes 3-61,true,708203,293,100,100,6219,0
1774966176941,6164,GET Articles,200,Cenario 3 - Pico de Requisicoes 3-62,true,708203,293,100,100,6163,0
1774966177148,6022,GET Articles,200,Cenario 3 - Pico de Requisicoes 3-63,true,708203,293,100,100,6021,0
1774966177148,6068,GET Articles,200,Cenario 3 - Pico de Requisicoes 3-1,true,708203,293,100,100,6068,0
1774966176876,6341,Login,200,Cenario 3 - Pico de Requisicoes 3-26,true,771,235,100,100,6341,0
1774966177213,6071,GET Articles,200,Cenario 3 - Pico de Requisicoes 3-64,true,708203,293,100,100,6070,0
1774966177416,5926,GET Articles,200,Cenario 3 - Pico de Requisicoes 3-65,true,708203,293,100,100,5925,0
1774966177478,5919,GET Articles,200,Cenario 3 - Pico de Requisicoes 3-66,true,708203,293,100,100,5918,0
1774966177535,5921,GET Articles,200,Cenario 3 - Pico de Requisicoes 3-67,true,708203,293,100,100,5921,0
1774966177213,6278,Login,200,Cenario 3 - Pico de Requisicoes 3-27,true,771,235,100,100,6278,0
1774966177270,6223,Login,200,Cenario 3 - Pico de Requisicoes 3-28,true,771,235,100,100,6223,0
1774966177680,5853,GET Articles,200,Cenario 3 - Pico de Requisicoes 3-68,true,708203,293,100,100,5852,0
1774966177740,5857,GET Articles,200,Cenario 3 - Pico de Requisicoes 3-69,true,708203,293,100,100,5856,0
1774966177857,5798,GET Articles,200,Cenario 3 - Pico de Requisicoes 3-70,true,708203,293,100,100,5797,0
1774966177593,6128,Login,200,Cenario 3 - Pico de Requisicoes 3-29,true,771,235,100,100,6128,0
1774966177943,5836,GET Articles,200,Cenario 3 - Pico de Requisicoes 3-13,true,708203,293,100,100,5835,0
1774966178054,5779,GET Articles,200,Cenario 3 - Pico de Requisicoes 3-71,true,708203,293,100,100,5778,0
1774966178183,5697,GET Articles,200,Cenario 3 - Pico de Requisicoes 3-2,true,708203,293,100,100,5697,0
1774966177790,6090,Login,200,Cenario 3 - Pico de Requisicoes 3-6,true,771,235,100,100,6090,0
1774966178317,5598,GET Articles,200,Cenario 3 - Pico de Requisicoes 3-73,true,708202,293,100,100,5597,0
1774966178206,5739,GET Articles,200,Cenario 3 - Pico de Requisicoes 3-72,true,708203,293,100,100,5738,0
1774966177915,6030,Login,200,Cenario 3 - Pico de Requisicoes 3-30,true,771,235,100,100,6030,0
1774966178447,5561,GET Articles,200,Cenario 3 - Pico de Requisicoes 3-74,true,708203,293,100,100,5560,0
1774966178505,5539,GET Articles,200,Cenario 3 - Pico de Requisicoes 3-75,true,708203,293,100,100,5538,0
1774966178395,5821,Login,200,Cenario 3 - Pico de Requisicoes 3-31,true,771,235,100,100,5821,0
1774966178505,5712,Login,200,Cenario 3 - Pico de Requisicoes 3-32,true,771,235,100,100,5712,0
1774966178774,5505,GET Articles,200,Cenario 3 - Pico de Requisicoes 3-77,true,708203,293,100,100,5505,0
1774966178657,5667,GET Articles,200,Cenario 3 - Pico de Requisicoes 3-76,true,708203,293,100,100,5667,0
1774966178568,5757,Login,200,Cenario 3 - Pico de Requisicoes 3-33,true,771,235,100,100,5757,0
1774966178830,5619,GET Articles,200,Cenario 3 - Pico de Requisicoes 3-14,true,708203,293,100,100,5618,0
1774966178920,5533,GET Articles,200,Cenario 3 - Pico de Requisicoes 3-78,true,708204,293,100,100,5533,0
1774966179037,5421,GET Articles,200,Cenario 3 - Pico de Requisicoes 3-3,true,708204,293,100,100,5420,0
1774966179097,5418,GET Articles,200,Cenario 3 - Pico de Requisicoes 3-79,true,708202,293,100,100,5417,0
1774966179183,5335,GET Articles,200,Cenario 3 - Pico de Requisicoes 3-80,true,708203,293,100,100,5335,0
1774966179366,5191,GET Articles,200,Cenario 3 - Pico de Requisicoes 3-15,true,708202,293,100,100,5190,0
1774966179365,5242,GET Articles,200,Cenario 3 - Pico de Requisicoes 3-81,true,708203,293,100,100,5242,0
1774966179478,5189,GET Articles,200,Cenario 3 - Pico de Requisicoes 3-82,true,708203,293,100,100,5188,0
1774966179095,5635,Login,200,Cenario 3 - Pico de Requisicoes 3-34,true,771,235,100,100,5635,0
1774966179635,5150,GET Articles,200,Cenario 3 - Pico de Requisicoes 3-83,true,708203,293,100,100,5149,0
1774966179745,5088,GET Articles,200,Cenario 3 - Pico de Requisicoes 3-85,true,708203,293,100,100,5087,0
1774966179748,5121,GET Articles,200,Cenario 3 - Pico de Requisicoes 3-84,true,708203,293,100,100,5120,0
1774966179427,5448,Login,200,Cenario 3 - Pico de Requisicoes 3-35,true,771,235,100,100,5448,0
1774966179898,5032,GET Articles,200,Cenario 3 - Pico de Requisicoes 3-86,true,708203,293,100,100,5031,0
1774966179478,5458,Login,200,Cenario 3 - Pico de Requisicoes 3-36,true,771,235,100,100,5458,0
1774966180020,4946,GET Articles,200,Cenario 3 - Pico de Requisicoes 3-87,true,708202,293,100,100,4945,0
1774966179807,5331,Login,200,Cenario 3 - Pico de Requisicoes 3-37,true,771,235,100,100,5331,0
1774966180080,5120,GET Articles,200,Cenario 3 - Pico de Requisicoes 3-88,true,708203,293,100,100,5119,0
1774966179958,5243,Login,200,Cenario 3 - Pico de Requisicoes 3-7,true,771,235,100,100,5243,0
1774966180226,5038,GET Articles,200,Cenario 3 - Pico de Requisicoes 3-89,true,708203,293,100,100,5037,0
1774966180080,5184,Login,200,Cenario 3 - Pico de Requisicoes 3-38,true,771,235,100,100,5184,0
1774966180360,4955,GET Articles,200,Cenario 3 - Pico de Requisicoes 3-90,true,708203,293,100,100,4955,0
1774966180361,5067,GET Articles,200,Cenario 3 - Pico de Requisicoes 3-16,true,708203,293,100,100,5066,0
1774966180499,4934,GET Articles,200,Cenario 3 - Pico de Requisicoes 3-91,true,708203,293,100,100,4934,0
1774966180640,4935,GET Articles,200,Cenario 3 - Pico de Requisicoes 3-92,true,708204,293,100,100,4934,0
1774966180737,4844,GET Articles,200,Cenario 3 - Pico de Requisicoes 3-17,true,708204,293,100,100,4843,0
1774966180465,5119,Login,200,Cenario 3 - Pico de Requisicoes 3-39,true,771,235,100,100,5119,0
1774966180777,4869,GET Articles,200,Cenario 3 - Pico de Requisicoes 3-93,true,708203,293,100,100,4868,0
1774966180904,4798,GET Articles,200,Cenario 3 - Pico de Requisicoes 3-94,true,708203,293,100,100,4797,0
1774966181055,4706,GET Articles,200,Cenario 3 - Pico de Requisicoes 3-95,true,708203,293,100,100,4705,0
1774966181111,4706,GET Articles,200,Cenario 3 - Pico de Requisicoes 3-18,true,708203,293,100,100,4705,0
1774966181167,4705,GET Articles,200,Cenario 3 - Pico de Requisicoes 3-96,true,708203,293,100,100,4704,0
1774966180777,5095,Login,200,Cenario 3 - Pico de Requisicoes 3-8,true,771,235,100,100,5095,0
1774966181318,4612,GET Articles,200,Cenario 3 - Pico de Requisicoes 3-97,true,708203,293,100,100,4611,0
1774966180840,5091,Login,200,Cenario 3 - Pico de Requisicoes 3-40,true,771,235,100,100,5091,0
1774966181377,4621,GET Articles,200,Cenario 3 - Pico de Requisicoes 3-98,true,708203,293,100,100,4620,0
1774966181223,4920,Login,200,Cenario 3 - Pico de Requisicoes 3-41,true,771,235,100,100,4920,0
1774966181375,4833,Login,200,Cenario 3 - Pico de Requisicoes 3-42,true,771,235,100,100,4833,0
1774966181508,4735,GET Articles,200,Cenario 3 - Pico de Requisicoes 3-99,true,708203,293,100,100,4734,0
1774966181437,4830,Login,200,Cenario 3 - Pico de Requisicoes 3-9,true,771,235,100,100,4830,0
1774966181507,4901,Login,200,Cenario 3 - Pico de Requisicoes 3-43,true,771,235,100,100,4901,0
1774966181546,4952,Login,200,Cenario 3 - Pico de Requisicoes 3-44,true,771,235,100,100,4952,0
1774966181668,4866,GET Articles,200,Cenario 3 - Pico de Requisicoes 3-100,true,708203,293,100,100,4865,0
1774966181601,4933,Login,200,Cenario 3 - Pico de Requisicoes 3-45,true,771,235,100,100,4933,0
1774966181881,4694,GET Articles,200,Cenario 3 - Pico de Requisicoes 3-19,true,708203,293,100,100,4694,0
1774966181970,4644,GET Articles,200,Cenario 3 - Pico de Requisicoes 3-20,true,708203,293,100,100,4639,0
1774966181972,4668,GET Articles,200,Cenario 3 - Pico de Requisicoes 3-21,true,708202,293,100,100,4668,0
1774966181668,5004,Login,200,Cenario 3 - Pico de Requisicoes 3-46,true,771,235,100,100,5004,0
1774966181937,4864,Login,200,Cenario 3 - Pico de Requisicoes 3-47,true,771,235,100,100,4864,0
1774966181977,4920,Login,200,Cenario 3 - Pico de Requisicoes 3-48,true,771,235,100,100,4920,0
1774966182045,4890,Login,200,Cenario 3 - Pico de Requisicoes 3-49,true,771,235,100,100,4890,0
1774966182096,4967,Login,200,Cenario 3 - Pico de Requisicoes 3-50,true,771,235,100,100,4967,0
1774966182159,4992,Login,200,Cenario 3 - Pico de Requisicoes 3-51,true,771,235,100,100,4992,0
1774966182273,4938,GET Articles,200,Cenario 3 - Pico de Requisicoes 3-4,true,708203,293,100,100,4937,0
1774966182208,5003,Login,200,Cenario 3 - Pico de Requisicoes 3-52,true,771,235,100,100,5003,0
1774966182273,5046,Login,200,Cenario 3 - Pico de Requisicoes 3-10,true,771,235,100,100,5046,0
1774966182337,5142,Login,200,Cenario 3 - Pico de Requisicoes 3-53,true,771,235,100,100,5142,0
1774966182429,5051,Login,200,Cenario 3 - Pico de Requisicoes 3-54,true,771,235,100,100,5051,0
1774966182487,5056,GET Articles,200,Cenario 3 - Pico de Requisicoes 3-22,true,708203,293,100,100,5055,0
1774966182552,5037,GET Articles,200,Cenario 3 - Pico de Requisicoes 3-23,true,708203,293,100,100,5036,0
1774966182485,5104,Login,200,Cenario 3 - Pico de Requisicoes 3-11,true,771,235,100,100,5104,0
1774966182551,5198,Login,200,Cenario 3 - Pico de Requisicoes 3-55,true,771,235,100,100,5198,0
1774966182598,5249,Login,200,Cenario 3 - Pico de Requisicoes 3-56,true,771,235,100,100,5249,0
1774966182765,5126,GET Articles,200,Cenario 3 - Pico de Requisicoes 3-24,true,708203,293,100,100,5125,0
1774966182638,5253,Login,200,Cenario 3 - Pico de Requisicoes 3-57,true,771,235,100,100,5253,0
1774966182702,5311,Login,200,Cenario 3 - Pico de Requisicoes 3-58,true,771,235,100,100,5311,0
1774966182918,5151,GET Articles,200,Cenario 3 - Pico de Requisicoes 3-25,true,708203,293,100,100,5150,0
1774966182914,5240,Login,200,Cenario 3 - Pico de Requisicoes 3-60,true,771,235,100,100,5240,0
1774966182824,5334,Login,200,Cenario 3 - Pico de Requisicoes 3-59,true,771,235,100,100,5334,0
1774966182988,5205,GET Articles,200,Cenario 3 - Pico de Requisicoes 3-5,true,708203,293,100,100,5204,0
1774966182988,5344,Login,200,Cenario 3 - Pico de Requisicoes 3-12,true,771,235,100,100,5344,0
1774966183105,5351,Login,200,Cenario 3 - Pico de Requisicoes 3-62,true,771,235,100,100,5351,0
1774966183099,5359,Login,200,Cenario 3 - Pico de Requisicoes 3-61,true,771,235,100,100,5359,0
1774966183218,5302,GET Articles,200,Cenario 3 - Pico de Requisicoes 3-26,true,708203,293,100,100,5302,0
1774966183170,5425,Login,200,Cenario 3 - Pico de Requisicoes 3-63,true,771,235,100,100,5425,0
1774966183217,5505,Login,200,Cenario 3 - Pico de Requisicoes 3-1,true,771,235,100,100,5505,0
1774966183284,5496,Login,200,Cenario 3 - Pico de Requisicoes 3-64,true,771,235,100,100,5496,0
1774966183342,5517,Login,200,Cenario 3 - Pico de Requisicoes 3-65,true,771,235,100,100,5517,0
1774966183491,5424,GET Articles,200,Cenario 3 - Pico de Requisicoes 3-27,true,708203,293,100,100,5423,0
1774966183494,5475,GET Articles,200,Cenario 3 - Pico de Requisicoes 3-28,true,708203,293,100,100,5474,0
1774966183397,5589,Login,200,Cenario 3 - Pico de Requisicoes 3-66,true,771,235,100,100,5589,0
1774966183457,5582,Login,200,Cenario 3 - Pico de Requisicoes 3-67,true,771,235,100,100,5582,0
1774966183533,5699,Login,200,Cenario 3 - Pico de Requisicoes 3-68,true,771,235,100,100,5699,0
1774966183722,5569,GET Articles,200,Cenario 3 - Pico de Requisicoes 3-29,true,708203,293,100,100,5568,0
1774966183597,5694,Login,200,Cenario 3 - Pico de Requisicoes 3-69,true,771,235,100,100,5694,0
1774966183655,5646,Login,200,Cenario 3 - Pico de Requisicoes 3-70,true,771,235,100,100,5646,0
1774966183779,5775,Login,200,Cenario 3 - Pico de Requisicoes 3-13,true,771,235,100,100,5775,0
1774966183833,5725,Login,200,Cenario 3 - Pico de Requisicoes 3-71,true,771,235,100,100,5725,0
1774966183880,5708,Login,200,Cenario 3 - Pico de Requisicoes 3-2,true,771,235,100,100,5708,0
1774966183880,5715,GET Articles,200,Cenario 3 - Pico de Requisicoes 3-6,true,708203,293,100,100,5714,0
1774966183946,5710,GET Articles,200,Cenario 3 - Pico de Requisicoes 3-30,true,708203,293,100,100,5710,0
1774966183915,5935,Login,200,Cenario 3 - Pico de Requisicoes 3-73,true,771,235,100,100,5935,0
1774966183945,5920,Login,200,Cenario 3 - Pico de Requisicoes 3-72,true,771,235,100,100,5920,0
1774966184216,5683,GET Articles,200,Cenario 3 - Pico de Requisicoes 3-31,true,708203,293,100,100,5682,0
1774966184217,5725,GET Articles,200,Cenario 3 - Pico de Requisicoes 3-32,true,708203,293,100,100,5724,0
1774966184008,5934,Login,200,Cenario 3 - Pico de Requisicoes 3-74,true,771,235,100,100,5934,0
1774966184044,6068,Login,200,Cenario 3 - Pico de Requisicoes 3-75,true,771,235,100,100,6068,0
1774966184325,5842,GET Articles,200,Cenario 3 - Pico de Requisicoes 3-33,true,708203,293,100,100,5841,0
1774966184324,5885,Login,200,Cenario 3 - Pico de Requisicoes 3-76,true,771,235,100,100,5885,0
1774966184279,5932,Login,200,Cenario 3 - Pico de Requisicoes 3-77,true,771,235,100,100,5932,0
1774966184449,5981,Login,200,Cenario 3 - Pico de Requisicoes 3-14,true,771,235,100,100,5981,0
1774966184458,6021,Login,200,Cenario 3 - Pico de Requisicoes 3-3,true,771,235,100,100,6021,0
1774966184454,6027,Login,200,Cenario 3 - Pico de Requisicoes 3-78,true,771,235,100,100,6027,0
1774966184515,6178,Login,200,Cenario 3 - Pico de Requisicoes 3-79,true,771,235,100,100,6178,0
1774966184557,6189,Login,200,Cenario 3 - Pico de Requisicoes 3-15,true,771,235,100,100,6189,0
1774966184518,6231,Login,200,Cenario 3 - Pico de Requisicoes 3-80,true,771,235,100,100,6231,0
1774966184730,6078,GET Articles,200,Cenario 3 - Pico de Requisicoes 3-34,true,708203,293,100,100,6077,0
1774966184607,6341,Login,200,Cenario 3 - Pico de Requisicoes 3-81,true,771,235,100,100,6341,0
1774966184667,6334,Login,200,Cenario 3 - Pico de Requisicoes 3-82,true,771,235,100,100,6334,0
1774966184785,6282,Login,200,Cenario 3 - Pico de Requisicoes 3-83,true,771,235,100,100,6282,0
1774966184876,6225,GET Articles,200,Cenario 3 - Pico de Requisicoes 3-35,true,708203,293,100,100,6224,0
1774966184833,6369,Login,200,Cenario 3 - Pico de Requisicoes 3-85,true,771,235,100,100,6369,0
1774966184936,6318,GET Articles,200,Cenario 3 - Pico de Requisicoes 3-36,true,708203,293,100,100,6317,0
1774966184869,6386,Login,200,Cenario 3 - Pico de Requisicoes 3-84,true,771,235,100,100,6386,0
1774966185138,6155,GET Articles,200,Cenario 3 - Pico de Requisicoes 3-37,true,708202,293,100,100,6154,0
1774966184930,6429,Login,200,Cenario 3 - Pico de Requisicoes 3-86,true,771,235,100,100,6429,0
1774966185201,6201,GET Articles,200,Cenario 3 - Pico de Requisicoes 3-7,true,708203,293,100,100,6200,0
1774966184966,6554,Login,200,Cenario 3 - Pico de Requisicoes 3-87,true,771,235,100,100,6554,0
1774966185264,6325,GET Articles,200,Cenario 3 - Pico de Requisicoes 3-38,true,708203,293,100,100,6324,0
1774966185200,6390,Login,200,Cenario 3 - Pico de Requisicoes 3-88,true,771,235,100,100,6390,0
1774966185264,6392,Login,200,Cenario 3 - Pico de Requisicoes 3-89,true,771,235,100,100,6392,0
1774966185315,6543,Login,200,Cenario 3 - Pico de Requisicoes 3-90,true,771,235,100,100,6543,0
1774966185428,6431,Login,200,Cenario 3 - Pico de Requisicoes 3-16,true,771,235,100,100,6431,0
1774966185433,6486,Login,200,Cenario 3 - Pico de Requisicoes 3-91,true,771,235,100,100,6486,0
1774966185585,6369,GET Articles,200,Cenario 3 - Pico de Requisicoes 3-39,true,708203,293,100,100,6368,0
1774966185575,6551,Login,200,Cenario 3 - Pico de Requisicoes 3-92,true,771,235,100,100,6551,0
1774966185581,6546,Login,200,Cenario 3 - Pico de Requisicoes 3-17,true,771,235,100,100,6546,0
1774966185646,6570,Login,200,Cenario 3 - Pico de Requisicoes 3-93,true,771,235,100,100,6570,0
1774966185703,6679,Login,200,Cenario 3 - Pico de Requisicoes 3-94,true,771,235,100,100,6679,0
1774966185761,6625,Login,200,Cenario 3 - Pico de Requisicoes 3-95,true,771,235,100,100,6625,0
1774966185872,6548,GET Articles,200,Cenario 3 - Pico de Requisicoes 3-8,true,708203,293,100,100,6547,0
1774966185817,6653,Login,200,Cenario 3 - Pico de Requisicoes 3-18,true,771,235,100,100,6653,0
1774966185931,6572,GET Articles,200,Cenario 3 - Pico de Requisicoes 3-40,true,708203,293,100,100,6571,0
1774966185930,6743,Login,200,Cenario 3 - Pico de Requisicoes 3-97,true,771,235,100,100,6743,0
1774966185872,6803,Login,200,Cenario 3 - Pico de Requisicoes 3-96,true,771,235,100,100,6803,0
1774966186144,6566,GET Articles,200,Cenario 3 - Pico de Requisicoes 3-41,true,708202,293,100,100,6565,0
1774966186208,6527,GET Articles,200,Cenario 3 - Pico de Requisicoes 3-42,true,708203,293,100,100,6526,0
1774966186267,6515,GET Articles,200,Cenario 3 - Pico de Requisicoes 3-9,true,708203,293,100,100,6514,0
1774966185998,6784,Login,200,Cenario 3 - Pico de Requisicoes 3-98,true,771,235,100,100,6784,0
1774966186409,6434,GET Articles,200,Cenario 3 - Pico de Requisicoes 3-43,true,708203,293,100,100,6434,0
1774966186498,6394,GET Articles,200,Cenario 3 - Pico de Requisicoes 3-44,true,708203,293,100,100,6393,0
1774966186534,6417,GET Articles,200,Cenario 3 - Pico de Requisicoes 3-45,true,708203,293,100,100,6416,0
1774966186243,6749,Login,200,Cenario 3 - Pico de Requisicoes 3-99,true,771,235,100,100,6749,0
1774966186534,6622,Login,200,Cenario 3 - Pico de Requisicoes 3-100,true,771,235,100,100,6622,0
1774966186576,6638,Login,200,Cenario 3 - Pico de Requisicoes 3-19,true,771,235,100,100,6638,0
1774966186673,6600,GET Articles,200,Cenario 3 - Pico de Requisicoes 3-46,true,708203,293,100,100,6599,0
1774966186614,6659,Login,200,Cenario 3 - Pico de Requisicoes 3-20,true,771,235,100,100,6659,0
1774966186802,6577,GET Articles,200,Cenario 3 - Pico de Requisicoes 3-47,true,708203,293,100,100,6577,0
1774966186897,6488,GET Articles,200,Cenario 3 - Pico de Requisicoes 3-48,true,708203,293,100,100,6487,0
1774966187063,6395,GET Articles,200,Cenario 3 - Pico de Requisicoes 3-50,true,708203,293,100,100,6395,0
1774966186936,6528,GET Articles,200,Cenario 3 - Pico de Requisicoes 3-49,true,708203,293,100,100,6527,0
1774966186641,6824,Login,200,Cenario 3 - Pico de Requisicoes 3-21,true,771,235,100,100,6824,0
1774966187211,6297,GET Articles,200,Cenario 3 - Pico de Requisicoes 3-52,true,708202,293,100,100,6296,0
1774966187151,6389,GET Articles,200,Cenario 3 - Pico de Requisicoes 3-51,true,708203,293,100,100,6388,0
1774966187320,6260,GET Articles,200,Cenario 3 - Pico de Requisicoes 3-10,true,708203,293,100,100,6260,0
1774966187479,6134,GET Articles,200,Cenario 3 - Pico de Requisicoes 3-53,true,708203,293,100,100,6133,0
1774966187480,6197,GET Articles,200,Cenario 3 - Pico de Requisicoes 3-54,true,708203,293,100,100,6196,0
1774966187589,6141,GET Articles,200,Cenario 3 - Pico de Requisicoes 3-11,true,708203,293,100,100,6140,0
1774966187211,6527,Login,200,Cenario 3 - Pico de Requisicoes 3-4,true,771,235,100,100,6527,0
1774966187750,6050,GET Articles,200,Cenario 3 - Pico de Requisicoes 3-55,true,708203,293,100,100,6049,0
1774966187847,6011,GET Articles,200,Cenario 3 - Pico de Requisicoes 3-56,true,708203,293,100,100,6010,0
1774966187891,6024,GET Articles,200,Cenario 3 - Pico de Requisicoes 3-57,true,708203,293,100,100,6023,0
1774966187543,6372,Login,200,Cenario 3 - Pico de Requisicoes 3-22,true,771,235,100,100,6372,0
1774966188013,5967,GET Articles,200,Cenario 3 - Pico de Requisicoes 3-58,true,708203,293,100,100,5966,0
1774966187589,6413,Login,200,Cenario 3 - Pico de Requisicoes 3-23,true,771,235,100,100,6413,0
1774966188154,5907,GET Articles,200,Cenario 3 - Pico de Requisicoes 3-60,true,708203,293,100,100,5906,0
1774966188159,5958,GET Articles,200,Cenario 3 - Pico de Requisicoes 3-59,true,708203,293,100,100,5958,0
1774966187891,6302,Login,200,Cenario 3 - Pico de Requisicoes 3-24,true,771,235,100,100,6302,0
1774966188332,5918,GET Articles,200,Cenario 3 - Pico de Requisicoes 3-12,true,708203,293,100,100,5917,0
1774966188069,6186,Login,200,Cenario 3 - Pico de Requisicoes 3-25,true,771,235,100,100,6186,0
1774966188457,5855,GET Articles,200,Cenario 3 - Pico de Requisicoes 3-62,true,708203,293,100,100,5854,0
1774966188458,5912,GET Articles,200,Cenario 3 - Pico de Requisicoes 3-61,true,708203,293,100,100,5912,0
1774966188596,5832,GET Articles,200,Cenario 3 - Pico de Requisicoes 3-63,true,708203,293,100,100,5831,0
1774966188193,6235,Login,200,Cenario 3 - Pico de Requisicoes 3-5,true,771,235,100,100,6235,0
1774966188722,5770,GET Articles,200,Cenario 3 - Pico de Requisicoes 3-1,true,708203,293,100,100,5769,0
1774966188781,5761,GET Articles,200,Cenario 3 - Pico de Requisicoes 3-64,true,708204,293,100,100,5760,0
1774966188859,5745,GET Articles,200,Cenario 3 - Pico de Requisicoes 3-65,true,708203,293,100,100,5744,0
1774966188521,6111,Login,200,Cenario 3 - Pico de Requisicoes 3-26,true,771,235,100,100,6111,0
1774966188986,5702,GET Articles,200,Cenario 3 - Pico de Requisicoes 3-66,true,708203,293,100,100,5701,0
1774966189040,5706,GET Articles,200,Cenario 3 - Pico de Requisicoes 3-67,true,708203,293,100,100,5705,0
1774966189233,5580,GET Articles,200,Cenario 3 - Pico de Requisicoes 3-68,true,708203,293,100,100,5580,0
1774966188915,5901,Login,200,Cenario 3 - Pico de Requisicoes 3-27,true,771,235,100,100,5901,0
1774966189292,5599,GET Articles,200,Cenario 3 - Pico de Requisicoes 3-69,true,708203,293,100,100,5598,0
1774966188969,5922,Login,200,Cenario 3 - Pico de Requisicoes 3-28,true,771,235,100,100,5922,0
1774966189302,5649,GET Articles,200,Cenario 3 - Pico de Requisicoes 3-70,true,708203,293,100,100,5649,0
1774966189554,5450,GET Articles,200,Cenario 3 - Pico de Requisicoes 3-13,true,708203,293,100,100,5449,0
1774966189558,5513,GET Articles,200,Cenario 3 - Pico de Requisicoes 3-71,true,708203,293,100,100,5512,0
1774966189291,5822,Login,200,Cenario 3 - Pico de Requisicoes 3-29,true,771,235,100,100,5822,0
1774966189589,5529,GET Articles,200,Cenario 3 - Pico de Requisicoes 3-2,true,708203,293,100,100,5529,0
1774966189850,5333,GET Articles,200,Cenario 3 - Pico de Requisicoes 3-73,true,708203,293,100,100,5332,0
1774966189865,5375,GET Articles,200,Cenario 3 - Pico de Requisicoes 3-72,true,708203,293,100,100,5374,0
1774966189595,5805,Login,200,Cenario 3 - Pico de Requisicoes 3-6,true,771,235,100,100,5805,0
1774966189656,5746,Login,200,Cenario 3 - Pico de Requisicoes 3-30,true,771,235,100,100,5746,0
1774966189942,5526,GET Articles,200,Cenario 3 - Pico de Requisicoes 3-74,true,708203,293,100,100,5525,0
1774966190112,5416,GET Articles,200,Cenario 3 - Pico de Requisicoes 3-75,true,708203,293,100,100,5415,0
1774966189899,5629,Login,200,Cenario 3 - Pico de Requisicoes 3-31,true,771,235,100,100,5629,0
1774966190209,5381,GET Articles,200,Cenario 3 - Pico de Requisicoes 3-76,true,708203,293,100,100,5380,0
1774966190211,5437,GET Articles,200,Cenario 3 - Pico de Requisicoes 3-77,true,708203,293,100,100,5436,0
1774966190430,5279,GET Articles,200,Cenario 3 - Pico de Requisicoes 3-14,true,708203,293,100,100,5278,0
1774966189942,5767,Login,200,Cenario 3 - Pico de Requisicoes 3-32,true,771,235,100,100,5767,0
1774966190480,5293,GET Articles,200,Cenario 3 - Pico de Requisicoes 3-3,true,708203,293,100,100,5292,0
1774966190482,5336,GET Articles,200,Cenario 3 - Pico de Requisicoes 3-78,true,708203,293,100,100,5336,0
1774966190167,5652,Login,200,Cenario 3 - Pico de Requisicoes 3-33,true,771,235,100,100,5652,0
1774966190693,5216,GET Articles,200,Cenario 3 - Pico de Requisicoes 3-79,true,708203,293,100,100,5215,0
1774966190746,5188,GET Articles,200,Cenario 3 - Pico de Requisicoes 3-15,true,708203,293,100,100,5187,0
1774966190749,5192,GET Articles,200,Cenario 3 - Pico de Requisicoes 3-80,true,708204,293,100,100,5191,0
1774966190949,5056,GET Articles,200,Cenario 3 - Pico de Requisicoes 3-81,true,708203,293,100,100,5055,0
1774966191002,5042,GET Articles,200,Cenario 3 - Pico de Requisicoes 3-82,true,708203,293,100,100,5041,0
1774966191067,5038,GET Articles,200,Cenario 3 - Pico de Requisicoes 3-83,true,708203,293,100,100,5038,0
1774966191202,4959,GET Articles,200,Cenario 3 - Pico de Requisicoes 3-85,true,708203,293,100,100,4958,0
1774966190808,5405,Login,200,Cenario 3 - Pico de Requisicoes 3-34,true,771,235,100,100,5405,0
1774966191255,5019,GET Articles,200,Cenario 3 - Pico de Requisicoes 3-84,true,708203,293,100,100,5018,0
1774966191101,5221,Login,200,Cenario 3 - Pico de Requisicoes 3-35,true,771,235,100,100,5221,0
1774966191360,4999,GET Articles,200,Cenario 3 - Pico de Requisicoes 3-86,true,708202,293,100,100,4998,0
1774966191254,5184,Login,200,Cenario 3 - Pico de Requisicoes 3-36,true,771,235,100,100,5184,0
1774966191520,4977,GET Articles,200,Cenario 3 - Pico de Requisicoes 3-87,true,708203,293,100,100,4976,0
1774966191293,5265,Login,200,Cenario 3 - Pico de Requisicoes 3-37,true,771,235,100,100,5265,0
1774966191590,5029,GET Articles,200,Cenario 3 - Pico de Requisicoes 3-88,true,708203,293,100,100,5028,0
1774966191657,5029,GET Articles,200,Cenario 3 - Pico de Requisicoes 3-89,true,708203,293,100,100,5028,0
1774966191402,5284,Login,200,Cenario 3 - Pico de Requisicoes 3-7,true,771,235,100,100,5284,0
1774966191858,4871,GET Articles,200,Cenario 3 - Pico de Requisicoes 3-90,true,708202,293,100,100,4870,0
1774966191859,4923,GET Articles,200,Cenario 3 - Pico de Requisicoes 3-16,true,708203,293,100,100,4922,0
1774966191589,5195,Login,200,Cenario 3 - Pico de Requisicoes 3-38,true,771,235,100,100,5195,0
1774966191920,4912,GET Articles,200,Cenario 3 - Pico de Requisicoes 3-91,true,708202,293,100,100,4912,0
1774966192127,4762,GET Articles,200,Cenario 3 - Pico de Requisicoes 3-92,true,708203,293,100,100,4761,0
1774966192127,4824,GET Articles,200,Cenario 3 - Pico de Requisicoes 3-17,true,708203,293,100,100,4823,0
1774966192217,4785,GET Articles,200,Cenario 3 - Pico de Requisicoes 3-93,true,708203,293,100,100,4784,0
1774966192386,4718,GET Articles,200,Cenario 3 - Pico de Requisicoes 3-95,true,708203,293,100,100,4713,0
1774966192383,4723,GET Articles,200,Cenario 3 - Pico de Requisicoes 3-94,true,708203,293,100,100,4722,0
1774966191954,5153,Login,200,Cenario 3 - Pico de Requisicoes 3-39,true,771,235,100,100,5153,0
1774966192470,4680,GET Articles,200,Cenario 3 - Pico de Requisicoes 3-18,true,708202,293,100,100,4679,0
1774966192673,4536,GET Articles,200,Cenario 3 - Pico de Requisicoes 3-97,true,708203,293,100,100,4535,0
1774966192675,4595,GET Articles,200,Cenario 3 - Pico de Requisicoes 3-96,true,708203,293,100,100,4594,0
1774966192420,4970,Login,200,Cenario 3 - Pico de Requisicoes 3-8,true,771,235,100,100,4970,0
1774966192503,4895,Login,200,Cenario 3 - Pico de Requisicoes 3-40,true,771,235,100,100,4895,0
1774966192783,4645,GET Articles,200,Cenario 3 - Pico de Requisicoes 3-98,true,708202,293,100,100,4645,0
1774966192710,4834,Login,200,Cenario 3 - Pico de Requisicoes 3-41,true,771,235,100,100,4834,0
1774966192735,4932,Login,200,Cenario 3 - Pico de Requisicoes 3-42,true,771,235,100,100,4932,0
1774966192782,4921,Login,200,Cenario 3 - Pico de Requisicoes 3-9,true,771,235,100,100,4921,0
1774966192844,4972,Login,200,Cenario 3 - Pico de Requisicoes 3-43,true,771,235,100,100,4972,0
1774966192993,4881,GET Articles,200,Cenario 3 - Pico de Requisicoes 3-99,true,708203,293,100,100,4881,0
1774966193157,4773,GET Articles,200,Cenario 3 - Pico de Requisicoes 3-100,true,708203,293,100,100,4772,0
1774966192892,5039,Login,200,Cenario 3 - Pico de Requisicoes 3-44,true,771,235,100,100,5039,0
1774966193214,4780,GET Articles,200,Cenario 3 - Pico de Requisicoes 3-19,true,708203,293,100,100,4780,0
1774966192951,5043,Login,200,Cenario 3 - Pico de Requisicoes 3-45,true,771,235,100,100,5043,0
1774966193273,4787,GET Articles,200,Cenario 3 - Pico de Requisicoes 3-20,true,708203,293,100,100,4786,0
1774966193273,4936,Login,200,Cenario 3 - Pico de Requisicoes 3-46,true,771,235,100,100,4936,0
1774966193379,4893,Login,200,Cenario 3 - Pico de Requisicoes 3-47,true,771,235,100,100,4893,0
1774966193385,4938,Login,200,Cenario 3 - Pico de Requisicoes 3-48,true,771,235,100,100,4938,0
1774966193466,4914,GET Articles,200,Cenario 3 - Pico de Requisicoes 3-21,true,708203,293,100,100,4914,0
1774966193459,5014,Login,200,Cenario 3 - Pico de Requisicoes 3-50,true,771,235,100,100,5014,0
1774966193464,5071,Login,200,Cenario 3 - Pico de Requisicoes 3-49,true,771,235,100,100,5071,0
1774966193508,5139,Login,200,Cenario 3 - Pico de Requisicoes 3-52,true,771,235,100,100,5139,0
1774966193540,5203,Login,200,Cenario 3 - Pico de Requisicoes 3-51,true,771,235,100,100,5203,0
1774966193581,5228,Login,200,Cenario 3 - Pico de Requisicoes 3-10,true,771,235,100,100,5228,0
1774966193614,5302,Login,200,Cenario 3 - Pico de Requisicoes 3-53,true,771,235,100,100,5302,0
1774966193739,5263,GET Articles,200,Cenario 3 - Pico de Requisicoes 3-4,true,708203,293,100,100,5263,0
1774966193677,5330,Login,200,Cenario 3 - Pico de Requisicoes 3-54,true,771,235,100,100,5330,0
1774966193730,5351,Login,200,Cenario 3 - Pico de Requisicoes 3-11,true,771,235,100,100,5351,0
1774966193858,5415,Login,200,Cenario 3 - Pico de Requisicoes 3-56,true,771,235,100,100,5415,0
1774966193800,5476,Login,200,Cenario 3 - Pico de Requisicoes 3-55,true,771,235,100,100,5476,0
1774966193916,5418,GET Articles,200,Cenario 3 - Pico de Requisicoes 3-22,true,708203,293,100,100,5417,0
1774966194003,5371,GET Articles,200,Cenario 3 - Pico de Requisicoes 3-23,true,708203,293,100,100,5369,0
1774966193915,5459,Login,200,Cenario 3 - Pico de Requisicoes 3-57,true,771,235,100,100,5459,0
1774966193980,5616,Login,200,Cenario 3 - Pico de Requisicoes 3-58,true,771,235,100,100,5616,0
1774966194194,5463,GET Articles,200,Cenario 3 - Pico de Requisicoes 3-24,true,708203,293,100,100,5462,0
1774966194118,5539,Login,200,Cenario 3 - Pico de Requisicoes 3-59,true,771,235,100,100,5539,0
1774966194061,5597,Login,200,Cenario 3 - Pico de Requisicoes 3-60,true,771,235,100,100,5597,0
1774966194255,5467,GET Articles,200,Cenario 3 - Pico de Requisicoes 3-25,true,708203,293,100,100,5466,0
1774966194250,5674,Login,200,Cenario 3 - Pico de Requisicoes 3-12,true,771,235,100,100,5674,0
1774966194428,5535,GET Articles,200,Cenario 3 - Pico de Requisicoes 3-5,true,708203,293,99,99,5534,0
1774966194312,5651,Login,200,Cenario 3 - Pico de Requisicoes 3-62,true,771,235,99,99,5651,0
1774966194371,5614,Login,200,Cenario 3 - Pico de Requisicoes 3-61,true,771,235,97,97,5614,0
1774966194428,5803,Login,200,Cenario 3 - Pico de Requisicoes 3-63,true,771,235,96,96,5803,0
1774966194492,5742,Login,200,Cenario 3 - Pico de Requisicoes 3-1,true,771,235,95,95,5742,0
1774966194633,5644,GET Articles,200,Cenario 3 - Pico de Requisicoes 3-26,true,708203,293,94,94,5643,0
1774966194542,5735,Login,200,Cenario 3 - Pico de Requisicoes 3-64,true,771,235,94,94,5735,0
1774966194604,5907,Login,200,Cenario 3 - Pico de Requisicoes 3-65,true,771,235,92,92,5907,0
1774966194688,5861,Login,200,Cenario 3 - Pico de Requisicoes 3-66,true,771,235,91,91,5861,0
1774966194746,5807,Login,200,Cenario 3 - Pico de Requisicoes 3-67,true,771,235,90,90,5807,0
1774966194816,5769,GET Articles,200,Cenario 3 - Pico de Requisicoes 3-27,true,708203,293,89,89,5768,0
1774966194891,5749,GET Articles,200,Cenario 3 - Pico de Requisicoes 3-28,true,708203,293,88,88,5748,0
1774966194814,5959,Login,200,Cenario 3 - Pico de Requisicoes 3-68,true,771,235,87,87,5959,0
1774966194891,5951,Login,200,Cenario 3 - Pico de Requisicoes 3-69,true,771,235,86,86,5951,0
1774966194952,5948,Login,200,Cenario 3 - Pico de Requisicoes 3-70,true,771,235,85,85,5948,0
1774966195114,5818,GET Articles,200,Cenario 3 - Pico de Requisicoes 3-29,true,708202,293,84,84,5817,0
1774966195004,6025,Login,200,Cenario 3 - Pico de Requisicoes 3-13,true,771,235,83,83,6025,0
1774966195072,6034,Login,200,Cenario 3 - Pico de Requisicoes 3-71,true,771,235,82,82,6034,0
1774966195119,6070,Login,200,Cenario 3 - Pico de Requisicoes 3-2,true,771,235,81,81,6070,0
1774966195400,5845,GET Articles,200,Cenario 3 - Pico de Requisicoes 3-6,true,708203,293,80,80,5844,0
1774966195402,5898,GET Articles,200,Cenario 3 - Pico de Requisicoes 3-30,true,708203,293,79,79,5897,0
1774966195183,6117,Login,200,Cenario 3 - Pico de Requisicoes 3-73,true,771,235,79,79,6117,0
1774966195240,6127,Login,200,Cenario 3 - Pico de Requisicoes 3-72,true,771,235,77,77,6127,0
1774966195529,5875,GET Articles,200,Cenario 3 - Pico de Requisicoes 3-31,true,708203,293,76,76,5874,0
1774966195468,6100,Login,200,Cenario 3 - Pico de Requisicoes 3-74,true,771,235,75,75,6100,0
1774966195528,6041,Login,200,Cenario 3 - Pico de Requisicoes 3-75,true,771,235,74,74,6041,0
1774966195590,6070,Login,200,Cenario 3 - Pico de Requisicoes 3-76,true,771,235,73,73,6070,0
1774966195709,6007,GET Articles,200,Cenario 3 - Pico de Requisicoes 3-32,true,708203,293,72,72,6007,0
1774966195709,6119,Login,200,Cenario 3 - Pico de Requisicoes 3-14,true,771,235,71,71,6119,0
1774966195648,6188,Login,200,Cenario 3 - Pico de Requisicoes 3-77,true,771,235,70,70,6188,0
1774966195819,6071,GET Articles,200,Cenario 3 - Pico de Requisicoes 3-33,true,708203,293,69,69,6070,0
1774966195773,6206,Login,200,Cenario 3 - Pico de Requisicoes 3-3,true,771,235,68,68,6206,0
1774966195819,6272,Login,200,Cenario 3 - Pico de Requisicoes 3-78,true,771,235,67,67,6272,0
1774966195909,6240,Login,200,Cenario 3 - Pico de Requisicoes 3-79,true,771,235,66,66,6240,0
1774966195934,6308,Login,200,Cenario 3 - Pico de Requisicoes 3-15,true,771,235,65,65,6308,0
1774966195941,6414,Login,200,Cenario 3 - Pico de Requisicoes 3-80,true,771,235,64,64,6414,0
1774966196005,6402,Login,200,Cenario 3 - Pico de Requisicoes 3-81,true,771,235,63,63,6402,0
1774966196044,6460,Login,200,Cenario 3 - Pico de Requisicoes 3-82,true,771,235,62,62,6460,0
1774966196214,6327,GET Articles,200,Cenario 3 - Pico de Requisicoes 3-34,true,708203,293,61,61,6326,0
1774966196105,6515,Login,200,Cenario 3 - Pico de Requisicoes 3-83,true,771,235,60,60,6515,0
1774966196323,6353,GET Articles,200,Cenario 3 - Pico de Requisicoes 3-35,true,708203,293,59,59,6352,0
1774966196161,6516,Login,200,Cenario 3 - Pico de Requisicoes 3-85,true,771,235,58,58,6516,0
1774966196439,6297,GET Articles,200,Cenario 3 - Pico de Requisicoes 3-36,true,708203,293,57,57,6296,0
1774966196274,6522,Login,200,Cenario 3 - Pico de Requisicoes 3-84,true,771,235,56,56,6522,0
1774966196558,6296,GET Articles,200,Cenario 3 - Pico de Requisicoes 3-37,true,708203,293,55,55,6294,0
1774966196359,6586,Login,200,Cenario 3 - Pico de Requisicoes 3-86,true,771,235,54,54,6586,0
1774966196497,6503,Login,200,Cenario 3 - Pico de Requisicoes 3-87,true,771,235,53,53,6503,0
1774966196686,6371,GET Articles,200,Cenario 3 - Pico de Requisicoes 3-7,true,708203,293,52,52,6370,0
1774966196620,6497,Login,200,Cenario 3 - Pico de Requisicoes 3-88,true,771,235,51,51,6497,0
1774966196686,6523,Login,200,Cenario 3 - Pico de Requisicoes 3-89,true,771,235,50,50,6523,0
1774966196785,6473,GET Articles,200,Cenario 3 - Pico de Requisicoes 3-38,true,708203,293,49,49,6472,0
1774966196729,6591,Login,200,Cenario 3 - Pico de Requisicoes 3-90,true,771,235,48,48,6591,0
1774966196782,6601,Login,200,Cenario 3 - Pico de Requisicoes 3-16,true,771,235,47,47,6601,0
1774966196833,6688,Login,200,Cenario 3 - Pico de Requisicoes 3-91,true,771,235,46,46,6688,0
1774966196889,6694,Login,200,Cenario 3 - Pico de Requisicoes 3-92,true,771,235,45,45,6694,0
1774966196951,6693,Login,200,Cenario 3 - Pico de Requisicoes 3-17,true,771,235,44,44,6693,0
1774966197002,6778,Login,200,Cenario 3 - Pico de Requisicoes 3-93,true,771,235,43,43,6778,0
1774966197107,6709,GET Articles,200,Cenario 3 - Pico de Requisicoes 3-39,true,708203,293,42,42,6708,0
1774966197104,6739,Login,200,Cenario 3 - Pico de Requisicoes 3-95,true,771,235,41,41,6739,0
1774966197106,6791,Login,200,Cenario 3 - Pico de Requisicoes 3-94,true,771,235,40,40,6791,0
1774966197150,6920,Login,200,Cenario 3 - Pico de Requisicoes 3-18,true,771,235,39,39,6920,0
1774966197390,6710,GET Articles,200,Cenario 3 - Pico de Requisicoes 3-8,true,708202,293,38,38,6709,0
1774966197209,6893,Login,200,Cenario 3 - Pico de Requisicoes 3-97,true,771,235,37,37,6893,0
1774966197398,6737,GET Articles,200,Cenario 3 - Pico de Requisicoes 3-40,true,708202,293,36,36,6737,0
1774966197544,6630,GET Articles,200,Cenario 3 - Pico de Requisicoes 3-41,true,708203,293,35,35,6629,0
1774966197271,6903,Login,200,Cenario 3 - Pico de Requisicoes 3-96,true,771,235,35,35,6903,0
1774966197668,6565,GET Articles,200,Cenario 3 - Pico de Requisicoes 3-42,true,708202,293,33,33,6564,0
1774966197703,6534,GET Articles,200,Cenario 3 - Pico de Requisicoes 3-9,true,708203,293,32,32,6533,0
1774966197816,6484,GET Articles,200,Cenario 3 - Pico de Requisicoes 3-43,true,708203,293,31,31,6483,0
1774966197429,6944,Login,200,Cenario 3 - Pico de Requisicoes 3-98,true,771,235,30,30,6944,0
1774966197932,6501,GET Articles,200,Cenario 3 - Pico de Requisicoes 3-44,true,708203,293,29,29,6500,0
1774966197874,6638,Login,200,Cenario 3 - Pico de Requisicoes 3-99,true,771,235,28,28,6638,0
1774966197995,6576,GET Articles,200,Cenario 3 - Pico de Requisicoes 3-45,true,708203,293,27,27,6575,0
1774966197930,6642,Login,200,Cenario 3 - Pico de Requisicoes 3-100,true,771,235,26,26,6642,0
1774966198209,6403,GET Articles,200,Cenario 3 - Pico de Requisicoes 3-46,true,708203,293,25,25,6403,0
1774966198272,6377,GET Articles,200,Cenario 3 - Pico de Requisicoes 3-47,true,708203,293,24,24,6376,0
1774966198323,6357,GET Articles,200,Cenario 3 - Pico de Requisicoes 3-48,true,708202,293,23,23,6356,0
1774966197995,6712,Login,200,Cenario 3 - Pico de Requisicoes 3-19,true,771,235,22,22,6712,0
1774966198474,6294,GET Articles,200,Cenario 3 - Pico de Requisicoes 3-50,true,708203,293,21,21,6293,0
1774966198535,6292,GET Articles,200,Cenario 3 - Pico de Requisicoes 3-49,true,708203,293,20,20,6292,0
1774966198647,6242,GET Articles,200,Cenario 3 - Pico de Requisicoes 3-52,true,708203,293,19,19,6241,0
1774966198060,6829,Login,200,Cenario 3 - Pico de Requisicoes 3-20,true,771,235,19,19,6829,0
1774966198743,6239,GET Articles,200,Cenario 3 - Pico de Requisicoes 3-51,true,708203,293,17,17,6238,0
1774966198810,6177,GET Articles,200,Cenario 3 - Pico de Requisicoes 3-10,true,708203,293,16,16,6176,0
1774966198381,6607,Login,200,Cenario 3 - Pico de Requisicoes 3-21,true,771,235,15,15,6607,0
1774966198917,6189,GET Articles,200,Cenario 3 - Pico de Requisicoes 3-53,true,708204,293,14,14,6188,0
1774966199008,6104,GET Articles,200,Cenario 3 - Pico de Requisicoes 3-54,true,708203,293,13,13,6103,0
1774966199082,6095,GET Articles,200,Cenario 3 - Pico de Requisicoes 3-11,true,708203,293,12,12,6094,0
1774966199273,5957,GET Articles,200,Cenario 3 - Pico de Requisicoes 3-56,true,708204,293,11,11,5956,0
1774966199277,6023,GET Articles,200,Cenario 3 - Pico de Requisicoes 3-55,true,708203,293,10,10,6022,0
1774966199003,6297,Login,200,Cenario 3 - Pico de Requisicoes 3-4,true,771,235,10,10,6297,0
1774966199374,5985,GET Articles,200,Cenario 3 - Pico de Requisicoes 3-57,true,708203,293,8,8,5985,0
1774966199596,5821,GET Articles,200,Cenario 3 - Pico de Requisicoes 3-58,true,708203,293,7,7,5820,0
1774966199334,6175,Login,200,Cenario 3 - Pico de Requisicoes 3-22,true,771,235,6,6,6175,0
1774966199658,5895,GET Articles,200,Cenario 3 - Pico de Requisicoes 3-59,true,708203,293,5,5,5894,0
1774966199659,5926,GET Articles,200,Cenario 3 - Pico de Requisicoes 3-60,true,708202,293,4,4,5925,0
1774966199374,6211,Login,200,Cenario 3 - Pico de Requisicoes 3-23,true,771,235,4,4,6211,0
1774966199657,6026,Login,200,Cenario 3 - Pico de Requisicoes 3-24,true,771,235,2,2,6026,0
1774966199722,6125,Login,200,Cenario 3 - Pico de Requisicoes 3-25,true,771,235,1,1,6125,0
