timeStamp,elapsed,label,responseCode,threadName,success,bytes,sentBytes,grpThreads,allThreads,Latency,Connect
1774965604594,71,GET Articles,200,Cenario 1 - Carga Basica 1-1,true,708074,157,1,1,66,15
1774965604668,42,GET Articles,200,Cenario 1 - Carga Basica 1-1,true,708074,157,1,1,40,0
1774965604711,46,GET Articles,200,Cenario 1 - Carga Basica 1-1,true,708074,157,1,1,44,0
1774965604757,34,GET Articles,200,Cenario 1 - Carga Basica 1-1,true,708074,157,1,1,33,0
1774965604792,30,GET Articles,200,Cenario 1 - Carga Basica 1-1,true,708074,157,1,1,28,0
1774965604822,30,GET Articles,200,Cenario 1 - Carga Basica 1-1,true,708074,157,1,1,29,0
1774965604853,30,GET Articles,200,Cenario 1 - Carga Basica 1-1,true,708074,157,1,1,28,0
1774965604883,32,GET Articles,200,Cenario 1 - Carga Basica 1-1,true,708074,157,1,1,30,0
1774965604915,30,GET Articles,200,Cenario 1 - Carga Basica 1-1,true,708074,157,1,1,28,0
1774965604945,29,GET Articles,200,Cenario 1 - Carga Basica 1-1,true,708074,157,1,1,27,0
1774965604974,29,GET Articles,200,Cenario 1 - Carga Basica 1-1,true,708074,157,1,1,28,0
1774965605004,32,GET Articles,200,Cenario 1 - Carga Basica 1-1,true,708074,157,2,2,30,0
1774965605011,56,GET Articles,200,Cenario 1 - Carga Basica 1-2,true,708074,157,2,2,54,1
1774965605037,56,GET Articles,200,Cenario 1 - Carga Basica 1-1,true,708074,157,2,2,55,0
1774965605068,68,GET Articles,200,Cenario 1 - Carga Basica 1-2,true,708074,157,2,2,65,0
1774965605094,75,GET Articles,200,Cenario 1 - Carga Basica 1-1,true,708075,157,2,2,74,0
1774965605136,58,GET Articles,200,Cenario 1 - Carga Basica 1-2,true,708075,157,2,2,56,0
1774965605170,77,GET Articles,200,Cenario 1 - Carga Basica 1-1,true,708074,157,2,2,76,0
1774965605195,86,GET Articles,200,Cenario 1 - Carga Basica 1-2,true,708074,157,2,2,84,0
1774965605248,58,GET Articles,200,Cenario 1 - Carga Basica 1-1,true,708074,157,2,2,56,0
1774965605281,65,GET Articles,200,Cenario 1 - Carga Basica 1-2,true,708074,157,2,2,63,0
1774965605306,70,GET Articles,200,Cenario 1 - Carga Basica 1-1,true,708075,157,2,2,69,0
1774965605346,67,GET Articles,200,Cenario 1 - Carga Basica 1-2,true,708074,157,2,2,65,0
1774965605377,67,GET Articles,200,Cenario 1 - Carga Basica 1-1,true,708075,157,2,2,65,0
1774965605414,57,GET Articles,200,Cenario 1 - Carga Basica 1-2,true,708074,157,2,2,55,0
1774965605444,62,GET Articles,200,Cenario 1 - Carga Basica 1-1,true,708074,157,2,2,61,0
1774965605471,76,GET Articles,200,Cenario 1 - Carga Basica 1-2,true,708074,157,3,3,74,0
1774965605507,74,GET Articles,200,Cenario 1 - Carga Basica 1-1,true,708074,157,3,3,73,0
1774965605510,101,GET Articles,200,Cenario 1 - Carga Basica 1-3,true,708075,157,3,3,98,1
1774965605547,93,GET Articles,200,Cenario 1 - Carga Basica 1-2,true,708075,157,3,3,91,0
1774965605582,89,GET Articles,200,Cenario 1 - Carga Basica 1-1,true,708074,157,3,3,88,0
1774965605612,87,GET Articles,200,Cenario 1 - Carga Basica 1-3,true,708075,157,3,3,85,0
1774965605640,93,GET Articles,200,Cenario 1 - Carga Basica 1-2,true,708074,157,3,3,91,0
1774965605672,107,GET Articles,200,Cenario 1 - Carga Basica 1-1,true,708074,157,3,3,105,0
1774965605700,112,GET Articles,200,Cenario 1 - Carga Basica 1-3,true,708075,157,3,3,110,0
1774965605733,116,GET Articles,200,Cenario 1 - Carga Basica 1-2,true,708074,157,3,3,114,0
1774965605780,96,GET Articles,200,Cenario 1 - Carga Basica 1-1,true,708074,157,3,3,94,0
1774965605812,95,GET Articles,200,Cenario 1 - Carga Basica 1-3,true,708075,157,3,3,93,0
1774965605849,100,GET Articles,200,Cenario 1 - Carga Basica 1-2,true,708074,157,3,3,98,0
1774965605876,106,GET Articles,200,Cenario 1 - Carga Basica 1-1,true,708075,157,3,3,104,0
1774965605908,124,GET Articles,200,Cenario 1 - Carga Basica 1-3,true,708075,157,4,4,122,0
1774965605950,115,GET Articles,200,Cenario 1 - Carga Basica 1-2,true,708074,157,4,4,113,0
1774965605983,109,GET Articles,200,Cenario 1 - Carga Basica 1-1,true,708075,157,4,4,107,0
1774965606009,120,GET Articles,200,Cenario 1 - Carga Basica 1-4,true,708075,157,4,4,118,1
1774965606032,126,GET Articles,200,Cenario 1 - Carga Basica 1-3,true,708075,157,4,4,125,0
1774965606066,145,GET Articles,200,Cenario 1 - Carga Basica 1-2,true,708076,157,4,4,144,0
1774965606092,162,GET Articles,200,Cenario 1 - Carga Basica 1-1,true,708074,157,4,4,160,0
1774965606130,152,GET Articles,200,Cenario 1 - Carga Basica 1-4,true,708075,157,4,4,150,0
1774965606159,150,GET Articles,200,Cenario 1 - Carga Basica 1-3,true,708075,157,4,4,148,0
1774965606212,151,GET Articles,200,Cenario 1 - Carga Basica 1-2,true,708074,157,4,4,149,0
1774965606255,134,GET Articles,200,Cenario 1 - Carga Basica 1-1,true,708075,157,4,4,132,0
1774965606282,134,GET Articles,200,Cenario 1 - Carga Basica 1-4,true,708075,157,4,4,132,0
1774965606309,142,GET Articles,200,Cenario 1 - Carga Basica 1-3,true,708074,157,4,4,140,0
1774965606363,117,GET Articles,200,Cenario 1 - Carga Basica 1-2,true,708075,157,4,4,115,0
1774965606389,120,GET Articles,200,Cenario 1 - Carga Basica 1-1,true,708075,157,5,5,118,0
1774965606417,133,GET Articles,200,Cenario 1 - Carga Basica 1-4,true,708074,157,5,5,131,0
1774965606451,133,GET Articles,200,Cenario 1 - Carga Basica 1-3,true,708075,157,5,5,132,0
1774965606480,145,GET Articles,200,Cenario 1 - Carga Basica 1-2,true,708076,157,5,5,144,0
1774965606509,151,GET Articles,200,Cenario 1 - Carga Basica 1-5,true,708074,157,5,5,150,0
1774965606510,172,GET Articles,200,Cenario 1 - Carga Basica 1-1,true,708075,157,5,5,171,0
1774965606550,169,GET Articles,200,Cenario 1 - Carga Basica 1-4,true,708075,157,5,5,167,0
1774965606585,162,GET Articles,200,Cenario 1 - Carga Basica 1-3,true,708074,157,5,5,161,0
1774965606625,151,GET Articles,200,Cenario 1 - Carga Basica 1-2,true,708075,157,5,5,150,0
1774965606661,151,GET Articles,200,Cenario 1 - Carga Basica 1-5,true,708075,157,5,5,150,0
1774965606683,176,GET Articles,200,Cenario 1 - Carga Basica 1-1,true,708074,157,5,5,174,0
1774965606719,170,GET Articles,200,Cenario 1 - Carga Basica 1-4,true,708075,157,5,5,168,0
1774965606748,170,GET Articles,200,Cenario 1 - Carga Basica 1-3,true,708075,157,5,5,169,0
1774965606777,172,GET Articles,200,Cenario 1 - Carga Basica 1-2,true,708074,157,5,5,170,0
1774965606813,160,GET Articles,200,Cenario 1 - Carga Basica 1-5,true,708075,157,5,5,159,0
1774965606859,144,GET Articles,200,Cenario 1 - Carga Basica 1-1,true,708075,157,5,5,143,0
1774965606890,148,GET Articles,200,Cenario 1 - Carga Basica 1-4,true,708074,157,6,6,147,0
1774965606919,150,GET Articles,200,Cenario 1 - Carga Basica 1-3,true,708074,157,6,6,148,0
1774965606949,146,GET Articles,200,Cenario 1 - Carga Basica 1-2,true,708074,157,6,6,145,0
1774965606974,148,GET Articles,200,Cenario 1 - Carga Basica 1-5,true,708074,157,6,6,147,0
1774965607004,145,GET Articles,200,Cenario 1 - Carga Basica 1-1,true,708075,157,6,6,143,0
1774965607007,180,GET Articles,200,Cenario 1 - Carga Basica 1-6,true,708075,157,6,6,179,1
1774965607039,182,GET Articles,200,Cenario 1 - Carga Basica 1-4,true,708074,157,6,6,180,0
1774965607069,178,GET Articles,200,Cenario 1 - Carga Basica 1-3,true,708075,157,6,6,177,0
1774965607096,191,GET Articles,200,Cenario 1 - Carga Basica 1-2,true,708075,157,6,6,189,0
1774965607123,196,GET Articles,200,Cenario 1 - Carga Basica 1-5,true,708074,157,6,6,194,0
1774965607150,199,GET Articles,200,Cenario 1 - Carga Basica 1-1,true,708075,157,6,6,198,0
1774965607188,216,GET Articles,200,Cenario 1 - Carga Basica 1-6,true,708074,157,6,6,215,0
1774965607248,191,GET Articles,200,Cenario 1 - Carga Basica 1-3,true,708074,157,6,6,189,0
1774965607221,246,GET Articles,200,Cenario 1 - Carga Basica 1-4,true,708075,157,6,6,244,0
1774965607287,210,GET Articles,200,Cenario 1 - Carga Basica 1-2,true,708074,157,6,6,208,0
1774965607320,206,GET Articles,200,Cenario 1 - Carga Basica 1-5,true,708074,157,7,7,204,0
1774965607350,212,GET Articles,200,Cenario 1 - Carga Basica 1-1,true,708075,157,7,7,209,0
1774965607404,185,GET Articles,200,Cenario 1 - Carga Basica 1-6,true,708074,157,7,7,185,0
1774965607439,181,GET Articles,200,Cenario 1 - Carga Basica 1-3,true,708074,157,7,7,180,0
1774965607467,182,GET Articles,200,Cenario 1 - Carga Basica 1-4,true,708075,157,7,7,181,0
1774965607497,184,GET Articles,200,Cenario 1 - Carga Basica 1-2,true,708074,157,7,7,183,0
1774965607509,198,GET Articles,200,Cenario 1 - Carga Basica 1-7,true,708074,157,7,7,198,0
1774965607526,217,GET Articles,200,Cenario 1 - Carga Basica 1-5,true,708075,157,7,7,216,0
1774965607563,214,GET Articles,200,Cenario 1 - Carga Basica 1-1,true,708074,157,7,7,213,0
1774965607590,220,GET Articles,200,Cenario 1 - Carga Basica 1-6,true,708075,157,7,7,219,0
1774965607620,209,GET Articles,200,Cenario 1 - Carga Basica 1-3,true,708075,157,7,7,209,0
1774965607649,214,GET Articles,200,Cenario 1 - Carga Basica 1-4,true,708074,157,7,7,213,0
1774965607681,210,GET Articles,200,Cenario 1 - Carga Basica 1-2,true,708075,157,7,7,210,0
1774965607708,205,GET Articles,200,Cenario 1 - Carga Basica 1-7,true,708075,157,7,7,204,0
1774965607744,204,GET Articles,200,Cenario 1 - Carga Basica 1-5,true,708074,157,7,7,203,0
1774965607810,163,GET Articles,200,Cenario 1 - Carga Basica 1-6,true,708075,157,7,7,162,0
1774965607778,218,GET Articles,200,Cenario 1 - Carga Basica 1-1,true,708075,157,7,7,217,0
1774965607830,207,GET Articles,200,Cenario 1 - Carga Basica 1-3,true,708074,157,8,8,206,0
1774965607863,216,GET Articles,200,Cenario 1 - Carga Basica 1-4,true,708075,157,8,8,216,0
1774965607892,192,GET Articles,200,Cenario 1 - Carga Basica 1-2,true,708075,157,8,8,191,0
1774965607913,223,GET Articles,200,Cenario 1 - Carga Basica 1-7,true,708074,157,8,8,222,0
1774965607948,214,GET Articles,200,Cenario 1 - Carga Basica 1-5,true,708075,157,8,8,213,0
1774965607973,217,GET Articles,200,Cenario 1 - Carga Basica 1-6,true,708075,157,8,8,216,0
1774965607996,229,GET Articles,200,Cenario 1 - Carga Basica 1-1,true,708074,157,8,8,228,0
1774965608009,244,GET Articles,200,Cenario 1 - Carga Basica 1-8,true,708075,157,8,8,243,1
1774965608037,246,GET Articles,200,Cenario 1 - Carga Basica 1-3,true,708075,157,8,8,245,0
1774965608080,237,GET Articles,200,Cenario 1 - Carga Basica 1-4,true,708074,157,8,8,236,0
1774965608084,258,GET Articles,200,Cenario 1 - Carga Basica 1-2,true,708075,157,8,8,257,0
1774965608136,234,GET Articles,200,Cenario 1 - Carga Basica 1-7,true,708075,157,8,8,234,0
1774965608162,245,GET Articles,200,Cenario 1 - Carga Basica 1-5,true,708074,157,8,8,245,0
1774965608190,249,GET Articles,200,Cenario 1 - Carga Basica 1-6,true,708075,157,8,8,249,0
1774965608225,250,GET Articles,200,Cenario 1 - Carga Basica 1-1,true,708075,157,8,8,249,0
1774965608253,257,GET Articles,200,Cenario 1 - Carga Basica 1-8,true,708074,157,9,9,256,0
1774965608283,254,GET Articles,200,Cenario 1 - Carga Basica 1-3,true,708075,157,9,9,253,0
1774965608317,251,GET Articles,200,Cenario 1 - Carga Basica 1-4,true,708075,157,9,9,250,0
1774965608343,264,GET Articles,200,Cenario 1 - Carga Basica 1-2,true,708074,157,9,9,263,0
1774965608371,265,GET Articles,200,Cenario 1 - Carga Basica 1-7,true,708075,157,9,9,265,0
1774965608408,250,GET Articles,200,Cenario 1 - Carga Basica 1-5,true,708075,157,9,9,249,0
1774965608440,259,GET Articles,200,Cenario 1 - Carga Basica 1-6,true,708074,157,9,9,258,0
1774965608475,254,GET Articles,200,Cenario 1 - Carga Basica 1-1,true,708075,157,9,9,254,0
1774965608508,262,GET Articles,200,Cenario 1 - Carga Basica 1-9,true,708075,157,9,9,262,1
1774965608511,311,GET Articles,200,Cenario 1 - Carga Basica 1-8,true,708074,157,9,9,310,0
1774965608537,312,GET Articles,200,Cenario 1 - Carga Basica 1-3,true,708075,157,9,9,311,0
1774965608568,316,GET Articles,200,Cenario 1 - Carga Basica 1-4,true,708075,157,9,9,315,0
1774965608608,309,GET Articles,200,Cenario 1 - Carga Basica 1-2,true,708074,157,9,9,308,0
1774965608637,305,GET Articles,200,Cenario 1 - Carga Basica 1-7,true,708075,157,9,9,304,0
1774965608658,320,GET Articles,200,Cenario 1 - Carga Basica 1-5,true,708075,157,9,9,320,0
1774965608699,311,GET Articles,200,Cenario 1 - Carga Basica 1-6,true,708074,157,10,10,310,0
1774965608730,318,GET Articles,200,Cenario 1 - Carga Basica 1-1,true,708075,157,10,10,317,0
1774965608771,309,GET Articles,200,Cenario 1 - Carga Basica 1-9,true,708075,157,10,10,309,0
1774965608822,304,GET Articles,200,Cenario 1 - Carga Basica 1-8,true,708074,157,10,10,304,0
1774965608850,300,GET Articles,200,Cenario 1 - Carga Basica 1-3,true,708075,157,10,10,299,0
1774965608884,289,GET Articles,200,Cenario 1 - Carga Basica 1-4,true,708075,157,10,10,288,0
1774965608917,289,GET Articles,200,Cenario 1 - Carga Basica 1-2,true,708074,157,10,10,288,0
1774965608942,287,GET Articles,200,Cenario 1 - Carga Basica 1-7,true,708075,157,10,10,286,0
1774965608979,275,GET Articles,200,Cenario 1 - Carga Basica 1-5,true,708075,157,10,10,274,0
1774965609010,283,GET Articles,200,Cenario 1 - Carga Basica 1-10,true,708074,157,10,10,283,0
1774965609011,320,GET Articles,200,Cenario 1 - Carga Basica 1-6,true,708075,157,10,10,320,0
1774965609049,318,GET Articles,200,Cenario 1 - Carga Basica 1-1,true,708075,157,10,10,318,0
1774965609081,325,GET Articles,200,Cenario 1 - Carga Basica 1-9,true,708074,157,10,10,325,0
1774965609127,315,GET Articles,200,Cenario 1 - Carga Basica 1-8,true,708075,157,10,10,314,0
1774965609150,318,GET Articles,200,Cenario 1 - Carga Basica 1-3,true,708075,157,10,10,317,0
1774965609173,347,GET Articles,200,Cenario 1 - Carga Basica 1-4,true,708074,157,10,10,346,0
1774965609206,342,GET Articles,200,Cenario 1 - Carga Basica 1-2,true,708075,157,10,10,341,0
1774965609230,342,GET Articles,200,Cenario 1 - Carga Basica 1-7,true,708075,157,10,10,341,0
1774965609254,354,GET Articles,200,Cenario 1 - Carga Basica 1-5,true,708074,157,10,10,353,0
1774965609294,337,GET Articles,200,Cenario 1 - Carga Basica 1-10,true,708075,157,10,10,336,0
1774965609332,322,GET Articles,200,Cenario 1 - Carga Basica 1-6,true,708075,157,10,10,321,0
1774965609368,321,GET Articles,200,Cenario 1 - Carga Basica 1-1,true,708074,157,10,10,320,0
1774965609407,315,GET Articles,200,Cenario 1 - Carga Basica 1-9,true,708075,157,10,10,314,0
1774965609442,309,GET Articles,200,Cenario 1 - Carga Basica 1-8,true,708075,157,10,10,308,0
1774965609468,319,GET Articles,200,Cenario 1 - Carga Basica 1-3,true,708074,157,10,10,318,0
1774965609520,290,GET Articles,200,Cenario 1 - Carga Basica 1-4,true,708075,157,10,10,289,0
1774965609549,292,GET Articles,200,Cenario 1 - Carga Basica 1-2,true,708075,157,10,10,292,0
1774965609572,303,GET Articles,200,Cenario 1 - Carga Basica 1-7,true,708074,157,10,10,303,0
1774965609608,304,GET Articles,200,Cenario 1 - Carga Basica 1-5,true,708075,157,10,10,303,0
1774965609631,311,GET Articles,200,Cenario 1 - Carga Basica 1-10,true,708075,157,10,10,310,0
1774965609654,318,GET Articles,200,Cenario 1 - Carga Basica 1-6,true,708074,157,10,10,318,0
1774965609689,311,GET Articles,200,Cenario 1 - Carga Basica 1-1,true,708075,157,10,10,310,0
1774965609722,315,GET Articles,200,Cenario 1 - Carga Basica 1-9,true,708075,157,10,10,314,0
1774965609752,328,GET Articles,200,Cenario 1 - Carga Basica 1-8,true,708074,157,10,10,327,0
1774965609787,318,GET Articles,200,Cenario 1 - Carga Basica 1-3,true,708075,157,10,10,317,0
1774965609810,320,GET Articles,200,Cenario 1 - Carga Basica 1-4,true,708075,157,10,10,318,0
1774965609842,321,GET Articles,200,Cenario 1 - Carga Basica 1-2,true,708074,157,10,10,319,0
1774965609876,316,GET Articles,200,Cenario 1 - Carga Basica 1-7,true,708075,157,10,10,316,0
1774965609912,310,GET Articles,200,Cenario 1 - Carga Basica 1-5,true,708075,157,10,10,309,0
1774965609942,315,GET Articles,200,Cenario 1 - Carga Basica 1-10,true,708074,157,10,10,314,0
1774965609973,323,GET Articles,200,Cenario 1 - Carga Basica 1-6,true,708075,157,10,10,321,0
1774965610000,324,GET Articles,200,Cenario 1 - Carga Basica 1-1,true,708075,157,10,10,322,0
1774965610038,324,GET Articles,200,Cenario 1 - Carga Basica 1-9,true,708074,157,10,10,323,0
1774965610080,333,GET Articles,200,Cenario 1 - Carga Basica 1-8,true,708075,157,10,10,332,0
1774965610105,356,GET Articles,200,Cenario 1 - Carga Basica 1-3,true,708076,157,10,10,355,0
1774965610130,381,GET Articles,200,Cenario 1 - Carga Basica 1-4,true,708074,157,10,10,380,0
1774965610163,393,GET Articles,200,Cenario 1 - Carga Basica 1-2,true,708075,157,10,10,392,0
1774965610193,390,GET Articles,200,Cenario 1 - Carga Basica 1-7,true,708076,157,10,10,388,0
1774965610223,393,GET Articles,200,Cenario 1 - Carga Basica 1-5,true,708074,157,10,10,392,0
1774965610258,382,GET Articles,200,Cenario 1 - Carga Basica 1-10,true,708075,157,10,10,380,0
1774965610296,378,GET Articles,200,Cenario 1 - Carga Basica 1-6,true,708075,157,10,10,376,0
1774965610324,379,GET Articles,200,Cenario 1 - Carga Basica 1-1,true,708074,157,10,10,378,0
1774965610363,365,GET Articles,200,Cenario 1 - Carga Basica 1-9,true,708075,157,10,10,364,0
1774965610414,343,GET Articles,200,Cenario 1 - Carga Basica 1-8,true,708075,157,10,10,341,0
1774965610462,325,GET Articles,200,Cenario 1 - Carga Basica 1-3,true,708074,157,10,10,323,0
1774965610511,305,GET Articles,200,Cenario 1 - Carga Basica 1-4,true,708075,157,10,10,304,0
1774965610557,288,GET Articles,200,Cenario 1 - Carga Basica 1-2,true,708075,157,10,10,287,0
1774965610583,311,GET Articles,200,Cenario 1 - Carga Basica 1-7,true,708074,157,10,10,310,0
1774965610617,312,GET Articles,200,Cenario 1 - Carga Basica 1-5,true,708075,157,10,10,311,0
1774965610640,311,GET Articles,200,Cenario 1 - Carga Basica 1-10,true,708075,157,10,10,310,0
1774965610674,308,GET Articles,200,Cenario 1 - Carga Basica 1-6,true,708074,157,10,10,308,0
1774965610704,307,GET Articles,200,Cenario 1 - Carga Basica 1-1,true,708075,157,10,10,307,0
1774965610729,306,GET Articles,200,Cenario 1 - Carga Basica 1-9,true,708075,157,10,10,305,0
1774965610757,309,GET Articles,200,Cenario 1 - Carga Basica 1-8,true,708074,157,10,10,308,0
1774965610817,276,GET Articles,200,Cenario 1 - Carga Basica 1-4,true,708075,157,10,10,275,0
1774965610788,335,GET Articles,200,Cenario 1 - Carga Basica 1-3,true,708075,157,10,10,334,0
1774965610845,313,GET Articles,200,Cenario 1 - Carga Basica 1-2,true,708074,157,10,10,312,0
1774965610894,296,GET Articles,200,Cenario 1 - Carga Basica 1-7,true,708075,157,10,10,296,0
1774965610929,283,GET Articles,200,Cenario 1 - Carga Basica 1-5,true,708075,157,10,10,282,0
1774965610951,309,GET Articles,200,Cenario 1 - Carga Basica 1-10,true,708074,157,10,10,308,0
1774965610983,307,GET Articles,200,Cenario 1 - Carga Basica 1-6,true,708075,157,10,10,307,0
1774965611012,302,GET Articles,200,Cenario 1 - Carga Basica 1-1,true,708075,157,10,10,301,0
1774965611035,312,GET Articles,200,Cenario 1 - Carga Basica 1-9,true,708074,157,10,10,311,0
1774965611067,305,GET Articles,200,Cenario 1 - Carga Basica 1-8,true,708075,157,10,10,304,0
1774965611093,304,GET Articles,200,Cenario 1 - Carga Basica 1-4,true,708075,157,10,10,303,0
1774965611123,315,GET Articles,200,Cenario 1 - Carga Basica 1-3,true,708074,157,10,10,315,0
1774965611158,313,GET Articles,200,Cenario 1 - Carga Basica 1-2,true,708075,157,10,10,312,0
1774965611191,304,GET Articles,200,Cenario 1 - Carga Basica 1-7,true,708075,157,10,10,303,0
1774965611212,323,GET Articles,200,Cenario 1 - Carga Basica 1-5,true,708074,157,10,10,322,0
1774965611260,307,GET Articles,200,Cenario 1 - Carga Basica 1-10,true,708075,157,10,10,307,0
1774965611291,298,GET Articles,200,Cenario 1 - Carga Basica 1-6,true,708075,157,10,10,297,0
1774965611314,309,GET Articles,200,Cenario 1 - Carga Basica 1-1,true,708074,157,10,10,308,0
1774965611347,307,GET Articles,200,Cenario 1 - Carga Basica 1-9,true,708075,157,10,10,306,0
1774965611373,306,GET Articles,200,Cenario 1 - Carga Basica 1-8,true,708075,157,10,10,306,0
1774965611397,320,GET Articles,200,Cenario 1 - Carga Basica 1-4,true,708074,157,10,10,319,0
1774965611439,309,GET Articles,200,Cenario 1 - Carga Basica 1-3,true,708075,157,10,10,308,0
1774965611471,301,GET Articles,200,Cenario 1 - Carga Basica 1-2,true,708075,157,10,10,301,0
1774965611495,309,GET Articles,200,Cenario 1 - Carga Basica 1-7,true,708074,157,10,10,308,0
1774965611535,296,GET Articles,200,Cenario 1 - Carga Basica 1-5,true,708075,157,10,10,295,0
1774965611568,285,GET Articles,200,Cenario 1 - Carga Basica 1-10,true,708075,157,10,10,284,0
1774965611590,296,GET Articles,200,Cenario 1 - Carga Basica 1-6,true,708074,157,10,10,295,0
1774965611623,301,GET Articles,200,Cenario 1 - Carga Basica 1-1,true,708075,157,10,10,300,0
1774965611654,305,GET Articles,200,Cenario 1 - Carga Basica 1-9,true,708075,157,10,10,304,0
1774965611680,317,GET Articles,200,Cenario 1 - Carga Basica 1-8,true,708074,157,10,10,317,0
1774965611717,319,GET Articles,200,Cenario 1 - Carga Basica 1-4,true,708075,157,10,10,318,0
1774965611748,311,GET Articles,200,Cenario 1 - Carga Basica 1-3,true,708075,157,10,10,310,0
1774965611773,317,GET Articles,200,Cenario 1 - Carga Basica 1-2,true,708074,157,10,10,316,0
1774965611804,315,GET Articles,200,Cenario 1 - Carga Basica 1-7,true,708075,157,10,10,314,0
1774965611831,310,GET Articles,200,Cenario 1 - Carga Basica 1-5,true,708075,157,10,10,309,0
1774965611853,328,GET Articles,200,Cenario 1 - Carga Basica 1-10,true,708074,157,10,10,327,0
1774965611886,335,GET Articles,200,Cenario 1 - Carga Basica 1-6,true,708075,157,10,10,334,0
1774965611924,328,GET Articles,200,Cenario 1 - Carga Basica 1-1,true,708075,157,10,10,327,0
1774965611960,339,GET Articles,200,Cenario 1 - Carga Basica 1-9,true,708074,157,10,10,338,0
1774965611998,337,GET Articles,200,Cenario 1 - Carga Basica 1-8,true,708075,157,10,10,336,0
1774965612036,328,GET Articles,200,Cenario 1 - Carga Basica 1-4,true,708075,157,10,10,328,0
1774965612059,352,GET Articles,200,Cenario 1 - Carga Basica 1-3,true,708074,157,10,10,352,0
1774965612090,350,GET Articles,200,Cenario 1 - Carga Basica 1-2,true,708075,157,10,10,350,0
1774965612119,350,GET Articles,200,Cenario 1 - Carga Basica 1-7,true,708075,157,10,10,349,0
1774965612141,364,GET Articles,200,Cenario 1 - Carga Basica 1-5,true,708074,157,10,10,363,0
1774965612181,344,GET Articles,200,Cenario 1 - Carga Basica 1-10,true,708075,157,10,10,344,0
1774965612221,333,GET Articles,200,Cenario 1 - Carga Basica 1-6,true,708075,157,10,10,332,0
1774965612252,371,GET Articles,200,Cenario 1 - Carga Basica 1-1,true,708074,157,10,10,371,0
1774965612299,328,GET Articles,200,Cenario 1 - Carga Basica 1-9,true,708074,157,10,10,328,0
1774965612335,327,GET Articles,200,Cenario 1 - Carga Basica 1-8,true,708075,157,10,10,327,0
1774965612412,286,GET Articles,200,Cenario 1 - Carga Basica 1-3,true,708074,157,10,10,285,0
1774965612365,355,GET Articles,200,Cenario 1 - Carga Basica 1-4,true,708075,157,10,10,355,0
1774965612441,301,GET Articles,200,Cenario 1 - Carga Basica 1-2,true,708075,157,10,10,300,0
1774965612469,303,GET Articles,200,Cenario 1 - Carga Basica 1-7,true,708074,157,10,10,302,0
1774965612505,296,GET Articles,200,Cenario 1 - Carga Basica 1-5,true,708075,157,10,10,295,0
1774965612526,300,GET Articles,200,Cenario 1 - Carga Basica 1-10,true,708075,157,10,10,299,0
1774965612554,310,GET Articles,200,Cenario 1 - Carga Basica 1-6,true,708074,157,10,10,310,0
1774965612624,268,GET Articles,200,Cenario 1 - Carga Basica 1-1,true,708075,157,10,10,267,0
1774965612628,286,GET Articles,200,Cenario 1 - Carga Basica 1-9,true,708075,157,10,10,285,0
1774965612663,286,GET Articles,200,Cenario 1 - Carga Basica 1-8,true,708074,157,10,10,285,0
1774965612699,279,GET Articles,200,Cenario 1 - Carga Basica 1-3,true,708075,157,10,10,278,0
1774965612721,281,GET Articles,200,Cenario 1 - Carga Basica 1-4,true,708075,157,10,10,281,0
1774965612742,295,GET Articles,200,Cenario 1 - Carga Basica 1-2,true,708074,157,10,10,295,0
1774965612773,292,GET Articles,200,Cenario 1 - Carga Basica 1-7,true,708075,157,10,10,291,0
1774965612801,290,GET Articles,200,Cenario 1 - Carga Basica 1-5,true,708075,157,10,10,289,0
1774965612826,306,GET Articles,200,Cenario 1 - Carga Basica 1-10,true,708074,157,10,10,305,0
1774965612865,291,GET Articles,200,Cenario 1 - Carga Basica 1-6,true,708075,157,10,10,291,0
1774965612892,291,GET Articles,200,Cenario 1 - Carga Basica 1-1,true,708075,157,10,10,290,0
1774965612914,305,GET Articles,200,Cenario 1 - Carga Basica 1-9,true,708074,157,10,10,305,0
1774965612949,298,GET Articles,200,Cenario 1 - Carga Basica 1-8,true,708075,157,10,10,298,0
1774965612978,299,GET Articles,200,Cenario 1 - Carga Basica 1-3,true,708075,157,10,10,298,0
1774965613003,309,GET Articles,200,Cenario 1 - Carga Basica 1-4,true,708074,157,10,10,308,0
1774965613038,304,GET Articles,200,Cenario 1 - Carga Basica 1-2,true,708075,157,10,10,303,0
1774965613065,301,GET Articles,200,Cenario 1 - Carga Basica 1-7,true,708075,157,10,10,300,0
1774965613091,329,GET Articles,200,Cenario 1 - Carga Basica 1-5,true,708074,157,10,10,328,0
1774965613132,320,GET Articles,200,Cenario 1 - Carga Basica 1-10,true,708075,157,10,10,319,0
1774965613157,323,GET Articles,200,Cenario 1 - Carga Basica 1-6,true,708075,157,10,10,322,0
1774965613183,335,GET Articles,200,Cenario 1 - Carga Basica 1-1,true,708074,157,10,10,334,0
1774965613220,321,GET Articles,200,Cenario 1 - Carga Basica 1-9,true,708075,157,10,10,320,0
1774965613247,317,GET Articles,200,Cenario 1 - Carga Basica 1-8,true,708075,157,10,10,316,0
1774965613277,322,GET Articles,200,Cenario 1 - Carga Basica 1-3,true,708074,157,10,10,321,0
1774965613313,310,GET Articles,200,Cenario 1 - Carga Basica 1-4,true,708075,157,10,10,308,0
1774965613342,304,GET Articles,200,Cenario 1 - Carga Basica 1-2,true,708075,157,10,10,303,0
1774965613367,313,GET Articles,200,Cenario 1 - Carga Basica 1-7,true,708074,157,10,10,313,0
1774965613420,289,GET Articles,200,Cenario 1 - Carga Basica 1-5,true,708075,157,10,10,288,0
1774965613452,280,GET Articles,200,Cenario 1 - Carga Basica 1-10,true,708075,157,10,10,279,0
1774965613480,311,GET Articles,200,Cenario 1 - Carga Basica 1-6,true,708074,157,10,10,310,0
1774965613518,279,GET Articles,200,Cenario 1 - Carga Basica 1-1,true,708074,157,10,10,278,0
1774965613541,279,GET Articles,200,Cenario 1 - Carga Basica 1-9,true,708075,157,10,10,277,0
1774965613564,300,GET Articles,200,Cenario 1 - Carga Basica 1-8,true,708074,157,10,10,299,0
1774965613599,289,GET Articles,200,Cenario 1 - Carga Basica 1-3,true,708075,157,10,10,287,0
1774965613623,288,GET Articles,200,Cenario 1 - Carga Basica 1-4,true,708075,157,10,10,286,0
1774965613647,321,GET Articles,200,Cenario 1 - Carga Basica 1-2,true,708074,157,10,10,319,0
1774965613681,292,GET Articles,200,Cenario 1 - Carga Basica 1-7,true,708074,157,10,10,290,0
1774965613710,284,GET Articles,200,Cenario 1 - Carga Basica 1-5,true,708075,157,10,10,282,0
1774965613733,307,GET Articles,200,Cenario 1 - Carga Basica 1-10,true,708074,157,10,10,305,0
1774965613797,288,GET Articles,200,Cenario 1 - Carga Basica 1-1,true,708074,157,10,10,287,0
1774965613791,302,GET Articles,200,Cenario 1 - Carga Basica 1-6,true,708075,157,10,10,299,0
1774965613820,316,GET Articles,200,Cenario 1 - Carga Basica 1-9,true,708074,157,10,10,315,0
1774965613865,305,GET Articles,200,Cenario 1 - Carga Basica 1-8,true,708075,157,10,10,304,0
1774965613888,310,GET Articles,200,Cenario 1 - Carga Basica 1-3,true,708075,157,10,10,309,0
1774965613911,344,GET Articles,200,Cenario 1 - Carga Basica 1-4,true,708074,157,10,10,343,0
1774965613968,310,GET Articles,200,Cenario 1 - Carga Basica 1-2,true,708075,157,10,10,309,0
1774965613973,338,GET Articles,200,Cenario 1 - Carga Basica 1-7,true,708075,157,10,10,337,0
1774965613994,351,GET Articles,200,Cenario 1 - Carga Basica 1-5,true,708074,157,10,10,350,0
1774965614040,329,GET Articles,200,Cenario 1 - Carga Basica 1-10,true,708075,157,10,10,328,0
1774965614086,317,GET Articles,200,Cenario 1 - Carga Basica 1-1,true,708075,157,10,10,316,0
1774965614094,350,GET Articles,200,Cenario 1 - Carga Basica 1-6,true,708074,157,10,10,349,0
1774965614136,340,GET Articles,200,Cenario 1 - Carga Basica 1-9,true,708075,157,10,10,339,0
1774965614171,352,GET Articles,200,Cenario 1 - Carga Basica 1-8,true,708076,157,10,10,351,0
1774965614199,372,GET Articles,200,Cenario 1 - Carga Basica 1-3,true,708074,157,10,10,371,0
1774965614256,339,GET Articles,200,Cenario 1 - Carga Basica 1-4,true,708075,157,10,10,338,0
1774965614278,348,GET Articles,200,Cenario 1 - Carga Basica 1-2,true,708075,157,10,10,347,0
1774965614312,351,GET Articles,200,Cenario 1 - Carga Basica 1-7,true,708074,157,10,10,350,0
1774965614345,341,GET Articles,200,Cenario 1 - Carga Basica 1-5,true,708075,157,10,10,340,0
1774965614370,341,GET Articles,200,Cenario 1 - Carga Basica 1-10,true,708075,157,10,10,340,0
1774965614404,345,GET Articles,200,Cenario 1 - Carga Basica 1-1,true,708074,157,10,10,344,0
1774965614444,327,GET Articles,200,Cenario 1 - Carga Basica 1-6,true,708075,157,10,10,325,0
1774965614476,323,GET Articles,200,Cenario 1 - Carga Basica 1-9,true,708075,157,10,10,323,0
1774965614524,317,GET Articles,200,Cenario 1 - Carga Basica 1-8,true,708074,157,10,10,316,0
1774965614572,294,GET Articles,200,Cenario 1 - Carga Basica 1-3,true,708075,157,10,10,292,0
1774965614596,296,GET Articles,200,Cenario 1 - Carga Basica 1-4,true,708075,157,10,10,295,0
1774965614627,301,GET Articles,200,Cenario 1 - Carga Basica 1-2,true,708074,157,10,10,299,0
1774965614663,285,GET Articles,200,Cenario 1 - Carga Basica 1-7,true,708075,157,10,10,283,0
1774965614686,294,GET Articles,200,Cenario 1 - Carga Basica 1-5,true,708075,157,10,10,292,0
1774965614711,304,GET Articles,200,Cenario 1 - Carga Basica 1-10,true,708074,157,10,10,303,0
1774965614749,289,GET Articles,200,Cenario 1 - Carga Basica 1-1,true,708074,157,10,10,288,0
1774965614771,293,GET Articles,200,Cenario 1 - Carga Basica 1-6,true,708075,157,10,10,292,0
1774965614800,304,GET Articles,200,Cenario 1 - Carga Basica 1-9,true,708074,157,10,10,303,0
1774965614841,288,GET Articles,200,Cenario 1 - Carga Basica 1-8,true,708075,157,10,10,287,0
1774965614866,290,GET Articles,200,Cenario 1 - Carga Basica 1-3,true,708075,157,10,10,289,0
1774965614892,317,GET Articles,200,Cenario 1 - Carga Basica 1-4,true,708074,157,10,10,315,0
1774965614928,285,GET Articles,200,Cenario 1 - Carga Basica 1-2,true,708074,157,10,10,284,0
1774965614948,300,GET Articles,200,Cenario 1 - Carga Basica 1-7,true,708075,157,10,10,298,0
1774965615015,272,GET Articles,200,Cenario 1 - Carga Basica 1-10,true,708074,157,10,10,271,0
1774965614980,329,GET Articles,200,Cenario 1 - Carga Basica 1-5,true,708074,157,10,10,327,0
1774965615039,301,GET Articles,200,Cenario 1 - Carga Basica 1-1,true,708075,157,10,10,300,0
1774965615065,314,GET Articles,200,Cenario 1 - Carga Basica 1-6,true,708074,157,10,10,313,0
1774965615104,298,GET Articles,200,Cenario 1 - Carga Basica 1-9,true,708074,157,10,10,297,0
1774965615129,307,GET Articles,200,Cenario 1 - Carga Basica 1-8,true,708075,157,10,10,306,0
1774965615156,328,GET Articles,200,Cenario 1 - Carga Basica 1-3,true,708074,157,10,10,327,0
1774965615209,303,GET Articles,200,Cenario 1 - Carga Basica 1-4,true,708074,157,10,10,302,0
1774965615214,320,GET Articles,200,Cenario 1 - Carga Basica 1-2,true,708075,157,10,10,318,0
1774965615248,357,GET Articles,200,Cenario 1 - Carga Basica 1-7,true,708074,157,10,10,356,0
1774965615288,322,GET Articles,200,Cenario 1 - Carga Basica 1-10,true,708074,157,10,10,321,0
1774965615309,336,GET Articles,200,Cenario 1 - Carga Basica 1-5,true,708075,157,10,10,335,0
1774965615380,301,GET Articles,200,Cenario 1 - Carga Basica 1-6,true,708074,157,10,10,300,0
1774965615340,398,GET Articles,200,Cenario 1 - Carga Basica 1-1,true,708074,157,10,10,397,0
1774965615402,340,GET Articles,200,Cenario 1 - Carga Basica 1-9,true,708074,157,10,10,339,0
1774965615437,340,GET Articles,200,Cenario 1 - Carga Basica 1-8,true,708074,157,10,10,339,0
1774965615484,326,GET Articles,200,Cenario 1 - Carga Basica 1-3,true,708075,157,10,10,325,0
1774965615512,340,GET Articles,200,Cenario 1 - Carga Basica 1-4,true,708075,157,10,10,339,0
1774965615534,368,GET Articles,200,Cenario 1 - Carga Basica 1-2,true,708074,157,10,10,367,0
1774965615605,301,GET Articles,200,Cenario 1 - Carga Basica 1-7,true,708074,157,10,10,300,0
1774965615610,334,GET Articles,200,Cenario 1 - Carga Basica 1-10,true,708075,157,10,10,333,0
1774965615646,352,GET Articles,200,Cenario 1 - Carga Basica 1-5,true,708074,157,10,10,351,0
1774965615682,323,GET Articles,200,Cenario 1 - Carga Basica 1-6,true,708074,157,10,10,321,0
1774965615738,313,GET Articles,200,Cenario 1 - Carga Basica 1-1,true,708075,157,10,10,311,0
1774965615743,344,GET Articles,200,Cenario 1 - Carga Basica 1-9,true,708074,157,10,10,343,0
1774965615777,338,GET Articles,200,Cenario 1 - Carga Basica 1-8,true,708075,157,10,10,336,0
1774965615810,332,GET Articles,200,Cenario 1 - Carga Basica 1-3,true,708075,157,10,10,331,0
1774965615852,330,GET Articles,200,Cenario 1 - Carga Basica 1-4,true,708074,157,10,10,329,0
1774965615902,301,GET Articles,200,Cenario 1 - Carga Basica 1-2,true,708075,157,10,10,300,0
1774965615907,327,GET Articles,200,Cenario 1 - Carga Basica 1-7,true,708075,157,10,10,326,0
1774965615944,333,GET Articles,200,Cenario 1 - Carga Basica 1-10,true,708074,157,10,10,332,0
1774965615999,319,GET Articles,200,Cenario 1 - Carga Basica 1-5,true,708074,157,10,10,318,0
1774965616005,343,GET Articles,200,Cenario 1 - Carga Basica 1-6,true,708075,157,10,10,342,0
1774965616051,332,GET Articles,200,Cenario 1 - Carga Basica 1-1,true,708074,157,10,10,331,0
1774965616087,321,GET Articles,200,Cenario 1 - Carga Basica 1-9,true,708075,157,10,10,320,0
1774965616115,318,GET Articles,200,Cenario 1 - Carga Basica 1-8,true,708075,157,10,10,317,0
1774965616142,347,GET Articles,200,Cenario 1 - Carga Basica 1-3,true,708074,157,10,10,346,0
1774965616182,312,GET Articles,200,Cenario 1 - Carga Basica 1-4,true,708074,157,10,10,311,0
1774965616203,316,GET Articles,200,Cenario 1 - Carga Basica 1-2,true,708075,157,10,10,315,0
1774965616235,323,GET Articles,200,Cenario 1 - Carga Basica 1-7,true,708074,157,10,10,322,0
1774965616277,303,GET Articles,200,Cenario 1 - Carga Basica 1-10,true,708074,157,10,10,301,0
1774965616319,288,GET Articles,200,Cenario 1 - Carga Basica 1-5,true,708075,157,10,10,287,0
1774965616349,311,GET Articles,200,Cenario 1 - Carga Basica 1-6,true,708074,157,10,10,310,0
1774965616383,281,GET Articles,200,Cenario 1 - Carga Basica 1-1,true,708074,157,10,10,280,0
1774965616409,286,GET Articles,200,Cenario 1 - Carga Basica 1-9,true,708075,157,10,10,285,0
1774965616434,293,GET Articles,200,Cenario 1 - Carga Basica 1-8,true,708074,157,10,10,293,0
1774965616490,272,GET Articles,200,Cenario 1 - Carga Basica 1-3,true,708075,157,10,10,271,0
1774965616494,292,GET Articles,200,Cenario 1 - Carga Basica 1-4,true,708075,157,10,10,291,0
1774965616520,302,GET Articles,200,Cenario 1 - Carga Basica 1-2,true,708074,157,10,10,301,0
1774965616558,292,GET Articles,200,Cenario 1 - Carga Basica 1-7,true,708075,157,10,10,291,0
1774965616580,300,GET Articles,200,Cenario 1 - Carga Basica 1-10,true,708075,157,10,10,299,0
1774965616607,310,GET Articles,200,Cenario 1 - Carga Basica 1-5,true,708074,157,10,10,309,0
1774965616661,278,GET Articles,200,Cenario 1 - Carga Basica 1-6,true,708075,157,10,10,277,0
1774965616665,304,GET Articles,200,Cenario 1 - Carga Basica 1-1,true,708075,157,10,10,303,0
1774965616695,312,GET Articles,200,Cenario 1 - Carga Basica 1-9,true,708074,157,10,10,311,0
1774965616728,304,GET Articles,200,Cenario 1 - Carga Basica 1-8,true,708074,157,10,10,303,0
1774965616762,299,GET Articles,200,Cenario 1 - Carga Basica 1-3,true,708075,157,10,10,298,0
1774965616787,315,GET Articles,200,Cenario 1 - Carga Basica 1-4,true,708074,157,10,10,314,0
1774965616822,305,GET Articles,200,Cenario 1 - Carga Basica 1-2,true,708074,157,10,10,304,0
1774965616851,308,GET Articles,200,Cenario 1 - Carga Basica 1-7,true,708075,157,10,10,307,0
1774965616881,347,GET Articles,200,Cenario 1 - Carga Basica 1-10,true,708074,157,10,10,346,0
1774965616917,319,GET Articles,200,Cenario 1 - Carga Basica 1-5,true,708074,157,10,10,318,0
1774965616940,327,GET Articles,200,Cenario 1 - Carga Basica 1-6,true,708075,157,10,10,326,0
1774965616969,335,GET Articles,200,Cenario 1 - Carga Basica 1-1,true,708074,157,10,10,334,0
1774965617032,296,GET Articles,200,Cenario 1 - Carga Basica 1-8,true,708074,157,10,10,295,0
1774965617007,345,GET Articles,200,Cenario 1 - Carga Basica 1-9,true,708075,157,10,10,344,0
1774965617061,328,GET Articles,200,Cenario 1 - Carga Basica 1-3,true,708074,157,10,10,327,0
1774965617102,318,GET Articles,200,Cenario 1 - Carga Basica 1-4,true,708075,157,10,10,317,0
1774965617127,325,GET Articles,200,Cenario 1 - Carga Basica 1-2,true,708075,157,10,10,324,0
1774965617159,346,GET Articles,200,Cenario 1 - Carga Basica 1-7,true,708074,157,10,10,345,0
1774965617228,311,GET Articles,200,Cenario 1 - Carga Basica 1-10,true,708075,157,10,10,308,0
1774965617236,329,GET Articles,200,Cenario 1 - Carga Basica 1-5,true,708075,157,10,10,328,0
1774965617267,330,GET Articles,200,Cenario 1 - Carga Basica 1-6,true,708074,157,10,10,329,0
1774965617304,319,GET Articles,200,Cenario 1 - Carga Basica 1-1,true,708075,157,10,10,318,0
1774965617329,315,GET Articles,200,Cenario 1 - Carga Basica 1-8,true,708075,157,10,10,315,0
1774965617352,322,GET Articles,200,Cenario 1 - Carga Basica 1-9,true,708074,157,10,10,321,0
1774965617389,309,GET Articles,200,Cenario 1 - Carga Basica 1-3,true,708075,157,10,10,308,0
1774965617420,301,GET Articles,200,Cenario 1 - Carga Basica 1-4,true,708075,157,10,10,300,0
1774965617452,301,GET Articles,200,Cenario 1 - Carga Basica 1-2,true,708074,157,10,10,300,0
1774965617505,277,GET Articles,200,Cenario 1 - Carga Basica 1-7,true,708075,157,10,10,276,0
1774965617540,268,GET Articles,200,Cenario 1 - Carga Basica 1-10,true,708075,157,10,10,267,0
1774965617565,275,GET Articles,200,Cenario 1 - Carga Basica 1-5,true,708074,157,10,10,274,0
1774965617597,279,GET Articles,200,Cenario 1 - Carga Basica 1-6,true,708075,157,10,10,278,0
1774965617623,277,GET Articles,200,Cenario 1 - Carga Basica 1-1,true,708075,157,10,10,277,0
1774965617645,287,GET Articles,200,Cenario 1 - Carga Basica 1-8,true,708074,157,10,10,286,0
1774965617674,280,GET Articles,200,Cenario 1 - Carga Basica 1-9,true,708075,157,10,10,280,0
1774965617698,281,GET Articles,200,Cenario 1 - Carga Basica 1-3,true,708075,157,10,10,280,0
1774965617721,290,GET Articles,200,Cenario 1 - Carga Basica 1-4,true,708074,157,10,10,289,0
1774965617753,295,GET Articles,200,Cenario 1 - Carga Basica 1-2,true,708075,157,10,10,294,0
1774965617782,286,GET Articles,200,Cenario 1 - Carga Basica 1-7,true,708075,157,10,10,286,0
1774965617808,304,GET Articles,200,Cenario 1 - Carga Basica 1-10,true,708074,157,10,10,303,0
1774965617876,271,GET Articles,200,Cenario 1 - Carga Basica 1-6,true,708075,157,10,10,270,0
1774965617840,335,GET Articles,200,Cenario 1 - Carga Basica 1-5,true,708075,157,10,10,334,0
1774965617901,308,GET Articles,200,Cenario 1 - Carga Basica 1-1,true,708074,157,10,10,307,0
1774965617955,310,GET Articles,200,Cenario 1 - Carga Basica 1-9,true,708075,157,10,10,310,0
1774965617932,338,GET Articles,200,Cenario 1 - Carga Basica 1-8,true,708075,157,10,10,338,0
1774965618048,255,GET Articles,200,Cenario 1 - Carga Basica 1-2,true,708074,157,10,10,255,0
1774965617979,353,GET Articles,200,Cenario 1 - Carga Basica 1-3,true,708075,157,10,10,352,0
1774965618011,344,GET Articles,200,Cenario 1 - Carga Basica 1-4,true,708075,157,10,10,344,0
1774965618112,276,GET Articles,200,Cenario 1 - Carga Basica 1-10,true,708074,157,10,10,275,0
1774965618069,346,GET Articles,200,Cenario 1 - Carga Basica 1-7,true,708075,157,10,10,345,0
1774965618148,295,GET Articles,200,Cenario 1 - Carga Basica 1-6,true,708075,157,10,10,294,0
1774965618175,301,GET Articles,200,Cenario 1 - Carga Basica 1-5,true,708074,157,10,10,300,0
1774965618210,294,GET Articles,200,Cenario 1 - Carga Basica 1-1,true,708075,157,10,10,293,0
1774965618265,268,GET Articles,200,Cenario 1 - Carga Basica 1-9,true,708075,157,10,10,267,0
1774965618271,301,GET Articles,200,Cenario 1 - Carga Basica 1-8,true,708074,157,10,10,301,0
1774965618303,304,GET Articles,200,Cenario 1 - Carga Basica 1-2,true,708075,157,10,10,303,0
1774965618332,308,GET Articles,200,Cenario 1 - Carga Basica 1-3,true,708075,157,10,10,307,0
1774965618356,318,GET Articles,200,Cenario 1 - Carga Basica 1-4,true,708074,157,10,10,317,0
1774965618388,311,GET Articles,200,Cenario 1 - Carga Basica 1-10,true,708075,157,10,10,310,0
1774965618415,324,GET Articles,200,Cenario 1 - Carga Basica 1-7,true,708075,157,10,10,323,0
1774965618443,329,GET Articles,200,Cenario 1 - Carga Basica 1-6,true,708074,157,10,10,328,0
1774965618477,325,GET Articles,200,Cenario 1 - Carga Basica 1-5,true,708075,157,10,10,324,0
1774965618504,324,GET Articles,200,Cenario 1 - Carga Basica 1-1,true,708075,157,10,10,323,0
1774965618533,353,GET Articles,200,Cenario 1 - Carga Basica 1-9,true,708074,157,10,10,352,0
1774965618573,319,GET Articles,200,Cenario 1 - Carga Basica 1-8,true,708074,157,10,10,318,0
1774965618607,312,GET Articles,200,Cenario 1 - Carga Basica 1-2,true,708075,157,10,10,311,0
1774965618674,281,GET Articles,200,Cenario 1 - Carga Basica 1-4,true,708074,157,10,10,280,0
1774965618640,340,GET Articles,200,Cenario 1 - Carga Basica 1-3,true,708074,157,10,10,339,0
1774965618699,314,GET Articles,200,Cenario 1 - Carga Basica 1-10,true,708075,157,10,10,313,0
1774965618739,324,GET Articles,200,Cenario 1 - Carga Basica 1-7,true,708074,157,10,10,324,0
1774965618772,295,GET Articles,200,Cenario 1 - Carga Basica 1-6,true,708074,157,10,10,295,0
1774965618802,306,GET Articles,200,Cenario 1 - Carga Basica 1-5,true,708075,157,10,10,305,0
1774965618829,310,GET Articles,200,Cenario 1 - Carga Basica 1-1,true,708074,157,10,10,309,0
1774965618887,274,GET Articles,200,Cenario 1 - Carga Basica 1-9,true,708075,157,10,10,273,0
1774965618892,307,GET Articles,200,Cenario 1 - Carga Basica 1-8,true,708075,157,10,10,306,0
1774965618955,301,GET Articles,200,Cenario 1 - Carga Basica 1-4,true,708074,157,10,10,301,0
1774965618919,344,GET Articles,200,Cenario 1 - Carga Basica 1-2,true,708074,157,10,10,344,0
1774965618980,310,GET Articles,200,Cenario 1 - Carga Basica 1-3,true,708075,157,10,10,309,0
1774965619013,316,GET Articles,200,Cenario 1 - Carga Basica 1-10,true,708074,157,10,10,316,0
1774965619064,288,GET Articles,200,Cenario 1 - Carga Basica 1-7,true,708074,157,10,10,287,0
1774965619067,312,GET Articles,200,Cenario 1 - Carga Basica 1-6,true,708075,157,10,10,311,0
1774965619108,306,GET Articles,200,Cenario 1 - Carga Basica 1-5,true,708074,157,10,10,305,0
1774965619139,300,GET Articles,200,Cenario 1 - Carga Basica 1-1,true,708075,157,10,10,299,0
1774965619161,313,GET Articles,200,Cenario 1 - Carga Basica 1-9,true,708075,157,10,10,313,0
1774965619199,317,GET Articles,200,Cenario 1 - Carga Basica 1-8,true,708074,157,10,10,316,0
1774965619257,291,GET Articles,200,Cenario 1 - Carga Basica 1-4,true,708075,157,10,10,290,0
1774965619264,308,GET Articles,200,Cenario 1 - Carga Basica 1-2,true,708075,157,10,10,307,0
1774965619330,275,GET Articles,200,Cenario 1 - Carga Basica 1-10,true,708074,157,10,10,274,0
1774965619290,344,GET Articles,200,Cenario 1 - Carga Basica 1-3,true,708075,157,10,10,344,0
1774965619352,308,GET Articles,200,Cenario 1 - Carga Basica 1-7,true,708075,157,10,10,308,0
1774965619380,314,GET Articles,200,Cenario 1 - Carga Basica 1-6,true,708074,157,10,10,313,0
1774965619414,310,GET Articles,200,Cenario 1 - Carga Basica 1-5,true,708075,157,10,10,309,0
1774965619439,311,GET Articles,200,Cenario 1 - Carga Basica 1-1,true,708075,157,10,10,310,0
1774965619475,307,GET Articles,200,Cenario 1 - Carga Basica 1-9,true,708074,157,10,10,306,0
1774965619516,301,GET Articles,200,Cenario 1 - Carga Basica 1-8,true,708075,157,10,10,300,0
1774965619548,298,GET Articles,200,Cenario 1 - Carga Basica 1-4,true,708075,157,10,10,298,0
1774965619572,314,GET Articles,200,Cenario 1 - Carga Basica 1-2,true,708074,157,10,10,313,0
1774965619605,309,GET Articles,200,Cenario 1 - Carga Basica 1-10,true,708075,157,10,10,308,0
1774965619635,308,GET Articles,200,Cenario 1 - Carga Basica 1-3,true,708075,157,10,10,307,0
1774965619661,316,GET Articles,200,Cenario 1 - Carga Basica 1-7,true,708074,157,10,10,315,0
1774965619694,311,GET Articles,200,Cenario 1 - Carga Basica 1-6,true,708075,157,10,10,311,0
1774965619724,320,GET Articles,200,Cenario 1 - Carga Basica 1-5,true,708075,157,10,10,319,0
1774965619750,334,GET Articles,200,Cenario 1 - Carga Basica 1-1,true,708074,157,10,10,333,0
1774965619782,332,GET Articles,200,Cenario 1 - Carga Basica 1-9,true,708075,157,10,10,332,0
1774965619817,326,GET Articles,200,Cenario 1 - Carga Basica 1-8,true,708075,157,10,10,325,0
1774965619846,336,GET Articles,200,Cenario 1 - Carga Basica 1-4,true,708074,157,10,10,335,0
1774965619887,326,GET Articles,200,Cenario 1 - Carga Basica 1-2,true,708075,157,10,10,325,0
1774965619914,327,GET Articles,200,Cenario 1 - Carga Basica 1-10,true,708075,157,10,10,327,0
1774965619943,337,GET Articles,200,Cenario 1 - Carga Basica 1-3,true,708074,157,10,10,336,0
1774965619977,340,GET Articles,200,Cenario 1 - Carga Basica 1-7,true,708075,157,10,10,340,0
1774965620006,340,GET Articles,200,Cenario 1 - Carga Basica 1-6,true,708075,157,10,10,339,0
1774965620044,335,GET Articles,200,Cenario 1 - Carga Basica 1-5,true,708074,157,10,10,334,0
1774965620084,322,GET Articles,200,Cenario 1 - Carga Basica 1-1,true,708075,157,10,10,322,0
1774965620115,315,GET Articles,200,Cenario 1 - Carga Basica 1-9,true,708075,157,10,10,314,0
1774965620143,336,GET Articles,200,Cenario 1 - Carga Basica 1-8,true,708074,157,10,10,335,0
1774965620182,326,GET Articles,200,Cenario 1 - Carga Basica 1-4,true,708075,157,10,10,326,0
1774965620213,327,GET Articles,200,Cenario 1 - Carga Basica 1-2,true,708075,157,10,10,327,0
1774965620241,331,GET Articles,200,Cenario 1 - Carga Basica 1-10,true,708074,157,10,10,330,0
1774965620280,324,GET Articles,200,Cenario 1 - Carga Basica 1-3,true,708075,157,10,10,323,0
1774965620318,314,GET Articles,200,Cenario 1 - Carga Basica 1-7,true,708075,157,10,10,312,0
1774965620346,320,GET Articles,200,Cenario 1 - Carga Basica 1-6,true,708074,157,10,10,319,0
1774965620379,312,GET Articles,200,Cenario 1 - Carga Basica 1-5,true,708075,157,10,10,311,0
1774965620406,306,GET Articles,200,Cenario 1 - Carga Basica 1-1,true,708075,157,10,10,305,0
1774965620431,323,GET Articles,200,Cenario 1 - Carga Basica 1-9,true,708074,157,10,10,322,0
1774965620479,303,GET Articles,200,Cenario 1 - Carga Basica 1-8,true,708075,157,10,10,301,0
1774965620508,294,GET Articles,200,Cenario 1 - Carga Basica 1-4,true,708075,157,10,10,294,0
1774965620541,303,GET Articles,200,Cenario 1 - Carga Basica 1-2,true,708074,157,10,10,300,0
1774965620572,308,GET Articles,200,Cenario 1 - Carga Basica 1-10,true,708075,157,10,10,307,0
1774965620604,297,GET Articles,200,Cenario 1 - Carga Basica 1-3,true,708075,157,10,10,296,0
1774965620632,309,GET Articles,200,Cenario 1 - Carga Basica 1-7,true,708074,157,10,10,309,0
1774965620667,296,GET Articles,200,Cenario 1 - Carga Basica 1-6,true,708074,157,10,10,295,0
1774965620692,292,GET Articles,200,Cenario 1 - Carga Basica 1-5,true,708075,157,10,10,291,0
1774965620755,264,GET Articles,200,Cenario 1 - Carga Basica 1-9,true,708074,157,10,10,263,0
1774965620712,339,GET Articles,200,Cenario 1 - Carga Basica 1-1,true,708075,157,10,10,339,0
1774965620782,299,GET Articles,200,Cenario 1 - Carga Basica 1-8,true,708075,157,10,10,298,0
1774965620802,324,GET Articles,200,Cenario 1 - Carga Basica 1-4,true,708074,157,10,10,323,0
1774965620844,306,GET Articles,200,Cenario 1 - Carga Basica 1-2,true,708075,157,10,10,305,0
1774965620880,298,GET Articles,200,Cenario 1 - Carga Basica 1-10,true,708075,157,10,10,297,0
1774965620901,307,GET Articles,200,Cenario 1 - Carga Basica 1-3,true,708074,157,10,10,306,0
1774965620942,289,GET Articles,200,Cenario 1 - Carga Basica 1-7,true,708075,157,10,10,288,0
1774965620963,288,GET Articles,200,Cenario 1 - Carga Basica 1-6,true,708075,157,10,10,288,0
1774965620984,303,GET Articles,200,Cenario 1 - Carga Basica 1-5,true,708074,157,10,10,302,0
1774965621019,297,GET Articles,200,Cenario 1 - Carga Basica 1-9,true,708075,157,10,10,297,0
1774965621051,288,GET Articles,200,Cenario 1 - Carga Basica 1-1,true,708075,157,10,10,287,0
1774965621081,293,GET Articles,200,Cenario 1 - Carga Basica 1-8,true,708074,157,10,10,292,0
1774965621126,270,GET Articles,200,Cenario 1 - Carga Basica 1-4,true,708075,157,10,10,269,0
1774965621150,269,GET Articles,200,Cenario 1 - Carga Basica 1-2,true,708075,157,10,10,268,0
1774965621178,280,GET Articles,200,Cenario 1 - Carga Basica 1-10,true,708074,157,10,10,280,0
1774965621208,271,GET Articles,200,Cenario 1 - Carga Basica 1-3,true,708074,157,10,10,271,0
1774965621231,271,GET Articles,200,Cenario 1 - Carga Basica 1-7,true,708075,157,10,10,271,0
1774965621252,289,GET Articles,200,Cenario 1 - Carga Basica 1-6,true,708074,157,10,10,288,0
1774965621317,261,GET Articles,200,Cenario 1 - Carga Basica 1-9,true,708074,157,10,10,260,0
1774965621287,295,GET Articles,200,Cenario 1 - Carga Basica 1-5,true,708075,157,10,10,294,0
1774965621339,282,GET Articles,200,Cenario 1 - Carga Basica 1-1,true,708074,157,10,10,281,0
1774965621374,283,GET Articles,200,Cenario 1 - Carga Basica 1-8,true,708074,157,10,10,282,0
1774965621396,265,GET Articles,200,Cenario 1 - Carga Basica 1-4,true,708075,157,10,10,264,0
1774965621419,296,GET Articles,200,Cenario 1 - Carga Basica 1-2,true,708074,157,10,10,295,0
1774965621480,239,GET Articles,200,Cenario 1 - Carga Basica 1-3,true,708074,157,10,10,239,0
1774965621459,285,GET Articles,200,Cenario 1 - Carga Basica 1-10,true,708075,157,10,10,284,0
1774965621541,262,GET Articles,200,Cenario 1 - Carga Basica 1-6,true,708074,157,10,10,262,0
1774965621503,305,GET Articles,200,Cenario 1 - Carga Basica 1-7,true,708074,157,10,10,304,0
1774965621578,269,GET Articles,200,Cenario 1 - Carga Basica 1-9,true,708075,157,10,10,268,0
1774965621582,299,GET Articles,200,Cenario 1 - Carga Basica 1-5,true,708074,157,10,10,299,0
1774965621621,289,GET Articles,200,Cenario 1 - Carga Basica 1-1,true,708075,157,10,10,288,0
1774965621657,281,GET Articles,200,Cenario 1 - Carga Basica 1-8,true,708075,157,10,10,280,0
1774965621661,311,GET Articles,200,Cenario 1 - Carga Basica 1-4,true,708074,157,10,10,310,0
1774965621715,285,GET Articles,200,Cenario 1 - Carga Basica 1-2,true,708075,157,10,10,284,0
1774965621719,311,GET Articles,200,Cenario 1 - Carga Basica 1-3,true,708075,157,10,10,310,0
1774965621744,328,GET Articles,200,Cenario 1 - Carga Basica 1-10,true,708074,157,10,10,327,0
1774965621804,293,GET Articles,200,Cenario 1 - Carga Basica 1-6,true,708075,157,10,10,292,0
1774965621809,312,GET Articles,200,Cenario 1 - Carga Basica 1-7,true,708075,157,10,10,311,0
1774965621847,308,GET Articles,200,Cenario 1 - Carga Basica 1-9,true,708074,157,10,10,307,0
1774965621882,311,GET Articles,200,Cenario 1 - Carga Basica 1-5,true,708075,157,10,10,310,0
1774965621910,312,GET Articles,200,Cenario 1 - Carga Basica 1-1,true,708075,157,10,10,311,0
1774965621938,331,GET Articles,200,Cenario 1 - Carga Basica 1-8,true,708074,157,10,10,330,0
1774965621973,332,GET Articles,200,Cenario 1 - Carga Basica 1-4,true,708075,157,10,10,332,0
1774965622000,331,GET Articles,200,Cenario 1 - Carga Basica 1-2,true,708075,157,10,10,330,0
1774965622030,337,GET Articles,200,Cenario 1 - Carga Basica 1-3,true,708074,157,10,10,336,0
1774965622072,322,GET Articles,200,Cenario 1 - Carga Basica 1-10,true,708075,157,10,10,321,0
1774965622097,340,GET Articles,200,Cenario 1 - Carga Basica 1-6,true,708075,157,10,10,339,0
1774965622121,360,GET Articles,200,Cenario 1 - Carga Basica 1-7,true,708074,157,10,10,359,0
1774965622155,353,GET Articles,200,Cenario 1 - Carga Basica 1-9,true,708075,157,10,10,352,0
1774965622193,343,GET Articles,200,Cenario 1 - Carga Basica 1-5,true,708075,157,10,10,342,0
1774965622222,349,GET Articles,200,Cenario 1 - Carga Basica 1-1,true,708074,157,10,10,348,0
1774965622269,325,GET Articles,200,Cenario 1 - Carga Basica 1-8,true,708075,157,10,10,324,0
1774965622306,310,GET Articles,200,Cenario 1 - Carga Basica 1-4,true,708075,157,10,10,309,0
1774965622331,326,GET Articles,200,Cenario 1 - Carga Basica 1-2,true,708074,157,10,10,326,0
1774965622367,317,GET Articles,200,Cenario 1 - Carga Basica 1-3,true,708075,157,10,10,316,0
1774965622394,317,GET Articles,200,Cenario 1 - Carga Basica 1-10,true,708075,157,10,10,316,0
1774965622437,314,GET Articles,200,Cenario 1 - Carga Basica 1-6,true,708074,157,10,10,314,0
1774965622481,304,GET Articles,200,Cenario 1 - Carga Basica 1-7,true,708075,157,10,10,304,0
1774965622508,305,GET Articles,200,Cenario 1 - Carga Basica 1-9,true,708075,157,10,10,304,0
1774965622536,334,GET Articles,200,Cenario 1 - Carga Basica 1-5,true,708074,157,10,10,333,0
1774965622571,303,GET Articles,200,Cenario 1 - Carga Basica 1-1,true,708074,157,10,10,302,0
1774965622594,314,GET Articles,200,Cenario 1 - Carga Basica 1-8,true,708075,157,10,10,313,0
1774965622616,328,GET Articles,200,Cenario 1 - Carga Basica 1-4,true,708074,157,10,10,327,0
1774965622657,320,GET Articles,200,Cenario 1 - Carga Basica 1-2,true,708075,157,10,10,319,0
1774965622684,321,GET Articles,200,Cenario 1 - Carga Basica 1-3,true,708075,157,10,10,320,0
1774965622711,336,GET Articles,200,Cenario 1 - Carga Basica 1-10,true,708074,157,10,10,336,0
1774965622751,329,GET Articles,200,Cenario 1 - Carga Basica 1-6,true,708075,157,10,10,329,0
1774965622786,321,GET Articles,200,Cenario 1 - Carga Basica 1-7,true,708075,157,10,10,320,0
1774965622813,334,GET Articles,200,Cenario 1 - Carga Basica 1-9,true,708074,157,10,10,333,0
1774965622870,302,GET Articles,200,Cenario 1 - Carga Basica 1-5,true,708075,157,10,10,301,0
1774965622874,333,GET Articles,200,Cenario 1 - Carga Basica 1-1,true,708075,157,10,10,333,0
1774965622908,334,GET Articles,200,Cenario 1 - Carga Basica 1-8,true,708074,157,10,10,334,0
1774965622944,333,GET Articles,200,Cenario 1 - Carga Basica 1-4,true,708075,157,10,10,332,0
1774965622977,322,GET Articles,200,Cenario 1 - Carga Basica 1-2,true,708075,157,10,10,321,0
1774965623005,328,GET Articles,200,Cenario 1 - Carga Basica 1-3,true,708074,157,10,10,327,0
1774965623048,328,GET Articles,200,Cenario 1 - Carga Basica 1-10,true,708075,157,10,10,327,0
1774965623081,317,GET Articles,200,Cenario 1 - Carga Basica 1-6,true,708075,157,10,10,317,0
1774965623107,337,GET Articles,200,Cenario 1 - Carga Basica 1-7,true,708074,157,10,10,337,0
1774965623147,332,GET Articles,200,Cenario 1 - Carga Basica 1-9,true,708075,157,10,10,331,0
1774965623172,329,GET Articles,200,Cenario 1 - Carga Basica 1-5,true,708075,157,10,10,328,0
1774965623208,329,GET Articles,200,Cenario 1 - Carga Basica 1-1,true,708074,157,10,10,328,0
1774965623243,318,GET Articles,200,Cenario 1 - Carga Basica 1-8,true,708075,157,10,10,317,0
1774965623277,312,GET Articles,200,Cenario 1 - Carga Basica 1-4,true,708075,157,10,10,311,0
1774965623299,326,GET Articles,200,Cenario 1 - Carga Basica 1-2,true,708074,157,10,10,325,0
1774965623333,318,GET Articles,200,Cenario 1 - Carga Basica 1-3,true,708075,157,10,10,318,0
1774965623376,319,GET Articles,200,Cenario 1 - Carga Basica 1-10,true,708075,157,10,10,318,0
1774965623399,334,GET Articles,200,Cenario 1 - Carga Basica 1-6,true,708074,157,10,10,333,0
1774965623445,318,GET Articles,200,Cenario 1 - Carga Basica 1-7,true,708075,157,10,10,316,0
1774965623479,310,GET Articles,200,Cenario 1 - Carga Basica 1-9,true,708075,157,10,10,309,0
1774965623502,325,GET Articles,200,Cenario 1 - Carga Basica 1-5,true,708074,157,10,10,325,0
1774965623537,316,GET Articles,200,Cenario 1 - Carga Basica 1-1,true,708075,157,10,10,315,0
1774965623562,317,GET Articles,200,Cenario 1 - Carga Basica 1-8,true,708075,157,10,10,316,0
1774965623590,324,GET Articles,200,Cenario 1 - Carga Basica 1-4,true,708074,157,10,10,324,0
1774965623625,324,GET Articles,200,Cenario 1 - Carga Basica 1-2,true,708075,157,10,10,323,0
1774965623652,324,GET Articles,200,Cenario 1 - Carga Basica 1-3,true,708075,157,10,10,323,0
1774965623695,324,GET Articles,200,Cenario 1 - Carga Basica 1-10,true,708074,157,10,10,323,0
1774965623733,316,GET Articles,200,Cenario 1 - Carga Basica 1-6,true,708075,157,10,10,315,0
1774965623763,310,GET Articles,200,Cenario 1 - Carga Basica 1-7,true,708075,157,10,10,309,0
1774965623790,325,GET Articles,200,Cenario 1 - Carga Basica 1-9,true,708074,157,10,10,324,0
1774965623828,329,GET Articles,200,Cenario 1 - Carga Basica 1-5,true,708075,157,10,10,328,0
1774965623853,311,GET Articles,200,Cenario 1 - Carga Basica 1-1,true,708075,157,10,10,308,0
1774965623880,329,GET Articles,200,Cenario 1 - Carga Basica 1-8,true,708074,157,10,10,328,0
1774965623915,321,GET Articles,200,Cenario 1 - Carga Basica 1-4,true,708075,157,10,10,321,0
1774965623949,330,GET Articles,200,Cenario 1 - Carga Basica 1-2,true,708076,157,10,10,329,0
1774965623977,365,GET Articles,200,Cenario 1 - Carga Basica 1-3,true,708074,157,10,10,364,0
1774965624019,345,GET Articles,200,Cenario 1 - Carga Basica 1-10,true,708075,157,10,10,345,0
1774965624049,352,GET Articles,200,Cenario 1 - Carga Basica 1-6,true,708076,157,10,10,352,0
1774965624073,369,GET Articles,200,Cenario 1 - Carga Basica 1-7,true,708074,157,10,10,369,0
1774965624115,349,GET Articles,200,Cenario 1 - Carga Basica 1-9,true,708074,157,10,10,348,0
1774965624157,334,GET Articles,200,Cenario 1 - Carga Basica 1-5,true,708075,157,10,10,334,0
1774965624209,323,GET Articles,200,Cenario 1 - Carga Basica 1-8,true,708074,157,10,10,322,0
1774965624164,388,GET Articles,200,Cenario 1 - Carga Basica 1-1,true,708074,157,10,10,387,0
1774965624237,350,GET Articles,200,Cenario 1 - Carga Basica 1-4,true,708075,157,10,10,349,0
1774965624342,282,GET Articles,200,Cenario 1 - Carga Basica 1-3,true,708074,157,10,10,281,0
1774965624279,373,GET Articles,200,Cenario 1 - Carga Basica 1-2,true,708075,157,10,10,372,0
1774965624365,316,GET Articles,200,Cenario 1 - Carga Basica 1-10,true,708075,157,10,10,315,0
1774965624402,322,GET Articles,200,Cenario 1 - Carga Basica 1-6,true,708074,157,10,10,321,0
1774965624443,301,GET Articles,200,Cenario 1 - Carga Basica 1-7,true,708074,157,10,10,300,0
1774965624464,306,GET Articles,200,Cenario 1 - Carga Basica 1-9,true,708075,157,10,10,305,0
1774965624532,269,GET Articles,200,Cenario 1 - Carga Basica 1-8,true,708074,157,10,10,269,0
1774965624492,337,GET Articles,200,Cenario 1 - Carga Basica 1-5,true,708075,157,10,10,336,0
1774965624552,306,GET Articles,200,Cenario 1 - Carga Basica 1-1,true,708075,157,10,10,305,0
1774965624587,302,GET Articles,200,Cenario 1 - Carga Basica 1-4,true,708074,157,10,10,301,0
1774965624624,293,GET Articles,200,Cenario 1 - Carga Basica 1-3,true,708075,157,10,10,293,0
1774965624652,297,GET Articles,200,Cenario 1 - Carga Basica 1-2,true,708075,157,10,10,296,0
1774965624681,301,GET Articles,200,Cenario 1 - Carga Basica 1-10,true,708074,157,10,10,300,0
1774965624724,288,GET Articles,200,Cenario 1 - Carga Basica 1-6,true,708075,157,10,10,287,0
1774965624744,294,GET Articles,200,Cenario 1 - Carga Basica 1-7,true,708075,157,10,10,293,0
1774965624770,303,GET Articles,200,Cenario 1 - Carga Basica 1-9,true,708074,157,10,10,302,0
1774965624802,299,GET Articles,200,Cenario 1 - Carga Basica 1-8,true,708075,157,10,10,298,0
1774965624829,297,GET Articles,200,Cenario 1 - Carga Basica 1-5,true,708075,157,10,10,297,0
1774965624858,301,GET Articles,200,Cenario 1 - Carga Basica 1-1,true,708074,157,10,10,301,0
1774965624889,299,GET Articles,200,Cenario 1 - Carga Basica 1-4,true,708075,157,10,10,298,0
1774965624918,298,GET Articles,200,Cenario 1 - Carga Basica 1-3,true,708075,157,10,10,298,0
1774965624949,303,GET Articles,200,Cenario 1 - Carga Basica 1-2,true,708074,157,10,10,303,0
1774965624982,292,GET Articles,200,Cenario 1 - Carga Basica 1-10,true,708075,157,10,10,291,0
1774965625012,297,GET Articles,200,Cenario 1 - Carga Basica 1-6,true,708075,157,10,10,296,0
1774965625038,311,GET Articles,200,Cenario 1 - Carga Basica 1-7,true,708074,157,10,10,310,0
1774965625073,318,GET Articles,200,Cenario 1 - Carga Basica 1-9,true,708075,157,10,10,317,0
1774965625101,294,GET Articles,200,Cenario 1 - Carga Basica 1-8,true,708075,157,10,10,293,0
1774965625126,312,GET Articles,200,Cenario 1 - Carga Basica 1-5,true,708074,157,10,10,312,0
1774965625188,280,GET Articles,200,Cenario 1 - Carga Basica 1-4,true,708075,157,10,10,279,0
1774965625159,337,GET Articles,200,Cenario 1 - Carga Basica 1-1,true,708075,157,10,10,336,0
1774965625217,336,GET Articles,200,Cenario 1 - Carga Basica 1-3,true,708074,157,10,10,332,0
1774965625253,301,GET Articles,200,Cenario 1 - Carga Basica 1-2,true,708074,157,10,10,300,0
1774965625275,311,GET Articles,200,Cenario 1 - Carga Basica 1-10,true,708075,157,10,10,310,0
1774965625349,277,GET Articles,200,Cenario 1 - Carga Basica 1-7,true,708074,157,10,10,277,0
1774965625309,369,GET Articles,200,Cenario 1 - Carga Basica 1-6,true,708074,157,10,10,368,0
1774965625391,293,GET Articles,200,Cenario 1 - Carga Basica 1-9,true,708075,157,10,10,292,0
1774965625439,300,GET Articles,200,Cenario 1 - Carga Basica 1-5,true,708074,157,10,10,299,0
1774965625395,348,GET Articles,200,Cenario 1 - Carga Basica 1-8,true,708074,157,10,10,347,0
1774965625469,300,GET Articles,200,Cenario 1 - Carga Basica 1-4,true,708075,157,10,10,299,0
1774965625496,321,GET Articles,200,Cenario 1 - Carga Basica 1-1,true,708074,157,10,10,320,0
1774965625553,290,GET Articles,200,Cenario 1 - Carga Basica 1-3,true,708075,157,10,10,289,0
1774965625554,324,GET Articles,200,Cenario 1 - Carga Basica 1-2,true,708075,157,10,10,323,0
1774965625586,330,GET Articles,200,Cenario 1 - Carga Basica 1-10,true,708074,157,10,10,329,0
1774965625627,312,GET Articles,200,Cenario 1 - Carga Basica 1-7,true,708074,157,10,10,311,0
1774965625678,288,GET Articles,200,Cenario 1 - Carga Basica 1-6,true,708075,157,10,10,287,0
1774965625684,315,GET Articles,200,Cenario 1 - Carga Basica 1-9,true,708074,157,10,10,314,0
1774965625739,287,GET Articles,200,Cenario 1 - Carga Basica 1-5,true,708075,157,10,10,286,0
1774965625743,308,GET Articles,200,Cenario 1 - Carga Basica 1-8,true,708075,157,10,10,307,0
1774965625769,317,GET Articles,200,Cenario 1 - Carga Basica 1-4,true,708074,157,10,10,316,0
1774965625817,297,GET Articles,200,Cenario 1 - Carga Basica 1-1,true,708075,157,10,10,296,0
1774965625843,308,GET Articles,200,Cenario 1 - Carga Basica 1-3,true,708075,157,10,10,307,0
1774965625878,321,GET Articles,200,Cenario 1 - Carga Basica 1-2,true,708074,157,10,10,320,0
1774965625916,311,GET Articles,200,Cenario 1 - Carga Basica 1-10,true,708075,157,10,10,311,0
1774965625939,318,GET Articles,200,Cenario 1 - Carga Basica 1-7,true,708075,157,10,10,317,0
1774965625966,324,GET Articles,200,Cenario 1 - Carga Basica 1-6,true,708074,157,10,10,323,0
1774965625999,315,GET Articles,200,Cenario 1 - Carga Basica 1-9,true,708075,157,10,10,314,0
1774965626026,317,GET Articles,200,Cenario 1 - Carga Basica 1-5,true,708075,157,10,10,316,0
1774965626051,332,GET Articles,200,Cenario 1 - Carga Basica 1-8,true,708074,157,10,10,331,0
1774965626086,320,GET Articles,200,Cenario 1 - Carga Basica 1-4,true,708075,157,10,10,319,0
1774965626114,318,GET Articles,200,Cenario 1 - Carga Basica 1-1,true,708075,157,10,10,318,0
1774965626151,315,GET Articles,200,Cenario 1 - Carga Basica 1-3,true,708074,157,10,10,314,0
1774965626199,302,GET Articles,200,Cenario 1 - Carga Basica 1-2,true,708075,157,10,10,301,0
1774965626228,301,GET Articles,200,Cenario 1 - Carga Basica 1-10,true,708075,157,10,10,300,0
1774965626290,274,GET Articles,200,Cenario 1 - Carga Basica 1-6,true,708074,157,10,10,273,0
1774965626257,338,GET Articles,200,Cenario 1 - Carga Basica 1-7,true,708074,157,10,10,337,0
1774965626314,318,GET Articles,200,Cenario 1 - Carga Basica 1-9,true,708075,157,10,10,318,0
1774965626343,333,GET Articles,200,Cenario 1 - Carga Basica 1-5,true,708074,157,10,10,332,0
1774965626383,327,GET Articles,200,Cenario 1 - Carga Basica 1-8,true,708074,157,10,10,326,0
1774965626406,346,GET Articles,200,Cenario 1 - Carga Basica 1-4,true,708076,157,10,10,346,0
1774965626433,354,GET Articles,200,Cenario 1 - Carga Basica 1-1,true,708074,157,10,10,354,0
1774965626466,348,GET Articles,200,Cenario 1 - Carga Basica 1-3,true,708075,157,10,10,347,0
1774965626501,342,GET Articles,200,Cenario 1 - Carga Basica 1-2,true,708075,157,10,10,341,0
1774965626564,334,GET Articles,200,Cenario 1 - Carga Basica 1-6,true,708074,157,10,10,333,0
1774965626530,372,GET Articles,200,Cenario 1 - Carga Basica 1-10,true,708074,157,10,10,372,0
1774965626595,331,GET Articles,200,Cenario 1 - Carga Basica 1-7,true,708075,157,10,10,331,0
1774965626633,325,GET Articles,200,Cenario 1 - Carga Basica 1-9,true,708074,157,10,10,324,0
1774965626676,310,GET Articles,200,Cenario 1 - Carga Basica 1-5,true,708075,157,10,10,310,0
1774965626710,313,GET Articles,200,Cenario 1 - Carga Basica 1-8,true,708075,157,10,10,313,0
1774965626753,332,GET Articles,200,Cenario 1 - Carga Basica 1-4,true,708074,157,10,10,331,0
1774965626788,304,GET Articles,200,Cenario 1 - Carga Basica 1-1,true,708074,157,10,10,303,0
1774965626814,313,GET Articles,200,Cenario 1 - Carga Basica 1-3,true,708075,157,10,10,313,0
1774965626898,264,GET Articles,200,Cenario 1 - Carga Basica 1-6,true,708074,157,10,10,263,0
1774965626843,339,GET Articles,200,Cenario 1 - Carga Basica 1-2,true,708075,157,10,10,338,0
1774965626902,306,GET Articles,200,Cenario 1 - Carga Basica 1-10,true,708075,157,10,10,305,0
1774965626958,288,GET Articles,200,Cenario 1 - Carga Basica 1-9,true,708074,157,10,10,288,0
1774965626926,341,GET Articles,200,Cenario 1 - Carga Basica 1-7,true,708074,157,10,10,340,0
1774965626987,307,GET Articles,200,Cenario 1 - Carga Basica 1-5,true,708075,157,10,10,307,0
1774965627023,308,GET Articles,200,Cenario 1 - Carga Basica 1-8,true,708074,157,10,10,307,0
1774965627086,272,GET Articles,200,Cenario 1 - Carga Basica 1-4,true,708075,157,10,10,272,0
1774965627092,297,GET Articles,200,Cenario 1 - Carga Basica 1-1,true,708075,157,10,10,296,0
1774965627128,297,GET Articles,200,Cenario 1 - Carga Basica 1-3,true,708074,157,10,10,293,0
1774965627162,288,GET Articles,200,Cenario 1 - Carga Basica 1-6,true,708075,157,10,10,288,0
1774965627182,298,GET Articles,200,Cenario 1 - Carga Basica 1-2,true,708075,157,10,10,297,0
1774965627209,320,GET Articles,200,Cenario 1 - Carga Basica 1-10,true,708074,157,10,10,320,0
1774965627247,312,GET Articles,200,Cenario 1 - Carga Basica 1-9,true,708075,157,10,10,309,0
1774965627267,340,GET Articles,200,Cenario 1 - Carga Basica 1-7,true,708076,157,10,10,339,0
1774965627295,353,GET Articles,200,Cenario 1 - Carga Basica 1-5,true,708074,157,10,10,352,0
1774965627331,353,GET Articles,200,Cenario 1 - Carga Basica 1-8,true,708075,157,10,10,352,0
1774965627359,354,GET Articles,200,Cenario 1 - Carga Basica 1-4,true,708075,157,10,10,354,0
1774965627389,367,GET Articles,200,Cenario 1 - Carga Basica 1-1,true,708074,157,10,10,367,0
1774965627425,359,GET Articles,200,Cenario 1 - Carga Basica 1-3,true,708075,157,10,10,358,0
1774965627451,370,GET Articles,200,Cenario 1 - Carga Basica 1-6,true,708075,157,10,10,369,0
1774965627480,415,GET Articles,200,Cenario 1 - Carga Basica 1-2,true,708074,157,10,10,414,0
1774965627559,341,GET Articles,200,Cenario 1 - Carga Basica 1-9,true,708074,157,10,10,341,0
1774965627530,376,GET Articles,200,Cenario 1 - Carga Basica 1-10,true,708074,157,10,10,375,0
1774965627607,338,GET Articles,200,Cenario 1 - Carga Basica 1-7,true,708074,157,10,10,337,0
1774965627648,324,GET Articles,200,Cenario 1 - Carga Basica 1-5,true,708075,157,10,10,323,0
1774965627684,323,GET Articles,200,Cenario 1 - Carga Basica 1-8,true,708075,157,10,10,322,0
1774965627784,259,GET Articles,200,Cenario 1 - Carga Basica 1-3,true,708074,157,10,10,258,0
1774965627713,349,GET Articles,200,Cenario 1 - Carga Basica 1-4,true,708074,157,10,10,349,0
1774965627757,339,GET Articles,200,Cenario 1 - Carga Basica 1-1,true,708075,157,10,10,339,0
1774965627895,238,GET Articles,200,Cenario 1 - Carga Basica 1-2,true,708074,157,10,10,238,0
1774965627901,279,GET Articles,200,Cenario 1 - Carga Basica 1-9,true,708075,157,10,10,278,0
1774965627821,363,GET Articles,200,Cenario 1 - Carga Basica 1-6,true,708075,157,10,10,362,0
1774965627906,319,GET Articles,200,Cenario 1 - Carga Basica 1-10,true,708074,157,10,10,319,0
1774965627945,302,GET Articles,200,Cenario 1 - Carga Basica 1-7,true,708075,157,10,10,301,0
1774965627972,302,GET Articles,200,Cenario 1 - Carga Basica 1-5,true,708075,157,10,10,301,0
1774965628007,323,GET Articles,200,Cenario 1 - Carga Basica 1-8,true,708074,157,10,10,323,0
1774965628043,312,GET Articles,200,Cenario 1 - Carga Basica 1-3,true,708075,157,10,10,311,0
1774965628063,335,GET Articles,200,Cenario 1 - Carga Basica 1-4,true,708076,157,10,10,334,0
1774965628097,342,GET Articles,200,Cenario 1 - Carga Basica 1-1,true,708074,157,10,10,342,0
1774965628134,334,GET Articles,200,Cenario 1 - Carga Basica 1-2,true,708075,157,10,10,333,0
1774965628180,318,GET Articles,200,Cenario 1 - Carga Basica 1-9,true,708075,157,10,10,317,0
1774965628184,363,GET Articles,200,Cenario 1 - Carga Basica 1-6,true,708074,157,10,10,362,0
1774965628226,356,GET Articles,200,Cenario 1 - Carga Basica 1-10,true,708075,157,10,10,355,0
1774965628247,367,GET Articles,200,Cenario 1 - Carga Basica 1-7,true,708075,157,10,10,366,0
1774965628274,377,GET Articles,200,Cenario 1 - Carga Basica 1-5,true,708074,157,10,10,376,0
1774965628331,354,GET Articles,200,Cenario 1 - Carga Basica 1-8,true,708075,157,10,10,353,0
1774965628355,360,GET Articles,200,Cenario 1 - Carga Basica 1-3,true,708075,157,10,10,359,0
1774965628398,362,GET Articles,200,Cenario 1 - Carga Basica 1-4,true,708074,157,10,10,361,0
1774965628440,357,GET Articles,200,Cenario 1 - Carga Basica 1-1,true,708075,157,10,10,356,0
1774965628468,359,GET Articles,200,Cenario 1 - Carga Basica 1-2,true,708075,157,10,10,358,0
1774965628498,369,GET Articles,200,Cenario 1 - Carga Basica 1-9,true,708074,157,10,10,369,0
1774965628547,345,GET Articles,200,Cenario 1 - Carga Basica 1-6,true,708075,157,10,10,345,0
1774965628582,335,GET Articles,200,Cenario 1 - Carga Basica 1-10,true,708075,157,10,10,334,0
1774965628614,338,GET Articles,200,Cenario 1 - Carga Basica 1-7,true,708074,157,10,10,338,0
1774965628685,337,GET Articles,200,Cenario 1 - Carga Basica 1-8,true,708075,157,10,10,337,0
1774965628651,377,GET Articles,200,Cenario 1 - Carga Basica 1-5,true,708075,157,10,10,376,0
1774965628715,350,GET Articles,200,Cenario 1 - Carga Basica 1-3,true,708074,157,10,10,349,0
1774965628760,325,GET Articles,200,Cenario 1 - Carga Basica 1-4,true,708075,157,10,10,325,0
1774965628797,322,GET Articles,200,Cenario 1 - Carga Basica 1-1,true,708075,157,10,10,321,0
1774965628827,326,GET Articles,200,Cenario 1 - Carga Basica 1-2,true,708074,157,10,10,325,0
1774965628893,295,GET Articles,200,Cenario 1 - Carga Basica 1-6,true,708075,157,10,10,294,0
1774965628868,345,GET Articles,200,Cenario 1 - Carga Basica 1-9,true,708075,157,10,10,345,0
1774965628918,332,GET Articles,200,Cenario 1 - Carga Basica 1-10,true,708074,157,10,10,331,0
1774965628952,319,GET Articles,200,Cenario 1 - Carga Basica 1-7,true,708074,157,10,10,318,0
1774965629023,278,GET Articles,200,Cenario 1 - Carga Basica 1-8,true,708075,157,10,10,277,0
1774965629028,328,GET Articles,200,Cenario 1 - Carga Basica 1-5,true,708074,157,10,10,327,0
1774965629065,297,GET Articles,200,Cenario 1 - Carga Basica 1-3,true,708074,157,10,10,296,0
1774965629085,305,GET Articles,200,Cenario 1 - Carga Basica 1-4,true,708075,157,10,10,305,0
1774965629120,311,GET Articles,200,Cenario 1 - Carga Basica 1-1,true,708074,157,10,10,310,0
1774965629153,310,GET Articles,200,Cenario 1 - Carga Basica 1-2,true,708075,157,10,10,309,0
1774965629188,312,GET Articles,200,Cenario 1 - Carga Basica 1-6,true,708075,157,10,10,312,0
1774965629214,341,GET Articles,200,Cenario 1 - Carga Basica 1-9,true,708074,157,10,10,340,0
1774965629250,309,GET Articles,200,Cenario 1 - Carga Basica 1-10,true,708074,157,10,10,308,0
1774965629271,314,GET Articles,200,Cenario 1 - Carga Basica 1-7,true,708075,157,10,10,313,0
1774965629356,274,GET Articles,200,Cenario 1 - Carga Basica 1-5,true,708074,157,10,10,274,0
1774965629301,361,GET Articles,200,Cenario 1 - Carga Basica 1-8,true,708074,157,10,10,360,0
1774965629362,323,GET Articles,200,Cenario 1 - Carga Basica 1-3,true,708075,157,10,10,322,0
1774965629390,326,GET Articles,200,Cenario 1 - Carga Basica 1-4,true,708074,157,10,10,326,0
1774965629431,316,GET Articles,200,Cenario 1 - Carga Basica 1-1,true,708075,157,10,10,316,0
1774965629463,326,GET Articles,200,Cenario 1 - Carga Basica 1-2,true,708075,157,10,10,325,0
1774965629501,323,GET Articles,200,Cenario 1 - Carga Basica 1-6,true,708074,157,10,10,322,0
1774965629555,311,GET Articles,200,Cenario 1 - Carga Basica 1-9,true,708075,157,10,10,310,0
1774965629560,311,GET Articles,200,Cenario 1 - Carga Basica 1-10,true,708075,157,10,10,310,0
1774965629584,338,GET Articles,200,Cenario 1 - Carga Basica 1-7,true,708074,157,10,10,337,0
1774965629630,298,GET Articles,200,Cenario 1 - Carga Basica 1-5,true,708074,157,10,10,297,0
1774965629661,293,GET Articles,200,Cenario 1 - Carga Basica 1-8,true,708075,157,10,10,293,0
1774965629684,313,GET Articles,200,Cenario 1 - Carga Basica 1-3,true,708074,157,10,10,312,0
1774965629716,303,GET Articles,200,Cenario 1 - Carga Basica 1-4,true,708074,157,10,10,302,0
1774965629747,300,GET Articles,200,Cenario 1 - Carga Basica 1-1,true,708075,157,10,10,299,0
1774965629823,261,GET Articles,200,Cenario 1 - Carga Basica 1-6,true,708074,157,10,10,261,0
1774965629788,321,GET Articles,200,Cenario 1 - Carga Basica 1-2,true,708074,157,10,10,320,0
1774965629865,271,GET Articles,200,Cenario 1 - Carga Basica 1-9,true,708075,157,10,10,270,0
1774965629922,251,GET Articles,200,Cenario 1 - Carga Basica 1-7,true,708074,157,10,10,251,0
1774965629870,329,GET Articles,200,Cenario 1 - Carga Basica 1-10,true,708075,157,10,10,328,0
1774965629928,301,GET Articles,200,Cenario 1 - Carga Basica 1-5,true,708075,157,10,10,300,0
1774965629954,310,GET Articles,200,Cenario 1 - Carga Basica 1-8,true,708074,157,10,10,310,0
1774965629997,289,GET Articles,200,Cenario 1 - Carga Basica 1-3,true,708074,157,10,10,288,0
1774965630021,296,GET Articles,200,Cenario 1 - Carga Basica 1-4,true,708075,157,10,10,295,0
1774965630047,308,GET Articles,200,Cenario 1 - Carga Basica 1-1,true,708074,157,10,10,307,0
1774965630084,299,GET Articles,200,Cenario 1 - Carga Basica 1-6,true,708075,157,10,10,299,0
1774965630109,304,GET Articles,200,Cenario 1 - Carga Basica 1-2,true,708075,157,10,10,303,0
1774965630136,312,GET Articles,200,Cenario 1 - Carga Basica 1-9,true,708074,157,10,10,311,0
1774965630174,302,GET Articles,200,Cenario 1 - Carga Basica 1-7,true,708075,157,10,10,302,0
1774965630199,305,GET Articles,200,Cenario 1 - Carga Basica 1-10,true,708075,157,10,10,304,0
1774965630229,311,GET Articles,200,Cenario 1 - Carga Basica 1-5,true,708074,157,10,10,310,0
1774965630265,305,GET Articles,200,Cenario 1 - Carga Basica 1-8,true,708075,157,10,10,305,0
1774965630286,314,GET Articles,200,Cenario 1 - Carga Basica 1-3,true,708075,157,10,10,313,0
1774965630317,319,GET Articles,200,Cenario 1 - Carga Basica 1-4,true,708074,157,10,10,319,0
1774965630355,302,GET Articles,200,Cenario 1 - Carga Basica 1-1,true,708075,157,10,10,301,0
1774965630384,309,GET Articles,200,Cenario 1 - Carga Basica 1-6,true,708075,157,10,10,308,0
1774965630413,333,GET Articles,200,Cenario 1 - Carga Basica 1-2,true,708074,157,10,10,332,0
1774965630448,302,GET Articles,200,Cenario 1 - Carga Basica 1-9,true,708074,157,10,10,301,0
1774965630477,297,GET Articles,200,Cenario 1 - Carga Basica 1-7,true,708075,157,10,10,296,0
1774965630504,313,GET Articles,200,Cenario 1 - Carga Basica 1-10,true,708074,157,10,10,312,0
1774965630540,318,GET Articles,200,Cenario 1 - Carga Basica 1-5,true,708074,157,10,10,317,0
1774965630570,292,GET Articles,200,Cenario 1 - Carga Basica 1-8,true,708074,157,10,10,291,0
1774965630600,298,GET Articles,200,Cenario 1 - Carga Basica 1-3,true,708074,157,10,10,297,0
1774965630657,277,GET Articles,200,Cenario 1 - Carga Basica 1-1,true,708075,157,10,10,276,0
1774965630637,327,GET Articles,200,Cenario 1 - Carga Basica 1-4,true,708075,157,10,10,326,0
1774965630693,304,GET Articles,200,Cenario 1 - Carga Basica 1-6,true,708074,157,10,10,302,0
1774965630746,274,GET Articles,200,Cenario 1 - Carga Basica 1-2,true,708075,157,10,10,273,0
1774965630750,304,GET Articles,200,Cenario 1 - Carga Basica 1-9,true,708075,157,10,10,304,0
1774965630817,270,GET Articles,200,Cenario 1 - Carga Basica 1-10,true,708074,157,10,10,270,0
1774965630774,356,GET Articles,200,Cenario 1 - Carga Basica 1-7,true,708075,157,10,10,355,0
1774965630858,299,GET Articles,200,Cenario 1 - Carga Basica 1-5,true,708075,157,10,10,298,0
1774965630862,341,GET Articles,200,Cenario 1 - Carga Basica 1-8,true,708074,157,10,10,340,0
1774965630898,328,GET Articles,200,Cenario 1 - Carga Basica 1-3,true,708075,157,10,10,327,0
1774965630934,321,GET Articles,200,Cenario 1 - Carga Basica 1-1,true,708075,157,10,10,320,0
1774965630964,324,GET Articles,200,Cenario 1 - Carga Basica 1-4,true,708074,157,10,10,323,0
1774965630998,318,GET Articles,200,Cenario 1 - Carga Basica 1-6,true,708075,157,10,10,317,0
1774965631020,320,GET Articles,200,Cenario 1 - Carga Basica 1-2,true,708075,157,10,10,319,0
1774965631055,318,GET Articles,200,Cenario 1 - Carga Basica 1-9,true,708074,157,10,10,317,0
1774965631088,316,GET Articles,200,Cenario 1 - Carga Basica 1-10,true,708075,157,10,10,316,0
1774965631130,303,GET Articles,200,Cenario 1 - Carga Basica 1-7,true,708075,157,10,10,302,0
1774965631157,312,GET Articles,200,Cenario 1 - Carga Basica 1-5,true,708074,157,10,10,312,0
1774965631203,294,GET Articles,200,Cenario 1 - Carga Basica 1-8,true,708074,157,10,10,294,0
1774965631226,297,GET Articles,200,Cenario 1 - Carga Basica 1-3,true,708075,157,10,10,296,0
1774965631255,313,GET Articles,200,Cenario 1 - Carga Basica 1-1,true,708074,157,10,10,312,0
1774965631288,336,GET Articles,200,Cenario 1 - Carga Basica 1-4,true,708074,157,10,10,335,0
1774965631316,312,GET Articles,200,Cenario 1 - Carga Basica 1-6,true,708075,157,10,10,311,0
1774965631340,335,GET Articles,200,Cenario 1 - Carga Basica 1-2,true,708074,157,10,10,334,0
1774965631373,323,GET Articles,200,Cenario 1 - Carga Basica 1-9,true,708075,157,10,10,322,0
1774965631405,315,GET Articles,200,Cenario 1 - Carga Basica 1-10,true,708075,157,10,10,314,0
1774965631433,318,GET Articles,200,Cenario 1 - Carga Basica 1-7,true,708074,157,10,10,317,0
1774965631470,307,GET Articles,200,Cenario 1 - Carga Basica 1-5,true,708075,157,10,10,306,0
1774965631498,323,GET Articles,200,Cenario 1 - Carga Basica 1-8,true,708075,157,10,10,322,0
1774965631523,343,GET Articles,200,Cenario 1 - Carga Basica 1-3,true,708074,157,10,10,342,0
1774965631568,322,GET Articles,200,Cenario 1 - Carga Basica 1-1,true,708075,157,10,10,321,0
1774965631624,292,GET Articles,200,Cenario 1 - Carga Basica 1-4,true,708075,157,10,10,291,0
1774965631628,321,GET Articles,200,Cenario 1 - Carga Basica 1-6,true,708074,157,10,10,320,0
1774965631675,298,GET Articles,200,Cenario 1 - Carga Basica 1-2,true,708075,157,10,10,297,0
1774965631696,302,GET Articles,200,Cenario 1 - Carga Basica 1-9,true,708075,157,10,10,301,0
1774965631720,325,GET Articles,200,Cenario 1 - Carga Basica 1-10,true,708074,157,10,10,324,0
1774965631752,315,GET Articles,200,Cenario 1 - Carga Basica 1-7,true,708075,157,10,10,314,0
1774965631777,319,GET Articles,200,Cenario 1 - Carga Basica 1-5,true,708075,157,10,10,318,0
1774965631821,330,GET Articles,200,Cenario 1 - Carga Basica 1-8,true,708074,157,10,10,330,0
1774965631866,309,GET Articles,200,Cenario 1 - Carga Basica 1-3,true,708075,157,10,10,308,0
1774965631890,312,GET Articles,200,Cenario 1 - Carga Basica 1-1,true,708075,157,10,10,311,0
1774965631916,344,GET Articles,200,Cenario 1 - Carga Basica 1-4,true,708074,157,10,10,343,0
1774965631949,315,GET Articles,200,Cenario 1 - Carga Basica 1-6,true,708074,157,10,10,314,0
1774965631973,320,GET Articles,200,Cenario 1 - Carga Basica 1-2,true,708075,157,10,10,319,0
1774965631998,327,GET Articles,200,Cenario 1 - Carga Basica 1-9,true,708074,157,10,10,326,0
1774965632045,301,GET Articles,200,Cenario 1 - Carga Basica 1-10,true,708075,157,10,10,300,0
1774965632067,303,GET Articles,200,Cenario 1 - Carga Basica 1-7,true,708075,157,10,10,302,0
1774965632096,309,GET Articles,200,Cenario 1 - Carga Basica 1-5,true,708074,157,10,10,308,0
1774965632152,281,GET Articles,200,Cenario 1 - Carga Basica 1-8,true,708075,157,10,10,280,0
1774965632175,295,GET Articles,200,Cenario 1 - Carga Basica 1-3,true,708075,157,10,10,294,0
1774965632202,303,GET Articles,200,Cenario 1 - Carga Basica 1-1,true,708074,157,10,10,303,0
1774965632260,273,GET Articles,200,Cenario 1 - Carga Basica 1-4,true,708075,157,10,10,272,0
1774965632264,300,GET Articles,200,Cenario 1 - Carga Basica 1-6,true,708075,157,10,10,299,0
1774965632293,306,GET Articles,200,Cenario 1 - Carga Basica 1-2,true,708074,157,10,10,305,0
1774965632325,295,GET Articles,200,Cenario 1 - Carga Basica 1-9,true,708075,157,10,10,294,0
1774965632346,301,GET Articles,200,Cenario 1 - Carga Basica 1-10,true,708075,157,10,10,300,0
1774965632370,317,GET Articles,200,Cenario 1 - Carga Basica 1-7,true,708074,157,10,10,316,0
1774965632405,310,GET Articles,200,Cenario 1 - Carga Basica 1-5,true,708075,157,10,10,309,0
1774965632433,311,GET Articles,200,Cenario 1 - Carga Basica 1-8,true,708075,157,10,10,310,0
1774965632470,309,GET Articles,200,Cenario 1 - Carga Basica 1-3,true,708074,157,10,10,308,0
1774965632505,309,GET Articles,200,Cenario 1 - Carga Basica 1-1,true,708075,157,10,10,308,0
1774965632533,305,GET Articles,200,Cenario 1 - Carga Basica 1-4,true,708075,157,10,10,304,0
1774965632564,315,GET Articles,200,Cenario 1 - Carga Basica 1-6,true,708074,157,10,10,314,0
1774965632599,307,GET Articles,200,Cenario 1 - Carga Basica 1-2,true,708075,157,10,10,306,0
1774965632620,313,GET Articles,200,Cenario 1 - Carga Basica 1-9,true,708075,157,10,10,312,0
1774965632647,317,GET Articles,200,Cenario 1 - Carga Basica 1-10,true,708074,157,10,10,317,0
1774965632687,305,GET Articles,200,Cenario 1 - Carga Basica 1-7,true,708075,157,10,10,304,0
1774965632715,309,GET Articles,200,Cenario 1 - Carga Basica 1-5,true,708075,157,10,10,309,0
1774965632744,313,GET Articles,200,Cenario 1 - Carga Basica 1-8,true,708074,157,10,10,312,0
1774965632779,300,GET Articles,200,Cenario 1 - Carga Basica 1-3,true,708075,157,10,10,299,0
1774965632814,299,GET Articles,200,Cenario 1 - Carga Basica 1-1,true,708075,157,10,10,299,0
1774965632838,309,GET Articles,200,Cenario 1 - Carga Basica 1-4,true,708074,157,10,10,308,0
1774965632879,338,GET Articles,200,Cenario 1 - Carga Basica 1-6,true,708075,157,10,10,337,0
1774965632906,317,GET Articles,200,Cenario 1 - Carga Basica 1-2,true,708075,157,10,10,316,0
1774965632933,327,GET Articles,200,Cenario 1 - Carga Basica 1-9,true,708074,157,10,10,326,0
1774965632992,304,GET Articles,200,Cenario 1 - Carga Basica 1-7,true,708075,157,10,10,303,0
1774965632965,367,GET Articles,200,Cenario 1 - Carga Basica 1-10,true,708075,157,10,10,366,0
1774965633025,341,GET Articles,200,Cenario 1 - Carga Basica 1-5,true,708074,157,10,10,340,0
1774965633057,331,GET Articles,200,Cenario 1 - Carga Basica 1-8,true,708075,157,10,10,330,0
1774965633080,334,GET Articles,200,Cenario 1 - Carga Basica 1-3,true,708075,157,10,10,333,0
1774965633113,348,GET Articles,200,Cenario 1 - Carga Basica 1-1,true,708074,157,10,10,347,0
1774965633147,337,GET Articles,200,Cenario 1 - Carga Basica 1-4,true,708075,157,10,10,336,0
1774965633217,293,GET Articles,200,Cenario 1 - Carga Basica 1-6,true,708075,157,10,10,292,0
1774965633223,328,GET Articles,200,Cenario 1 - Carga Basica 1-2,true,708074,157,10,10,327,0
1774965633260,317,GET Articles,200,Cenario 1 - Carga Basica 1-9,true,708075,157,10,10,316,0
1774965633296,306,GET Articles,200,Cenario 1 - Carga Basica 1-7,true,708075,157,10,10,305,0
1774965633332,306,GET Articles,200,Cenario 1 - Carga Basica 1-10,true,708074,157,10,10,305,0
1774965633367,294,GET Articles,200,Cenario 1 - Carga Basica 1-5,true,708075,157,10,10,294,0
1774965633388,299,GET Articles,200,Cenario 1 - Carga Basica 1-8,true,708075,157,10,10,298,0
1774965633414,316,GET Articles,200,Cenario 1 - Carga Basica 1-3,true,708074,157,10,10,315,0
1774965633461,310,GET Articles,200,Cenario 1 - Carga Basica 1-1,true,708075,157,10,10,309,0
1774965633484,291,GET Articles,200,Cenario 1 - Carga Basica 1-4,true,708075,157,10,10,291,0
1774965633510,304,GET Articles,200,Cenario 1 - Carga Basica 1-6,true,708074,157,10,10,304,0
1774965633551,294,GET Articles,200,Cenario 1 - Carga Basica 1-2,true,708075,157,10,10,293,0
1774965633577,295,GET Articles,200,Cenario 1 - Carga Basica 1-9,true,708075,157,10,10,294,0
1774965633602,307,GET Articles,200,Cenario 1 - Carga Basica 1-7,true,708074,157,10,10,307,0
1774965633638,309,GET Articles,200,Cenario 1 - Carga Basica 1-10,true,708075,157,10,10,308,0
1774965633662,314,GET Articles,200,Cenario 1 - Carga Basica 1-5,true,708075,157,10,10,313,0
1774965633687,334,GET Articles,200,Cenario 1 - Carga Basica 1-8,true,708074,157,10,10,333,0
1774965633730,319,GET Articles,200,Cenario 1 - Carga Basica 1-3,true,708075,157,10,10,318,0
1774965633771,308,GET Articles,200,Cenario 1 - Carga Basica 1-1,true,708075,157,10,10,308,0
1774965633776,340,GET Articles,200,Cenario 1 - Carga Basica 1-4,true,708074,157,10,10,339,0
1774965633815,321,GET Articles,200,Cenario 1 - Carga Basica 1-6,true,708075,157,10,10,320,0
1774965633845,322,GET Articles,200,Cenario 1 - Carga Basica 1-2,true,708075,157,10,10,321,0
1774965633872,336,GET Articles,200,Cenario 1 - Carga Basica 1-9,true,708074,157,10,10,335,0
1774965633910,321,GET Articles,200,Cenario 1 - Carga Basica 1-7,true,708074,157,10,10,320,0
1774965633947,319,GET Articles,200,Cenario 1 - Carga Basica 1-10,true,708075,157,10,10,318,0
1774965634021,280,GET Articles,200,Cenario 1 - Carga Basica 1-8,true,708074,157,10,10,279,0
1774965633976,355,GET Articles,200,Cenario 1 - Carga Basica 1-5,true,708075,157,10,10,354,0
1774965634049,314,GET Articles,200,Cenario 1 - Carga Basica 1-3,true,708075,157,10,10,311,0
1774965634080,322,GET Articles,200,Cenario 1 - Carga Basica 1-1,true,708074,157,10,10,321,0
1774965634116,340,GET Articles,200,Cenario 1 - Carga Basica 1-4,true,708075,157,10,10,339,0
1774965634136,346,GET Articles,200,Cenario 1 - Carga Basica 1-6,true,708076,157,10,10,345,0
1774965634167,358,GET Articles,200,Cenario 1 - Carga Basica 1-2,true,708074,157,10,10,358,0
1774965634208,346,GET Articles,200,Cenario 1 - Carga Basica 1-9,true,708075,157,10,10,345,0
1774965634231,346,GET Articles,200,Cenario 1 - Carga Basica 1-7,true,708075,157,10,10,345,0
1774965634266,345,GET Articles,200,Cenario 1 - Carga Basica 1-10,true,708074,157,10,10,344,0
1774965634301,353,GET Articles,200,Cenario 1 - Carga Basica 1-8,true,708075,157,10,10,352,0
1774965634331,327,GET Articles,200,Cenario 1 - Carga Basica 1-5,true,708075,157,10,10,326,0
1774965634363,350,GET Articles,200,Cenario 1 - Carga Basica 1-3,true,708074,157,10,10,349,0
1774965634402,316,GET Articles,200,Cenario 1 - Carga Basica 1-1,true,708074,157,10,10,315,0
1774965634456,283,GET Articles,200,Cenario 1 - Carga Basica 1-4,true,708075,157,10,10,283,0
1774965634482,297,GET Articles,200,Cenario 1 - Carga Basica 1-6,true,708074,157,10,10,296,0
1774965634526,286,GET Articles,200,Cenario 1 - Carga Basica 1-2,true,708074,157,10,10,285,0
1774965634554,285,GET Articles,200,Cenario 1 - Carga Basica 1-9,true,708075,157,10,10,284,0
1774965634578,304,GET Articles,200,Cenario 1 - Carga Basica 1-7,true,708074,157,10,10,304,0
1774965634612,323,GET Articles,200,Cenario 1 - Carga Basica 1-10,true,708074,157,10,10,322,0
1774965634655,285,GET Articles,200,Cenario 1 - Carga Basica 1-8,true,708075,157,10,10,284,0
1774965634659,320,GET Articles,200,Cenario 1 - Carga Basica 1-5,true,708074,157,10,10,319,0
1774965634714,318,GET Articles,200,Cenario 1 - Carga Basica 1-3,true,708075,157,10,10,317,0
1774965634719,319,GET Articles,200,Cenario 1 - Carga Basica 1-1,true,708075,157,10,10,318,0
1774965634741,335,GET Articles,200,Cenario 1 - Carga Basica 1-4,true,708074,157,10,10,334,0
1774965634780,325,GET Articles,200,Cenario 1 - Carga Basica 1-6,true,708075,157,10,10,324,0
1774965634813,323,GET Articles,200,Cenario 1 - Carga Basica 1-2,true,708075,157,10,10,322,0
1774965634840,333,GET Articles,200,Cenario 1 - Carga Basica 1-9,true,708074,157,10,10,333,0
1774965634883,312,GET Articles,200,Cenario 1 - Carga Basica 1-7,true,708075,157,10,10,312,0
1774965634936,284,GET Articles,200,Cenario 1 - Carga Basica 1-10,true,708075,157,10,10,283,0
1774965634940,315,GET Articles,200,Cenario 1 - Carga Basica 1-8,true,708074,157,10,10,314,0
1774965634979,309,GET Articles,200,Cenario 1 - Carga Basica 1-5,true,708075,157,10,10,309,0
1774965635032,279,GET Articles,200,Cenario 1 - Carga Basica 1-3,true,708075,157,10,10,278,0
1774965635038,302,GET Articles,200,Cenario 1 - Carga Basica 1-1,true,708074,157,10,10,302,0
1774965635076,287,GET Articles,200,Cenario 1 - Carga Basica 1-4,true,708075,157,10,10,287,0
1774965635105,285,GET Articles,200,Cenario 1 - Carga Basica 1-6,true,708075,157,10,10,285,0
1774965635136,286,GET Articles,200,Cenario 1 - Carga Basica 1-2,true,708074,157,10,10,285,0
1774965635174,277,GET Articles,200,Cenario 1 - Carga Basica 1-9,true,708075,157,10,10,276,0
1774965635195,284,GET Articles,200,Cenario 1 - Carga Basica 1-7,true,708075,157,10,10,283,0
1774965635220,291,GET Articles,200,Cenario 1 - Carga Basica 1-10,true,708074,157,10,10,290,0
1774965635255,280,GET Articles,200,Cenario 1 - Carga Basica 1-8,true,708075,157,10,10,280,0
1774965635289,275,GET Articles,200,Cenario 1 - Carga Basica 1-5,true,708075,157,10,10,274,0
1774965635311,293,GET Articles,200,Cenario 1 - Carga Basica 1-3,true,708074,157,10,10,292,0
1774965635341,290,GET Articles,200,Cenario 1 - Carga Basica 1-1,true,708074,157,10,10,290,0
1774965635364,295,GET Articles,200,Cenario 1 - Carga Basica 1-4,true,708075,157,10,10,295,0
1774965635391,319,GET Articles,200,Cenario 1 - Carga Basica 1-6,true,708074,157,10,10,319,0
1774965635422,293,GET Articles,200,Cenario 1 - Carga Basica 1-2,true,708074,157,10,10,292,0
1774965635451,290,GET Articles,200,Cenario 1 - Carga Basica 1-9,true,708075,157,10,10,289,0
1774965635479,296,GET Articles,200,Cenario 1 - Carga Basica 1-7,true,708074,157,10,10,296,0
1774965635511,290,GET Articles,200,Cenario 1 - Carga Basica 1-10,true,708075,157,10,10,289,0
1774965635536,286,GET Articles,200,Cenario 1 - Carga Basica 1-8,true,708075,157,10,10,285,0
1774965635564,292,GET Articles,200,Cenario 1 - Carga Basica 1-5,true,708074,157,10,10,291,0
1774965635604,278,GET Articles,200,Cenario 1 - Carga Basica 1-3,true,708075,157,10,10,278,0
1774965635632,278,GET Articles,200,Cenario 1 - Carga Basica 1-1,true,708075,157,10,10,277,0
1774965635660,290,GET Articles,200,Cenario 1 - Carga Basica 1-4,true,708074,157,10,10,289,0
1774965635711,285,GET Articles,200,Cenario 1 - Carga Basica 1-6,true,708075,157,10,10,284,0
1774965635715,288,GET Articles,200,Cenario 1 - Carga Basica 1-2,true,708075,157,10,10,287,0
1774965635741,300,GET Articles,200,Cenario 1 - Carga Basica 1-9,true,708074,157,10,10,300,0
1774965635776,294,GET Articles,200,Cenario 1 - Carga Basica 1-7,true,708075,157,10,10,293,0
1774965635801,295,GET Articles,200,Cenario 1 - Carga Basica 1-10,true,708075,157,10,10,295,0
1774965635822,309,GET Articles,200,Cenario 1 - Carga Basica 1-8,true,708074,157,10,10,308,0
1774965635856,301,GET Articles,200,Cenario 1 - Carga Basica 1-5,true,708075,157,10,10,300,0
1774965635882,308,GET Articles,200,Cenario 1 - Carga Basica 1-3,true,708075,157,10,10,307,0
1774965635910,338,GET Articles,200,Cenario 1 - Carga Basica 1-1,true,708074,157,10,10,337,0
1774965635950,302,GET Articles,200,Cenario 1 - Carga Basica 1-4,true,708074,157,10,10,301,0
1774965635997,279,GET Articles,200,Cenario 1 - Carga Basica 1-6,true,708075,157,10,10,278,0
1774965636042,271,GET Articles,200,Cenario 1 - Carga Basica 1-9,true,708074,157,10,10,271,0
1774965636003,341,GET Articles,200,Cenario 1 - Carga Basica 1-2,true,708075,157,10,10,340,0
1774965636070,299,GET Articles,200,Cenario 1 - Carga Basica 1-7,true,708075,157,10,10,298,0
1774965636097,303,GET Articles,200,Cenario 1 - Carga Basica 1-10,true,708074,157,10,10,302,0
1774965636132,297,GET Articles,200,Cenario 1 - Carga Basica 1-8,true,708075,157,10,10,297,0
1774965636157,307,GET Articles,200,Cenario 1 - Carga Basica 1-5,true,708075,157,10,10,306,0
1774965636190,314,GET Articles,200,Cenario 1 - Carga Basica 1-3,true,708074,157,10,10,313,0
1774965636248,285,GET Articles,200,Cenario 1 - Carga Basica 1-1,true,708075,157,10,10,284,0
1774965636252,304,GET Articles,200,Cenario 1 - Carga Basica 1-4,true,708075,157,10,10,303,0
1774965636276,326,GET Articles,200,Cenario 1 - Carga Basica 1-6,true,708074,157,10,10,325,0
1774965636314,312,GET Articles,200,Cenario 1 - Carga Basica 1-9,true,708075,157,10,10,311,0
1774965636344,324,GET Articles,200,Cenario 1 - Carga Basica 1-2,true,708075,157,10,10,323,0
1774965636369,332,GET Articles,200,Cenario 1 - Carga Basica 1-7,true,708074,157,10,10,331,0
1774965636401,329,GET Articles,200,Cenario 1 - Carga Basica 1-10,true,708075,157,10,10,329,0
1774965636430,328,GET Articles,200,Cenario 1 - Carga Basica 1-8,true,708075,157,10,10,328,0
1774965636464,327,GET Articles,200,Cenario 1 - Carga Basica 1-5,true,708074,157,10,10,326,0
1774965636504,323,GET Articles,200,Cenario 1 - Carga Basica 1-3,true,708075,157,10,10,323,0
1774965636533,331,GET Articles,200,Cenario 1 - Carga Basica 1-1,true,708075,157,10,10,331,0
1774965636556,341,GET Articles,200,Cenario 1 - Carga Basica 1-4,true,708074,157,10,10,341,0
1774965636602,325,GET Articles,200,Cenario 1 - Carga Basica 1-6,true,708075,157,10,10,324,0
1774965636626,326,GET Articles,200,Cenario 1 - Carga Basica 1-9,true,708075,157,10,10,326,0
1774965636668,332,GET Articles,200,Cenario 1 - Carga Basica 1-2,true,708074,157,10,10,331,0
1774965636702,330,GET Articles,200,Cenario 1 - Carga Basica 1-7,true,708075,157,10,10,329,0
1774965636731,325,GET Articles,200,Cenario 1 - Carga Basica 1-10,true,708075,157,10,10,324,0
1774965636759,334,GET Articles,200,Cenario 1 - Carga Basica 1-8,true,708074,157,10,10,333,0
1774965636791,324,GET Articles,200,Cenario 1 - Carga Basica 1-5,true,708075,157,10,10,323,0
1774965636828,315,GET Articles,200,Cenario 1 - Carga Basica 1-3,true,708075,157,10,10,315,0
1774965636865,317,GET Articles,200,Cenario 1 - Carga Basica 1-1,true,708074,157,10,10,317,0
1774965636898,313,GET Articles,200,Cenario 1 - Carga Basica 1-4,true,708075,157,10,10,312,0
1774965636928,310,GET Articles,200,Cenario 1 - Carga Basica 1-6,true,708075,157,10,10,309,0
1774965636952,324,GET Articles,200,Cenario 1 - Carga Basica 1-9,true,708074,157,10,10,323,0
1774965637000,309,GET Articles,200,Cenario 1 - Carga Basica 1-2,true,708074,157,10,10,309,0
1774965637032,307,GET Articles,200,Cenario 1 - Carga Basica 1-7,true,708075,157,10,10,307,0
1774965637056,323,GET Articles,200,Cenario 1 - Carga Basica 1-10,true,708074,157,10,10,322,0
1774965637093,315,GET Articles,200,Cenario 1 - Carga Basica 1-8,true,708075,157,10,10,314,0
1774965637115,319,GET Articles,200,Cenario 1 - Carga Basica 1-5,true,708075,157,10,10,318,0
1774965637144,332,GET Articles,200,Cenario 1 - Carga Basica 1-3,true,708074,157,10,10,331,0
1774965637183,319,GET Articles,200,Cenario 1 - Carga Basica 1-1,true,708075,157,10,10,319,0
1774965637211,320,GET Articles,200,Cenario 1 - Carga Basica 1-4,true,708075,157,10,10,319,0
1774965637239,325,GET Articles,200,Cenario 1 - Carga Basica 1-6,true,708074,157,10,10,324,0
1774965637310,285,GET Articles,200,Cenario 1 - Carga Basica 1-2,true,708075,157,10,10,284,0
1774965637276,351,GET Articles,200,Cenario 1 - Carga Basica 1-9,true,708075,157,10,10,350,0
1774965637340,338,GET Articles,200,Cenario 1 - Carga Basica 1-7,true,708074,157,10,10,337,0
1774965637379,306,GET Articles,200,Cenario 1 - Carga Basica 1-10,true,708074,157,10,10,303,0
1774965637408,297,GET Articles,200,Cenario 1 - Carga Basica 1-8,true,708075,157,10,10,296,0
1774965637434,305,GET Articles,200,Cenario 1 - Carga Basica 1-5,true,708074,157,10,10,305,0
1774965637476,290,GET Articles,200,Cenario 1 - Carga Basica 1-3,true,708074,157,10,10,289,0
1774965637503,288,GET Articles,200,Cenario 1 - Carga Basica 1-1,true,708075,157,10,10,287,0
1774965637531,296,GET Articles,200,Cenario 1 - Carga Basica 1-4,true,708074,157,10,10,295,0
1774965637564,286,GET Articles,200,Cenario 1 - Carga Basica 1-6,true,708075,157,10,10,285,0
1774965637595,283,GET Articles,200,Cenario 1 - Carga Basica 1-2,true,708075,157,10,10,282,0
1774965637627,291,GET Articles,200,Cenario 1 - Carga Basica 1-9,true,708074,157,10,10,291,0
1774965637678,265,GET Articles,200,Cenario 1 - Carga Basica 1-7,true,708075,157,10,10,264,0
1774965637685,286,GET Articles,200,Cenario 1 - Carga Basica 1-10,true,708075,157,10,10,285,0
1774965637705,332,GET Articles,200,Cenario 1 - Carga Basica 1-8,true,708074,157,10,10,331,0
1774965637740,303,GET Articles,200,Cenario 1 - Carga Basica 1-5,true,708074,157,10,10,302,0
1774965637766,305,GET Articles,200,Cenario 1 - Carga Basica 1-3,true,708075,157,10,10,304,0
1774965637791,345,GET Articles,200,Cenario 1 - Carga Basica 1-1,true,708074,157,10,10,345,0
1774965637827,316,GET Articles,200,Cenario 1 - Carga Basica 1-4,true,708074,157,10,10,315,0
1774965637850,314,GET Articles,200,Cenario 1 - Carga Basica 1-6,true,708075,157,10,10,314,0
1774965637878,322,GET Articles,200,Cenario 1 - Carga Basica 1-2,true,708074,157,10,10,322,0
1774965637919,308,GET Articles,200,Cenario 1 - Carga Basica 1-9,true,708075,157,10,10,307,0
1774965637943,311,GET Articles,200,Cenario 1 - Carga Basica 1-7,true,708075,157,10,10,310,0
1774965637971,316,GET Articles,200,Cenario 1 - Carga Basica 1-10,true,708074,157,10,10,316,0
1774965638037,280,GET Articles,200,Cenario 1 - Carga Basica 1-8,true,708075,157,10,10,279,0
1774965638043,297,GET Articles,200,Cenario 1 - Carga Basica 1-5,true,708075,157,10,10,296,0
1774965638071,317,GET Articles,200,Cenario 1 - Carga Basica 1-3,true,708074,157,10,10,316,0
1774965638137,273,GET Articles,200,Cenario 1 - Carga Basica 1-1,true,708074,157,10,10,272,0
1774965638143,292,GET Articles,200,Cenario 1 - Carga Basica 1-4,true,708075,157,10,10,291,0
1774965638201,277,GET Articles,200,Cenario 1 - Carga Basica 1-2,true,708074,157,10,10,276,0
1774965638165,343,GET Articles,200,Cenario 1 - Carga Basica 1-6,true,708075,157,10,10,342,0
1774965638227,306,GET Articles,200,Cenario 1 - Carga Basica 1-9,true,708075,157,10,10,305,0
1774965638254,323,GET Articles,200,Cenario 1 - Carga Basica 1-7,true,708074,157,10,10,323,0
1774965638288,321,GET Articles,200,Cenario 1 - Carga Basica 1-10,true,708075,157,10,10,320,0
1774965638317,321,GET Articles,200,Cenario 1 - Carga Basica 1-8,true,708075,157,10,10,320,0
1774965638340,332,GET Articles,200,Cenario 1 - Carga Basica 1-5,true,708074,157,10,10,331,0
1774965638388,315,GET Articles,200,Cenario 1 - Carga Basica 1-3,true,708075,157,10,10,314,0
1774965638410,319,GET Articles,200,Cenario 1 - Carga Basica 1-1,true,708075,157,10,10,318,0
1774965638435,353,GET Articles,200,Cenario 1 - Carga Basica 1-4,true,708074,157,10,10,352,0
1774965638479,313,GET Articles,200,Cenario 1 - Carga Basica 1-2,true,708074,157,10,10,313,0
1774965638508,315,GET Articles,200,Cenario 1 - Carga Basica 1-6,true,708075,157,10,10,314,0
1774965638578,302,GET Articles,200,Cenario 1 - Carga Basica 1-7,true,708074,157,10,10,301,0
1774965638533,385,GET Articles,200,Cenario 1 - Carga Basica 1-9,true,708075,157,10,10,384,0
1774965638609,333,GET Articles,200,Cenario 1 - Carga Basica 1-10,true,708076,157,10,10,333,0
1774965638639,366,GET Articles,200,Cenario 1 - Carga Basica 1-8,true,708074,157,10,10,365,0
1774965638672,339,GET Articles,200,Cenario 1 - Carga Basica 1-5,true,708074,157,10,10,338,0
1774965638703,336,GET Articles,200,Cenario 1 - Carga Basica 1-3,true,708075,157,10,10,336,0
1774965638729,342,GET Articles,200,Cenario 1 - Carga Basica 1-1,true,708074,157,10,10,341,0
1774965638788,314,GET Articles,200,Cenario 1 - Carga Basica 1-4,true,708075,157,10,10,313,0
1774965638793,331,GET Articles,200,Cenario 1 - Carga Basica 1-2,true,708075,157,10,10,330,0
1774965638880,275,GET Articles,200,Cenario 1 - Carga Basica 1-7,true,708074,157,10,10,275,0
1774965638823,361,GET Articles,200,Cenario 1 - Carga Basica 1-6,true,708075,157,10,10,360,0
1774965638918,298,GET Articles,200,Cenario 1 - Carga Basica 1-9,true,708075,157,10,10,297,0
1774965638943,332,GET Articles,200,Cenario 1 - Carga Basica 1-10,true,708074,157,10,10,331,0
1774965639005,293,GET Articles,200,Cenario 1 - Carga Basica 1-8,true,708074,157,10,10,292,0
1774965639011,291,GET Articles,200,Cenario 1 - Carga Basica 1-5,true,708074,157,10,10,290,0
1774965639071,265,GET Articles,200,Cenario 1 - Carga Basica 1-1,true,708074,157,10,10,265,0
1774965639040,319,GET Articles,200,Cenario 1 - Carga Basica 1-3,true,708074,157,10,10,318,0
1774965639102,285,GET Articles,200,Cenario 1 - Carga Basica 1-4,true,708075,157,10,10,284,0
1774965639124,293,GET Articles,200,Cenario 1 - Carga Basica 1-2,true,708074,157,10,10,292,0
1774965639155,287,GET Articles,200,Cenario 1 - Carga Basica 1-7,true,708075,157,10,10,286,0
1774965639184,295,GET Articles,200,Cenario 1 - Carga Basica 1-6,true,708075,157,10,10,294,0
1774965639216,298,GET Articles,200,Cenario 1 - Carga Basica 1-9,true,708074,157,10,10,297,0
1774965639275,285,GET Articles,200,Cenario 1 - Carga Basica 1-10,true,708075,157,10,10,284,0
1774965639298,286,GET Articles,200,Cenario 1 - Carga Basica 1-8,true,708075,157,10,10,286,0
1774965639302,311,GET Articles,200,Cenario 1 - Carga Basica 1-5,true,708074,157,10,10,310,0
1774965639336,310,GET Articles,200,Cenario 1 - Carga Basica 1-1,true,708075,157,10,10,310,0
1774965639359,322,GET Articles,200,Cenario 1 - Carga Basica 1-3,true,708075,157,10,10,321,0
1774965639387,326,GET Articles,200,Cenario 1 - Carga Basica 1-4,true,708074,157,10,10,325,0
1774965639417,322,GET Articles,200,Cenario 1 - Carga Basica 1-2,true,708075,157,10,10,321,0
1774965639442,321,GET Articles,200,Cenario 1 - Carga Basica 1-7,true,708075,157,10,10,320,0
1774965639479,322,GET Articles,200,Cenario 1 - Carga Basica 1-6,true,708074,157,10,10,321,0
1774965639514,321,GET Articles,200,Cenario 1 - Carga Basica 1-9,true,708075,157,10,10,320,0
1774965639560,298,GET Articles,200,Cenario 1 - Carga Basica 1-10,true,708075,157,10,10,298,0
1774965639585,308,GET Articles,200,Cenario 1 - Carga Basica 1-8,true,708074,157,10,10,307,0
1774965639613,314,GET Articles,200,Cenario 1 - Carga Basica 1-5,true,708075,157,10,10,313,0
1774965639647,308,GET Articles,200,Cenario 1 - Carga Basica 1-1,true,708075,157,10,10,307,0
1774965639681,316,GET Articles,200,Cenario 1 - Carga Basica 1-3,true,708074,157,10,10,315,0
1774965639713,311,GET Articles,200,Cenario 1 - Carga Basica 1-4,true,708075,157,10,10,310,0
1774965639739,326,GET Articles,200,Cenario 1 - Carga Basica 1-2,true,708075,157,10,10,325,0
1774965639763,330,GET Articles,200,Cenario 1 - Carga Basica 1-7,true,708074,157,10,10,330,0
1774965639801,322,GET Articles,200,Cenario 1 - Carga Basica 1-6,true,708075,157,10,10,321,0
1774965639835,309,GET Articles,200,Cenario 1 - Carga Basica 1-9,true,708075,157,10,10,309,0
1774965639859,314,GET Articles,200,Cenario 1 - Carga Basica 1-10,true,708074,157,10,10,314,0
1774965639893,309,GET Articles,200,Cenario 1 - Carga Basica 1-8,true,708075,157,10,10,308,0
1774965639927,316,GET Articles,200,Cenario 1 - Carga Basica 1-5,true,708075,157,10,10,315,0
1774965639955,327,GET Articles,200,Cenario 1 - Carga Basica 1-1,true,708074,157,10,10,327,0
1774965639997,332,GET Articles,200,Cenario 1 - Carga Basica 1-3,true,708075,157,10,10,331,0
1774965640024,309,GET Articles,200,Cenario 1 - Carga Basica 1-4,true,708075,157,10,10,308,0
1774965640065,320,GET Articles,200,Cenario 1 - Carga Basica 1-2,true,708074,157,10,10,319,0
1774965640123,286,GET Articles,200,Cenario 1 - Carga Basica 1-6,true,708075,157,10,10,286,0
1774965640094,338,GET Articles,200,Cenario 1 - Carga Basica 1-7,true,708075,157,10,10,337,0
1774965640144,322,GET Articles,200,Cenario 1 - Carga Basica 1-9,true,708074,157,10,10,322,0
1774965640174,323,GET Articles,200,Cenario 1 - Carga Basica 1-10,true,708074,157,10,10,323,0
1774965640202,324,GET Articles,200,Cenario 1 - Carga Basica 1-8,true,708075,157,10,10,323,0
1774965640243,316,GET Articles,200,Cenario 1 - Carga Basica 1-5,true,708074,157,10,10,315,0
1774965640282,301,GET Articles,200,Cenario 1 - Carga Basica 1-1,true,708075,157,10,10,300,0
1774965640329,278,GET Articles,200,Cenario 1 - Carga Basica 1-3,true,708075,157,10,10,278,0
1774965640333,306,GET Articles,200,Cenario 1 - Carga Basica 1-4,true,708074,157,10,10,306,0
1774965640385,279,GET Articles,200,Cenario 1 - Carga Basica 1-2,true,708075,157,10,10,278,0
1774965640410,277,GET Articles,200,Cenario 1 - Carga Basica 1-6,true,708075,157,10,10,276,0
1774965640432,285,GET Articles,200,Cenario 1 - Carga Basica 1-7,true,708074,157,10,10,285,0
1774965640467,275,GET Articles,200,Cenario 1 - Carga Basica 1-9,true,708075,157,10,10,274,0
1774965640498,280,GET Articles,200,Cenario 1 - Carga Basica 1-10,true,708075,157,10,10,279,0
1774965640526,283,GET Articles,200,Cenario 1 - Carga Basica 1-8,true,708074,157,10,10,282,0
1774965640559,275,GET Articles,200,Cenario 1 - Carga Basica 1-5,true,708075,157,10,10,274,0
1774965640583,287,GET Articles,200,Cenario 1 - Carga Basica 1-1,true,708075,157,10,10,286,0
1774965640607,295,GET Articles,200,Cenario 1 - Carga Basica 1-3,true,708074,157,10,10,294,0
1774965640639,294,GET Articles,200,Cenario 1 - Carga Basica 1-4,true,708075,157,10,10,294,0
1774965640664,292,GET Articles,200,Cenario 1 - Carga Basica 1-2,true,708075,157,10,10,291,0
1774965640687,301,GET Articles,200,Cenario 1 - Carga Basica 1-6,true,708074,157,10,10,299,0
1774965640717,302,GET Articles,200,Cenario 1 - Carga Basica 1-7,true,708075,157,10,10,301,0
1774965640742,301,GET Articles,200,Cenario 1 - Carga Basica 1-9,true,708075,157,10,10,300,0
1774965640778,306,GET Articles,200,Cenario 1 - Carga Basica 1-10,true,708074,157,10,10,305,0
1774965640809,302,GET Articles,200,Cenario 1 - Carga Basica 1-8,true,708075,157,10,10,301,0
1774965640834,309,GET Articles,200,Cenario 1 - Carga Basica 1-5,true,708075,157,10,10,309,0
1774965640870,312,GET Articles,200,Cenario 1 - Carga Basica 1-1,true,708074,157,10,10,311,0
1774965640902,306,GET Articles,200,Cenario 1 - Carga Basica 1-3,true,708075,157,10,10,306,0
1774965640934,306,GET Articles,200,Cenario 1 - Carga Basica 1-4,true,708075,157,10,10,305,0
1774965640956,324,GET Articles,200,Cenario 1 - Carga Basica 1-2,true,708074,157,10,10,323,0
1774965640989,322,GET Articles,200,Cenario 1 - Carga Basica 1-6,true,708075,157,10,10,321,0
1774965641019,318,GET Articles,200,Cenario 1 - Carga Basica 1-7,true,708075,157,10,10,317,0
1774965641043,337,GET Articles,200,Cenario 1 - Carga Basica 1-9,true,708074,157,10,10,336,0
1774965641084,325,GET Articles,200,Cenario 1 - Carga Basica 1-10,true,708075,157,10,10,324,0
1774965641111,326,GET Articles,200,Cenario 1 - Carga Basica 1-8,true,708075,157,10,10,325,0
1774965641144,329,GET Articles,200,Cenario 1 - Carga Basica 1-5,true,708074,157,10,10,328,0
1774965641182,321,GET Articles,200,Cenario 1 - Carga Basica 1-1,true,708075,157,10,10,320,0
1774965641209,322,GET Articles,200,Cenario 1 - Carga Basica 1-3,true,708075,157,10,10,321,0
1774965641240,323,GET Articles,200,Cenario 1 - Carga Basica 1-4,true,708074,157,10,10,322,0
1774965641280,312,GET Articles,200,Cenario 1 - Carga Basica 1-2,true,708075,157,10,10,312,0
1774965641311,307,GET Articles,200,Cenario 1 - Carga Basica 1-6,true,708075,157,10,10,307,0
1774965641337,318,GET Articles,200,Cenario 1 - Carga Basica 1-7,true,708074,157,10,10,317,0
1774965641380,305,GET Articles,200,Cenario 1 - Carga Basica 1-9,true,708075,157,10,10,304,0
1774965641409,295,GET Articles,200,Cenario 1 - Carga Basica 1-10,true,708075,157,10,10,294,0
1774965641437,309,GET Articles,200,Cenario 1 - Carga Basica 1-8,true,708074,157,10,10,308,0
1774965641473,299,GET Articles,200,Cenario 1 - Carga Basica 1-5,true,708075,157,10,10,299,0
1774965641503,298,GET Articles,200,Cenario 1 - Carga Basica 1-1,true,708075,157,10,10,297,0
1774965641531,302,GET Articles,200,Cenario 1 - Carga Basica 1-3,true,708074,157,10,10,301,0
1774965641563,305,GET Articles,200,Cenario 1 - Carga Basica 1-4,true,708075,157,10,10,304,0
1774965641593,300,GET Articles,200,Cenario 1 - Carga Basica 1-2,true,708075,157,10,10,300,0
1774965641618,309,GET Articles,200,Cenario 1 - Carga Basica 1-6,true,708074,157,10,10,308,0
1774965641655,300,GET Articles,200,Cenario 1 - Carga Basica 1-7,true,708075,157,10,10,299,0
1774965641685,295,GET Articles,200,Cenario 1 - Carga Basica 1-9,true,708075,157,10,10,294,0
1774965641705,311,GET Articles,200,Cenario 1 - Carga Basica 1-10,true,708074,157,10,10,310,0
1774965641746,310,GET Articles,200,Cenario 1 - Carga Basica 1-8,true,708074,157,10,10,309,0
1774965641773,304,GET Articles,200,Cenario 1 - Carga Basica 1-5,true,708074,157,10,10,303,0
1774965641801,313,GET Articles,200,Cenario 1 - Carga Basica 1-1,true,708074,157,10,10,312,0
1774965641833,308,GET Articles,200,Cenario 1 - Carga Basica 1-3,true,708074,157,10,10,307,0
1774965641868,299,GET Articles,200,Cenario 1 - Carga Basica 1-4,true,708075,157,10,10,298,0
1774965641894,304,GET Articles,200,Cenario 1 - Carga Basica 1-2,true,708074,157,10,10,303,0
1774965641927,319,GET Articles,200,Cenario 1 - Carga Basica 1-6,true,708074,157,10,10,319,0
1774965641955,296,GET Articles,200,Cenario 1 - Carga Basica 1-7,true,708074,157,10,10,295,0
1774965641980,304,GET Articles,200,Cenario 1 - Carga Basica 1-9,true,708074,157,10,10,303,0
1774965642056,260,GET Articles,200,Cenario 1 - Carga Basica 1-8,true,708074,157,10,10,259,0
1774965642016,334,GET Articles,200,Cenario 1 - Carga Basica 1-10,true,708075,157,10,10,333,0
1774965642077,306,GET Articles,200,Cenario 1 - Carga Basica 1-5,true,708074,157,10,10,305,0
1774965642114,298,GET Articles,200,Cenario 1 - Carga Basica 1-1,true,708074,157,10,10,298,0
1774965642141,298,GET Articles,200,Cenario 1 - Carga Basica 1-3,true,708075,157,10,10,298,0
1774965642167,313,GET Articles,200,Cenario 1 - Carga Basica 1-4,true,708074,157,10,10,313,0
1774965642198,333,GET Articles,200,Cenario 1 - Carga Basica 1-2,true,708074,157,10,10,332,0
1774965642247,313,GET Articles,200,Cenario 1 - Carga Basica 1-6,true,708075,157,10,10,312,0
1774965642251,340,GET Articles,200,Cenario 1 - Carga Basica 1-7,true,708074,157,10,10,339,0
1774965642284,333,GET Articles,200,Cenario 1 - Carga Basica 1-9,true,708074,157,10,10,333,0
1774965642316,328,GET Articles,200,Cenario 1 - Carga Basica 1-8,true,708075,157,10,10,327,0
1774965642350,331,GET Articles,200,Cenario 1 - Carga Basica 1-10,true,708074,157,10,10,330,0
1774965642383,338,GET Articles,200,Cenario 1 - Carga Basica 1-5,true,708074,157,10,10,337,0
1774965642412,336,GET Articles,200,Cenario 1 - Carga Basica 1-1,true,708074,157,10,10,335,0
1774965642440,340,GET Articles,200,Cenario 1 - Carga Basica 1-3,true,708074,157,10,10,339,0
1774965642481,325,GET Articles,200,Cenario 1 - Carga Basica 1-4,true,708074,157,10,10,324,0
1774965642531,318,GET Articles,200,Cenario 1 - Carga Basica 1-2,true,708075,157,10,10,317,0
1774965642560,317,GET Articles,200,Cenario 1 - Carga Basica 1-6,true,708074,157,10,10,316,0
1774965642591,316,GET Articles,200,Cenario 1 - Carga Basica 1-7,true,708074,157,10,10,315,0
1774965642617,319,GET Articles,200,Cenario 1 - Carga Basica 1-9,true,708075,157,10,10,318,0
1774965642644,325,GET Articles,200,Cenario 1 - Carga Basica 1-8,true,708074,157,10,10,324,0
1774965642681,317,GET Articles,200,Cenario 1 - Carga Basica 1-10,true,708074,157,10,10,317,0
1774965642721,304,GET Articles,200,Cenario 1 - Carga Basica 1-5,true,708075,157,10,10,304,0
1774965642748,307,GET Articles,200,Cenario 1 - Carga Basica 1-1,true,708074,157,10,10,306,0
1774965642780,304,GET Articles,200,Cenario 1 - Carga Basica 1-3,true,708074,157,10,10,304,0
1774965642806,301,GET Articles,200,Cenario 1 - Carga Basica 1-4,true,708075,157,10,10,300,0
1774965642849,289,GET Articles,200,Cenario 1 - Carga Basica 1-2,true,708074,157,10,10,288,0
1774965642877,300,GET Articles,200,Cenario 1 - Carga Basica 1-6,true,708074,157,10,10,299,0
1774965642907,296,GET Articles,200,Cenario 1 - Carga Basica 1-7,true,708075,157,10,10,295,0
1774965642936,298,GET Articles,200,Cenario 1 - Carga Basica 1-9,true,708074,157,10,10,297,0
1774965642969,300,GET Articles,200,Cenario 1 - Carga Basica 1-8,true,708074,157,10,10,299,0
1774965642998,306,GET Articles,200,Cenario 1 - Carga Basica 1-10,true,708074,157,10,10,305,0
1774965643026,308,GET Articles,200,Cenario 1 - Carga Basica 1-5,true,708074,157,10,10,308,0
1774965643055,306,GET Articles,200,Cenario 1 - Carga Basica 1-1,true,708074,157,10,10,306,0
1774965643085,303,GET Articles,200,Cenario 1 - Carga Basica 1-3,true,708075,157,10,10,302,0
1774965643107,309,GET Articles,200,Cenario 1 - Carga Basica 1-4,true,708074,157,10,10,308,0
1774965643177,267,GET Articles,200,Cenario 1 - Carga Basica 1-6,true,708074,157,10,10,266,0
1774965643138,328,GET Articles,200,Cenario 1 - Carga Basica 1-2,true,708075,157,10,10,327,0
1774965643203,297,GET Articles,200,Cenario 1 - Carga Basica 1-7,true,708075,157,10,10,296,0
1774965643234,320,GET Articles,200,Cenario 1 - Carga Basica 1-9,true,708074,157,10,10,320,0
1774965643269,290,GET Articles,200,Cenario 1 - Carga Basica 1-8,true,708074,157,10,10,289,0
1774965643304,286,GET Articles,200,Cenario 1 - Carga Basica 1-10,true,708074,157,10,10,285,0
1774965643362,255,GET Articles,200,Cenario 1 - Carga Basica 1-1,true,708074,157,10,10,254,0
1774965643335,312,GET Articles,200,Cenario 1 - Carga Basica 1-5,true,708075,157,10,10,311,0
1774965643388,288,GET Articles,200,Cenario 1 - Carga Basica 1-3,true,708074,157,10,10,288,0
1774965643416,290,GET Articles,200,Cenario 1 - Carga Basica 1-4,true,708074,157,10,10,290,0
1774965643444,305,GET Articles,200,Cenario 1 - Carga Basica 1-6,true,708075,157,10,10,305,0
1774965643466,315,GET Articles,200,Cenario 1 - Carga Basica 1-2,true,708074,157,10,10,314,0
1774965643500,308,GET Articles,200,Cenario 1 - Carga Basica 1-7,true,708074,157,10,10,307,0
1774965643555,287,GET Articles,200,Cenario 1 - Carga Basica 1-9,true,708075,157,10,10,286,0
1774965643559,314,GET Articles,200,Cenario 1 - Carga Basica 1-8,true,708075,157,10,10,313,0
1774965643590,312,GET Articles,200,Cenario 1 - Carga Basica 1-10,true,708074,157,10,10,311,0
1774965643617,318,GET Articles,200,Cenario 1 - Carga Basica 1-1,true,708075,157,10,10,318,0
1774965643647,316,GET Articles,200,Cenario 1 - Carga Basica 1-5,true,708075,157,10,10,315,0
1774965643677,313,GET Articles,200,Cenario 1 - Carga Basica 1-3,true,708074,157,10,10,313,0
1774965643706,319,GET Articles,200,Cenario 1 - Carga Basica 1-4,true,708075,157,10,10,319,0
1774965643750,311,GET Articles,200,Cenario 1 - Carga Basica 1-6,true,708075,157,10,10,311,0
1774965643781,309,GET Articles,200,Cenario 1 - Carga Basica 1-2,true,708074,157,10,10,309,0
1774965643808,318,GET Articles,200,Cenario 1 - Carga Basica 1-7,true,708075,157,10,10,317,0
1774965643842,312,GET Articles,200,Cenario 1 - Carga Basica 1-9,true,708075,157,10,10,311,0
1774965643873,330,GET Articles,200,Cenario 1 - Carga Basica 1-8,true,708075,157,10,10,329,0
1774965643902,333,GET Articles,200,Cenario 1 - Carga Basica 1-10,true,708075,157,10,10,333,0
1774965643936,325,GET Articles,200,Cenario 1 - Carga Basica 1-1,true,708075,157,10,10,324,0
1774965643963,327,GET Articles,200,Cenario 1 - Carga Basica 1-5,true,708074,157,10,10,327,0
1774965643991,327,GET Articles,200,Cenario 1 - Carga Basica 1-3,true,708075,157,10,10,325,0
1774965644026,317,GET Articles,200,Cenario 1 - Carga Basica 1-4,true,708075,157,10,10,317,0
1774965644062,312,GET Articles,200,Cenario 1 - Carga Basica 1-6,true,708074,157,10,10,312,0
1774965644091,320,GET Articles,200,Cenario 1 - Carga Basica 1-2,true,708075,157,10,10,319,0
1774965644126,310,GET Articles,200,Cenario 1 - Carga Basica 1-7,true,708075,157,10,10,310,0
1774965644154,313,GET Articles,200,Cenario 1 - Carga Basica 1-9,true,708074,157,10,10,312,0
1774965644203,301,GET Articles,200,Cenario 1 - Carga Basica 1-8,true,708075,157,10,10,300,0
1774965644235,312,GET Articles,200,Cenario 1 - Carga Basica 1-10,true,708075,157,10,10,311,0
1774965644261,317,GET Articles,200,Cenario 1 - Carga Basica 1-1,true,708074,157,10,10,316,0
1774965644290,313,GET Articles,200,Cenario 1 - Carga Basica 1-5,true,708075,157,10,10,312,0
1774965644318,318,GET Articles,200,Cenario 1 - Carga Basica 1-3,true,708075,157,10,10,317,0
1774965644344,331,GET Articles,200,Cenario 1 - Carga Basica 1-4,true,708074,157,10,10,330,0
1774965644375,322,GET Articles,200,Cenario 1 - Carga Basica 1-6,true,708075,157,10,10,321,0
1774965644411,310,GET Articles,200,Cenario 1 - Carga Basica 1-2,true,708075,157,10,10,310,0
1774965644436,320,GET Articles,200,Cenario 1 - Carga Basica 1-7,true,708074,157,10,10,319,0
1774965644467,317,GET Articles,200,Cenario 1 - Carga Basica 1-9,true,708075,157,10,10,317,0
1774965644504,303,GET Articles,200,Cenario 1 - Carga Basica 1-8,true,708075,157,10,10,303,0
1774965644547,293,GET Articles,200,Cenario 1 - Carga Basica 1-10,true,708074,157,10,10,293,0
1774965644578,298,GET Articles,200,Cenario 1 - Carga Basica 1-1,true,708075,157,10,10,298,0
1774965644603,308,GET Articles,200,Cenario 1 - Carga Basica 1-5,true,708075,157,10,10,308,0
1774965644636,308,GET Articles,200,Cenario 1 - Carga Basica 1-3,true,708074,157,10,10,307,0
1774965644675,293,GET Articles,200,Cenario 1 - Carga Basica 1-4,true,708075,157,10,10,293,0
1774965644697,301,GET Articles,200,Cenario 1 - Carga Basica 1-6,true,708075,157,10,10,300,0
1774965644722,313,GET Articles,200,Cenario 1 - Carga Basica 1-2,true,708074,157,10,10,313,0
1774965644756,307,GET Articles,200,Cenario 1 - Carga Basica 1-7,true,708075,157,10,10,307,0
1774965644785,306,GET Articles,200,Cenario 1 - Carga Basica 1-9,true,708075,157,10,10,305,0
1774965644808,319,GET Articles,200,Cenario 1 - Carga Basica 1-8,true,708074,157,10,10,318,0
1774965644841,313,GET Articles,200,Cenario 1 - Carga Basica 1-10,true,708075,157,10,10,312,0
1774965644876,306,GET Articles,200,Cenario 1 - Carga Basica 1-1,true,708075,157,10,10,305,0
1774965644912,308,GET Articles,200,Cenario 1 - Carga Basica 1-5,true,708074,157,10,10,307,0
1774965644944,305,GET Articles,200,Cenario 1 - Carga Basica 1-3,true,708074,157,10,10,304,0
1774965644968,311,GET Articles,200,Cenario 1 - Carga Basica 1-4,true,708075,157,10,10,310,0
1774965644998,320,GET Articles,200,Cenario 1 - Carga Basica 1-6,true,708074,157,10,10,320,0
1774965645035,345,GET Articles,200,Cenario 1 - Carga Basica 1-2,true,708075,157,10,10,344,0
1774965645064,320,GET Articles,200,Cenario 1 - Carga Basica 1-7,true,708075,157,10,10,319,0
1774965645091,329,GET Articles,200,Cenario 1 - Carga Basica 1-9,true,708074,157,10,10,328,0
1774965645127,315,GET Articles,200,Cenario 1 - Carga Basica 1-8,true,708075,157,10,10,314,0
1774965645154,312,GET Articles,200,Cenario 1 - Carga Basica 1-10,true,708075,157,10,10,311,0
1774965645182,320,GET Articles,200,Cenario 1 - Carga Basica 1-1,true,708074,157,10,10,320,0
1774965645220,308,GET Articles,200,Cenario 1 - Carga Basica 1-5,true,708075,157,10,10,307,0
1774965645249,302,GET Articles,200,Cenario 1 - Carga Basica 1-3,true,708075,157,10,10,301,0
1774965645279,312,GET Articles,200,Cenario 1 - Carga Basica 1-4,true,708074,157,10,10,312,0
1774965645318,300,GET Articles,200,Cenario 1 - Carga Basica 1-6,true,708075,157,10,10,299,0
1774965645380,285,GET Articles,200,Cenario 1 - Carga Basica 1-2,true,708075,157,10,10,284,0
1774965645384,327,GET Articles,200,Cenario 1 - Carga Basica 1-7,true,708074,157,10,10,326,0
1774965645420,317,GET Articles,200,Cenario 1 - Carga Basica 1-9,true,708075,157,10,10,317,0
1774965645442,326,GET Articles,200,Cenario 1 - Carga Basica 1-8,true,708075,157,10,10,325,0
1774965645466,337,GET Articles,200,Cenario 1 - Carga Basica 1-10,true,708074,157,10,10,336,0
1774965645502,323,GET Articles,200,Cenario 1 - Carga Basica 1-1,true,708075,157,10,10,323,0
1774965645528,326,GET Articles,200,Cenario 1 - Carga Basica 1-5,true,708075,157,10,10,326,0
1774965645551,342,GET Articles,200,Cenario 1 - Carga Basica 1-3,true,708074,157,10,10,341,0
1774965645592,328,GET Articles,200,Cenario 1 - Carga Basica 1-4,true,708075,157,10,10,327,0
1774965645618,330,GET Articles,200,Cenario 1 - Carga Basica 1-6,true,708075,157,10,10,329,0
1774965645665,319,GET Articles,200,Cenario 1 - Carga Basica 1-2,true,708074,157,10,10,318,0
1774965645711,300,GET Articles,200,Cenario 1 - Carga Basica 1-7,true,708075,157,10,10,300,0
1774965645738,297,GET Articles,200,Cenario 1 - Carga Basica 1-9,true,708075,157,10,10,296,0
1774965645768,305,GET Articles,200,Cenario 1 - Carga Basica 1-8,true,708074,157,10,10,304,0
1774965645803,295,GET Articles,200,Cenario 1 - Carga Basica 1-10,true,708075,157,10,10,295,0
1774965645826,301,GET Articles,200,Cenario 1 - Carga Basica 1-1,true,708075,157,10,10,300,0
1774965645854,313,GET Articles,200,Cenario 1 - Carga Basica 1-5,true,708074,157,10,10,312,0
1774965645893,298,GET Articles,200,Cenario 1 - Carga Basica 1-3,true,708075,157,10,10,297,0
1774965645920,299,GET Articles,200,Cenario 1 - Carga Basica 1-4,true,708075,157,10,10,298,0
1774965645948,307,GET Articles,200,Cenario 1 - Carga Basica 1-6,true,708074,157,10,10,307,0
1774965645984,324,GET Articles,200,Cenario 1 - Carga Basica 1-2,true,708075,157,10,10,324,0
1774965646011,320,GET Articles,200,Cenario 1 - Carga Basica 1-7,true,708075,157,10,10,319,0
1774965646035,330,GET Articles,200,Cenario 1 - Carga Basica 1-9,true,708074,157,10,10,329,0
1774965646073,321,GET Articles,200,Cenario 1 - Carga Basica 1-8,true,708075,157,10,10,320,0
1774965646098,317,GET Articles,200,Cenario 1 - Carga Basica 1-10,true,708075,157,10,10,316,0
1774965646127,353,GET Articles,200,Cenario 1 - Carga Basica 1-1,true,708074,157,10,10,353,0
1774965646167,318,GET Articles,200,Cenario 1 - Carga Basica 1-5,true,708074,157,10,10,318,0
1774965646191,316,GET Articles,200,Cenario 1 - Carga Basica 1-3,true,708075,157,10,10,315,0
1774965646219,322,GET Articles,200,Cenario 1 - Carga Basica 1-4,true,708074,157,10,10,322,0
1774965646309,276,GET Articles,200,Cenario 1 - Carga Basica 1-2,true,708075,157,10,10,275,0
1774965646255,336,GET Articles,200,Cenario 1 - Carga Basica 1-6,true,708075,157,10,10,335,0
1774965646365,260,GET Articles,200,Cenario 1 - Carga Basica 1-9,true,708074,157,10,10,260,0
1774965646331,324,GET Articles,200,Cenario 1 - Carga Basica 1-7,true,708074,157,10,10,323,0
1774965646394,290,GET Articles,200,Cenario 1 - Carga Basica 1-8,true,708075,157,10,10,290,0
1774965646415,317,GET Articles,200,Cenario 1 - Carga Basica 1-10,true,708074,157,10,10,316,0
1774965646481,277,GET Articles,200,Cenario 1 - Carga Basica 1-1,true,708075,157,10,10,276,0
1774965646486,310,GET Articles,200,Cenario 1 - Carga Basica 1-5,true,708075,157,10,10,309,0
1774965646542,303,GET Articles,200,Cenario 1 - Carga Basica 1-4,true,708074,157,10,10,302,0
1774965646507,342,GET Articles,200,Cenario 1 - Carga Basica 1-3,true,708074,157,10,10,341,0
1774965646585,290,GET Articles,200,Cenario 1 - Carga Basica 1-2,true,708075,157,10,10,289,0
1774965646591,321,GET Articles,200,Cenario 1 - Carga Basica 1-6,true,708074,157,10,10,320,0
1774965646626,312,GET Articles,200,Cenario 1 - Carga Basica 1-9,true,708074,157,10,10,311,0
1774965646655,314,GET Articles,200,Cenario 1 - Carga Basica 1-7,true,708075,157,10,10,313,0
1774965646684,319,GET Articles,200,Cenario 1 - Carga Basica 1-8,true,708074,157,10,10,318,0
1774965646732,301,GET Articles,200,Cenario 1 - Carga Basica 1-10,true,708074,157,10,10,300,0
1774965646758,307,GET Articles,200,Cenario 1 - Carga Basica 1-1,true,708075,157,10,10,307,0
1774965646796,309,GET Articles,200,Cenario 1 - Carga Basica 1-5,true,708074,157,10,10,309,0
1774965646845,289,GET Articles,200,Cenario 1 - Carga Basica 1-4,true,708075,157,10,10,289,0
1774965646849,315,GET Articles,200,Cenario 1 - Carga Basica 1-3,true,708075,157,10,10,314,0
1774965646875,327,GET Articles,200,Cenario 1 - Carga Basica 1-2,true,708074,157,10,10,326,0
1774965646912,334,GET Articles,200,Cenario 1 - Carga Basica 1-6,true,708075,157,10,10,333,0
1774965646938,314,GET Articles,200,Cenario 1 - Carga Basica 1-9,true,708075,157,10,10,313,0
1774965646969,346,GET Articles,200,Cenario 1 - Carga Basica 1-7,true,708074,157,10,10,345,0
1774965647003,318,GET Articles,200,Cenario 1 - Carga Basica 1-8,true,708074,157,10,10,317,0
1774965647033,311,GET Articles,200,Cenario 1 - Carga Basica 1-10,true,708075,157,10,10,310,0
1774965647066,315,GET Articles,200,Cenario 1 - Carga Basica 1-1,true,708074,157,10,10,314,0
1774965647106,315,GET Articles,200,Cenario 1 - Carga Basica 1-5,true,708075,157,10,10,314,0
1774965647135,290,GET Articles,200,Cenario 1 - Carga Basica 1-4,true,708075,157,10,10,290,0
1774965647164,303,GET Articles,200,Cenario 1 - Carga Basica 1-3,true,708074,157,10,10,303,0
1774965647202,293,GET Articles,200,Cenario 1 - Carga Basica 1-2,true,708075,157,10,10,292,0
1774965647246,279,GET Articles,200,Cenario 1 - Carga Basica 1-6,true,708075,157,10,10,278,0
1774965647252,319,GET Articles,200,Cenario 1 - Carga Basica 1-9,true,708074,157,10,10,318,0
1774965647315,303,GET Articles,200,Cenario 1 - Carga Basica 1-7,true,708075,157,10,10,302,0
1774965647321,303,GET Articles,200,Cenario 1 - Carga Basica 1-8,true,708075,157,10,10,302,0
1774965647344,318,GET Articles,200,Cenario 1 - Carga Basica 1-10,true,708074,157,10,10,316,0
1774965647381,307,GET Articles,200,Cenario 1 - Carga Basica 1-1,true,708075,157,10,10,306,0
1774965647421,298,GET Articles,200,Cenario 1 - Carga Basica 1-5,true,708075,157,10,10,297,0
1774965647426,341,GET Articles,200,Cenario 1 - Carga Basica 1-4,true,708074,157,10,10,341,0
1774965647468,319,GET Articles,200,Cenario 1 - Carga Basica 1-3,true,708074,157,10,10,318,0
1774965647495,316,GET Articles,200,Cenario 1 - Carga Basica 1-2,true,708075,157,10,10,315,0
1774965647525,321,GET Articles,200,Cenario 1 - Carga Basica 1-6,true,708074,157,10,10,320,0
1774965647571,302,GET Articles,200,Cenario 1 - Carga Basica 1-9,true,708075,157,10,10,301,0
1774965647618,297,GET Articles,200,Cenario 1 - Carga Basica 1-7,true,708075,157,10,10,297,0
1774965647624,337,GET Articles,200,Cenario 1 - Carga Basica 1-8,true,708074,157,10,10,336,0
1774965647662,322,GET Articles,200,Cenario 1 - Carga Basica 1-10,true,708074,157,10,10,321,0
1774965647688,320,GET Articles,200,Cenario 1 - Carga Basica 1-1,true,708075,157,10,10,319,0
1774965647719,329,GET Articles,200,Cenario 1 - Carga Basica 1-5,true,708074,157,10,10,328,0
1774965647768,315,GET Articles,200,Cenario 1 - Carga Basica 1-4,true,708075,157,10,10,314,0
1774965647787,332,GET Articles,200,Cenario 1 - Carga Basica 1-3,true,708075,157,10,10,331,0
1774965647811,340,GET Articles,200,Cenario 1 - Carga Basica 1-2,true,708074,157,10,10,340,0
1774965647846,334,GET Articles,200,Cenario 1 - Carga Basica 1-6,true,708075,157,10,10,334,0
1774965647873,336,GET Articles,200,Cenario 1 - Carga Basica 1-9,true,708075,157,10,10,335,0
1774965647916,330,GET Articles,200,Cenario 1 - Carga Basica 1-7,true,708074,157,10,10,329,0
1774965647961,313,GET Articles,200,Cenario 1 - Carga Basica 1-8,true,708075,157,10,10,312,0
1774965647984,318,GET Articles,200,Cenario 1 - Carga Basica 1-10,true,708075,157,10,10,318,0
1774965648008,333,GET Articles,200,Cenario 1 - Carga Basica 1-1,true,708074,157,10,10,333,0
1774965648048,315,GET Articles,200,Cenario 1 - Carga Basica 1-5,true,708075,157,10,10,314,0
1774965648083,317,GET Articles,200,Cenario 1 - Carga Basica 1-4,true,708075,157,10,10,316,0
1774965648119,312,GET Articles,200,Cenario 1 - Carga Basica 1-3,true,708074,157,10,10,311,0
1774965648151,303,GET Articles,200,Cenario 1 - Carga Basica 1-2,true,708075,157,10,10,302,0
1774965648180,307,GET Articles,200,Cenario 1 - Carga Basica 1-6,true,708075,157,10,10,306,0
1774965648209,310,GET Articles,200,Cenario 1 - Carga Basica 1-9,true,708074,157,10,10,309,0
1774965648246,298,GET Articles,200,Cenario 1 - Carga Basica 1-7,true,708075,157,10,10,298,0
1774965648274,298,GET Articles,200,Cenario 1 - Carga Basica 1-8,true,708075,157,10,10,297,0
1774965648302,304,GET Articles,200,Cenario 1 - Carga Basica 1-10,true,708074,157,10,10,303,0
1774965648342,289,GET Articles,200,Cenario 1 - Carga Basica 1-1,true,708075,157,10,10,289,0
1774965648363,312,GET Articles,200,Cenario 1 - Carga Basica 1-5,true,708075,157,10,10,311,0
1774965648400,312,GET Articles,200,Cenario 1 - Carga Basica 1-4,true,708074,157,10,10,311,0
1774965648431,313,GET Articles,200,Cenario 1 - Carga Basica 1-3,true,708075,157,10,10,312,0
1774965648454,327,GET Articles,200,Cenario 1 - Carga Basica 1-2,true,708075,157,10,10,326,0
1774965648487,326,GET Articles,200,Cenario 1 - Carga Basica 1-6,true,708074,157,10,10,325,0
1774965648519,320,GET Articles,200,Cenario 1 - Carga Basica 1-9,true,708075,157,10,10,319,0
1774965648544,332,GET Articles,200,Cenario 1 - Carga Basica 1-7,true,708075,157,10,10,331,0
1774965648572,343,GET Articles,200,Cenario 1 - Carga Basica 1-8,true,708074,157,10,10,342,0
1774965648606,344,GET Articles,200,Cenario 1 - Carga Basica 1-10,true,708075,157,10,10,344,0
1774965648631,358,GET Articles,200,Cenario 1 - Carga Basica 1-1,true,708075,157,10,10,357,0
1774965648675,348,GET Articles,200,Cenario 1 - Carga Basica 1-5,true,708074,157,10,10,347,0
1774965648712,340,GET Articles,200,Cenario 1 - Carga Basica 1-4,true,708075,157,10,10,339,0
1774965648744,336,GET Articles,200,Cenario 1 - Carga Basica 1-3,true,708075,157,10,10,335,0
1774965648781,329,GET Articles,200,Cenario 1 - Carga Basica 1-2,true,708074,157,10,10,329,0
1774965648813,325,GET Articles,200,Cenario 1 - Carga Basica 1-6,true,708075,157,10,10,325,0
1774965648839,331,GET Articles,200,Cenario 1 - Carga Basica 1-9,true,708075,157,10,10,330,0
1774965648876,325,GET Articles,200,Cenario 1 - Carga Basica 1-7,true,708074,157,10,10,324,0
1774965648915,312,GET Articles,200,Cenario 1 - Carga Basica 1-8,true,708074,157,10,10,311,0
1774965648951,312,GET Articles,200,Cenario 1 - Carga Basica 1-10,true,708075,157,10,10,312,0
1774965648989,312,GET Articles,200,Cenario 1 - Carga Basica 1-1,true,708074,157,10,10,311,0
1774965649023,305,GET Articles,200,Cenario 1 - Carga Basica 1-5,true,708074,157,10,10,304,0
1774965649052,304,GET Articles,200,Cenario 1 - Carga Basica 1-4,true,708075,157,10,10,304,0
1774965649080,307,GET Articles,200,Cenario 1 - Carga Basica 1-3,true,708074,157,10,10,307,0
1774965649110,310,GET Articles,200,Cenario 1 - Carga Basica 1-2,true,708074,157,10,10,310,0
1774965649139,304,GET Articles,200,Cenario 1 - Carga Basica 1-6,true,708074,157,10,10,303,0
1774965649170,308,GET Articles,200,Cenario 1 - Carga Basica 1-9,true,708074,157,10,10,308,0
1774965649201,313,GET Articles,200,Cenario 1 - Carga Basica 1-7,true,708074,157,10,10,313,0
1774965649227,310,GET Articles,200,Cenario 1 - Carga Basica 1-8,true,708074,157,10,10,309,0
1774965649264,307,GET Articles,200,Cenario 1 - Carga Basica 1-10,true,708074,157,10,10,306,0
1774965649328,269,GET Articles,200,Cenario 1 - Carga Basica 1-5,true,708074,157,10,10,268,0
1774965649301,327,GET Articles,200,Cenario 1 - Carga Basica 1-1,true,708075,157,10,10,326,0
1774965649356,301,GET Articles,200,Cenario 1 - Carga Basica 1-4,true,708074,157,10,10,301,0
1774965649388,298,GET Articles,200,Cenario 1 - Carga Basica 1-3,true,708075,157,10,10,297,0
1774965649420,296,GET Articles,200,Cenario 1 - Carga Basica 1-2,true,708075,157,10,10,295,0
1774965649443,305,GET Articles,200,Cenario 1 - Carga Basica 1-6,true,708074,157,10,10,304,0
1774965649479,299,GET Articles,200,Cenario 1 - Carga Basica 1-9,true,708075,157,10,10,298,0
1774965649514,295,GET Articles,200,Cenario 1 - Carga Basica 1-7,true,708075,157,10,10,294,0
1774965649537,309,GET Articles,200,Cenario 1 - Carga Basica 1-8,true,708074,157,10,10,309,0
1774965649571,305,GET Articles,200,Cenario 1 - Carga Basica 1-10,true,708075,157,10,10,304,0
1774965649597,325,GET Articles,200,Cenario 1 - Carga Basica 1-5,true,708075,157,10,10,324,0
1774965649628,325,GET Articles,200,Cenario 1 - Carga Basica 1-1,true,708074,157,10,10,325,0
1774965649657,326,GET Articles,200,Cenario 1 - Carga Basica 1-4,true,708075,157,10,10,326,0
1774965649686,328,GET Articles,200,Cenario 1 - Carga Basica 1-3,true,708075,157,10,10,327,0
1774965649716,325,GET Articles,200,Cenario 1 - Carga Basica 1-2,true,708075,157,10,10,324,0
1774965649748,340,GET Articles,200,Cenario 1 - Carga Basica 1-6,true,708075,157,10,10,339,0
1774965649778,358,GET Articles,200,Cenario 1 - Carga Basica 1-9,true,708075,157,10,10,357,0
1774965649809,356,GET Articles,200,Cenario 1 - Carga Basica 1-7,true,708075,157,10,10,356,0
1774965649846,347,GET Articles,200,Cenario 1 - Carga Basica 1-8,true,708074,157,10,10,346,0
1774965649876,353,GET Articles,200,Cenario 1 - Carga Basica 1-10,true,708075,157,10,10,353,0
1774965649922,338,GET Articles,200,Cenario 1 - Carga Basica 1-5,true,708075,157,10,10,337,0
1774965649954,334,GET Articles,200,Cenario 1 - Carga Basica 1-1,true,708075,157,10,10,334,0
1774965649984,335,GET Articles,200,Cenario 1 - Carga Basica 1-4,true,708075,157,10,10,334,0
1774965650014,336,GET Articles,200,Cenario 1 - Carga Basica 1-3,true,708075,157,10,10,335,0
1774965650041,341,GET Articles,200,Cenario 1 - Carga Basica 1-2,true,708075,157,10,10,340,0
1774965650088,324,GET Articles,200,Cenario 1 - Carga Basica 1-6,true,708075,157,10,10,324,0
1774965650136,314,GET Articles,200,Cenario 1 - Carga Basica 1-9,true,708075,157,10,10,313,0
1774965650165,327,GET Articles,200,Cenario 1 - Carga Basica 1-7,true,708075,157,10,10,327,0
1774965650193,332,GET Articles,200,Cenario 1 - Carga Basica 1-8,true,708075,157,10,10,332,0
1774965650230,331,GET Articles,200,Cenario 1 - Carga Basica 1-10,true,708075,157,10,10,330,0
1774965650260,330,GET Articles,200,Cenario 1 - Carga Basica 1-5,true,708075,157,10,10,329,0
1774965650289,333,GET Articles,200,Cenario 1 - Carga Basica 1-1,true,708075,157,10,10,333,0
1774965650319,329,GET Articles,200,Cenario 1 - Carga Basica 1-4,true,708075,157,10,10,328,0
1774965650350,332,GET Articles,200,Cenario 1 - Carga Basica 1-3,true,708075,157,10,10,332,0
1774965650382,326,GET Articles,200,Cenario 1 - Carga Basica 1-2,true,708075,157,10,10,325,0
1774965650412,327,GET Articles,200,Cenario 1 - Carga Basica 1-6,true,708075,157,10,10,326,0
1774965650450,326,GET Articles,200,Cenario 1 - Carga Basica 1-9,true,708075,157,10,10,325,0
1774965650493,312,GET Articles,200,Cenario 1 - Carga Basica 1-7,true,708075,157,10,10,311,0
1774965650525,306,GET Articles,200,Cenario 1 - Carga Basica 1-8,true,708075,157,10,10,306,0
1774965650561,300,GET Articles,200,Cenario 1 - Carga Basica 1-10,true,708075,157,10,10,299,0
1774965650590,301,GET Articles,200,Cenario 1 - Carga Basica 1-5,true,708075,157,10,10,301,0
1774965650622,295,GET Articles,200,Cenario 1 - Carga Basica 1-1,true,708075,157,10,10,294,0
1774965650648,302,GET Articles,200,Cenario 1 - Carga Basica 1-4,true,708075,157,10,10,301,0
1774965650683,299,GET Articles,200,Cenario 1 - Carga Basica 1-3,true,708075,157,10,10,298,0
1774965650708,317,GET Articles,200,Cenario 1 - Carga Basica 1-2,true,708075,157,10,10,316,0
1774965650739,311,GET Articles,200,Cenario 1 - Carga Basica 1-6,true,708075,157,10,10,311,0
1774965650776,309,GET Articles,200,Cenario 1 - Carga Basica 1-9,true,708075,157,10,10,306,0
1774965650805,311,GET Articles,200,Cenario 1 - Carga Basica 1-7,true,708075,157,10,10,310,0
1774965650831,311,GET Articles,200,Cenario 1 - Carga Basica 1-8,true,708075,157,10,10,310,0
1774965650861,312,GET Articles,200,Cenario 1 - Carga Basica 1-10,true,708075,157,10,10,311,0
1774965650892,318,GET Articles,200,Cenario 1 - Carga Basica 1-5,true,708075,157,10,10,317,0
1774965650917,316,GET Articles,200,Cenario 1 - Carga Basica 1-1,true,708075,157,10,10,315,0
1774965650950,317,GET Articles,200,Cenario 1 - Carga Basica 1-4,true,708074,157,10,10,317,0
1774965650982,311,GET Articles,200,Cenario 1 - Carga Basica 1-3,true,708075,157,10,10,311,0
1774965651025,299,GET Articles,200,Cenario 1 - Carga Basica 1-2,true,708075,157,10,10,298,0
1774965651050,315,GET Articles,200,Cenario 1 - Carga Basica 1-6,true,708075,157,10,10,314,0
1774965651085,311,GET Articles,200,Cenario 1 - Carga Basica 1-9,true,708074,157,10,10,311,0
1774965651116,304,GET Articles,200,Cenario 1 - Carga Basica 1-7,true,708075,157,10,10,304,0
1774965651142,306,GET Articles,200,Cenario 1 - Carga Basica 1-8,true,708075,157,10,10,305,0
1774965651173,306,GET Articles,200,Cenario 1 - Carga Basica 1-10,true,708074,157,10,10,305,0
1774965651210,305,GET Articles,200,Cenario 1 - Carga Basica 1-5,true,708075,157,10,10,304,0
1774965651233,307,GET Articles,200,Cenario 1 - Carga Basica 1-1,true,708075,157,10,10,307,0
1774965651268,302,GET Articles,200,Cenario 1 - Carga Basica 1-4,true,708074,157,10,10,301,0
1774965651294,308,GET Articles,200,Cenario 1 - Carga Basica 1-3,true,708075,157,10,10,308,0
1774965651324,304,GET Articles,200,Cenario 1 - Carga Basica 1-2,true,708075,157,10,10,303,0
1774965651365,291,GET Articles,200,Cenario 1 - Carga Basica 1-6,true,708074,157,10,10,290,0
1774965651397,282,GET Articles,200,Cenario 1 - Carga Basica 1-9,true,708075,157,10,10,282,0
1774965651420,293,GET Articles,200,Cenario 1 - Carga Basica 1-7,true,708075,157,10,10,292,0
1774965651448,315,GET Articles,200,Cenario 1 - Carga Basica 1-8,true,708074,157,10,10,315,0
1774965651479,308,GET Articles,200,Cenario 1 - Carga Basica 1-10,true,708075,157,10,10,307,0
1774965651515,303,GET Articles,200,Cenario 1 - Carga Basica 1-5,true,708075,157,10,10,303,0
1774965651540,307,GET Articles,200,Cenario 1 - Carga Basica 1-1,true,708074,157,10,10,306,0
1774965651570,305,GET Articles,200,Cenario 1 - Carga Basica 1-4,true,708075,157,10,10,304,0
1774965651603,308,GET Articles,200,Cenario 1 - Carga Basica 1-3,true,708075,157,10,10,307,0
1774965651628,314,GET Articles,200,Cenario 1 - Carga Basica 1-2,true,708074,157,10,10,313,0
1774965651656,308,GET Articles,200,Cenario 1 - Carga Basica 1-6,true,708075,157,10,10,307,0
1774965651680,319,GET Articles,200,Cenario 1 - Carga Basica 1-9,true,708074,157,10,10,318,0
1774965651713,322,GET Articles,200,Cenario 1 - Carga Basica 1-7,true,708074,157,10,10,321,0
1774965651764,299,GET Articles,200,Cenario 1 - Carga Basica 1-8,true,708075,157,10,10,299,0
1774965651787,307,GET Articles,200,Cenario 1 - Carga Basica 1-10,true,708075,157,10,10,306,0
1774965651819,310,GET Articles,200,Cenario 1 - Carga Basica 1-5,true,708074,157,10,10,310,0
1774965651847,307,GET Articles,200,Cenario 1 - Carga Basica 1-1,true,708075,157,10,10,306,0
1774965651875,309,GET Articles,200,Cenario 1 - Carga Basica 1-4,true,708074,157,10,10,308,0
1774965651911,301,GET Articles,200,Cenario 1 - Carga Basica 1-3,true,708074,157,10,10,300,0
1774965651942,292,GET Articles,200,Cenario 1 - Carga Basica 1-2,true,708075,157,10,10,291,0
1774965651964,299,GET Articles,200,Cenario 1 - Carga Basica 1-6,true,708074,157,10,10,299,0
1774965651999,303,GET Articles,200,Cenario 1 - Carga Basica 1-9,true,708074,157,10,10,302,0
1774965652035,314,GET Articles,200,Cenario 1 - Carga Basica 1-7,true,708075,157,10,10,313,0
1774965652063,316,GET Articles,200,Cenario 1 - Carga Basica 1-8,true,708074,157,10,10,315,0
1774965652094,316,GET Articles,200,Cenario 1 - Carga Basica 1-10,true,708074,157,10,10,315,0
1774965652130,305,GET Articles,200,Cenario 1 - Carga Basica 1-5,true,708075,157,10,10,304,0
1774965652154,312,GET Articles,200,Cenario 1 - Carga Basica 1-1,true,708075,157,10,10,311,0
1774965652184,314,GET Articles,200,Cenario 1 - Carga Basica 1-4,true,708074,157,10,10,313,0
1774965652212,314,GET Articles,200,Cenario 1 - Carga Basica 1-3,true,708075,157,10,10,313,0
1774965652234,317,GET Articles,200,Cenario 1 - Carga Basica 1-2,true,708075,157,10,10,317,0
1774965652264,326,GET Articles,200,Cenario 1 - Carga Basica 1-6,true,708074,157,10,10,325,0
1774965652302,332,GET Articles,200,Cenario 1 - Carga Basica 1-9,true,708075,157,10,10,331,0
1774965652349,317,GET Articles,200,Cenario 1 - Carga Basica 1-7,true,708075,157,10,10,316,0
1774965652379,316,GET Articles,200,Cenario 1 - Carga Basica 1-8,true,708074,157,10,10,315,0
1774965652410,322,GET Articles,200,Cenario 1 - Carga Basica 1-10,true,708075,157,10,10,321,0
1774965652435,325,GET Articles,200,Cenario 1 - Carga Basica 1-5,true,708075,157,10,10,324,0
1774965652466,330,GET Articles,200,Cenario 1 - Carga Basica 1-1,true,708074,157,10,10,329,0
1774965652498,331,GET Articles,200,Cenario 1 - Carga Basica 1-4,true,708075,157,10,10,331,0
1774965652526,341,GET Articles,200,Cenario 1 - Carga Basica 1-3,true,708075,157,10,10,340,0
1774965652551,347,GET Articles,200,Cenario 1 - Carga Basica 1-2,true,708074,157,10,10,346,0
1774965652590,336,GET Articles,200,Cenario 1 - Carga Basica 1-6,true,708075,157,10,10,336,0
1774965652634,337,GET Articles,200,Cenario 1 - Carga Basica 1-9,true,708075,157,10,10,336,0
1774965652666,340,GET Articles,200,Cenario 1 - Carga Basica 1-7,true,708074,157,10,10,339,0
1774965652695,342,GET Articles,200,Cenario 1 - Carga Basica 1-8,true,708075,157,10,10,341,0
1774965652732,330,GET Articles,200,Cenario 1 - Carga Basica 1-10,true,708075,157,10,10,329,0
1774965652760,332,GET Articles,200,Cenario 1 - Carga Basica 1-5,true,708074,157,10,10,331,0
1774965652796,327,GET Articles,200,Cenario 1 - Carga Basica 1-1,true,708075,157,10,10,326,0
1774965652829,320,GET Articles,200,Cenario 1 - Carga Basica 1-4,true,708075,157,10,10,320,0
1774965652867,316,GET Articles,200,Cenario 1 - Carga Basica 1-3,true,708074,157,10,10,315,0
1774965652898,308,GET Articles,200,Cenario 1 - Carga Basica 1-2,true,708075,157,10,10,307,0
1774965652926,309,GET Articles,200,Cenario 1 - Carga Basica 1-6,true,708075,157,10,10,308,0
1774965652971,303,GET Articles,200,Cenario 1 - Carga Basica 1-9,true,708074,157,10,10,302,0
1774965653006,296,GET Articles,200,Cenario 1 - Carga Basica 1-7,true,708075,157,10,10,295,0
1774965653037,288,GET Articles,200,Cenario 1 - Carga Basica 1-8,true,708075,157,10,10,288,0
1774965653062,300,GET Articles,200,Cenario 1 - Carga Basica 1-10,true,708074,157,10,10,299,0
1774965653092,295,GET Articles,200,Cenario 1 - Carga Basica 1-5,true,708075,157,10,10,294,0
1774965653123,294,GET Articles,200,Cenario 1 - Carga Basica 1-1,true,708075,157,10,10,293,0
1774965653149,309,GET Articles,200,Cenario 1 - Carga Basica 1-4,true,708074,157,10,10,308,0
1774965653183,299,GET Articles,200,Cenario 1 - Carga Basica 1-3,true,708075,157,10,10,298,0
1774965653206,319,GET Articles,200,Cenario 1 - Carga Basica 1-2,true,708075,157,10,10,318,0
1774965653235,320,GET Articles,200,Cenario 1 - Carga Basica 1-6,true,708074,157,10,10,319,0
1774965653274,311,GET Articles,200,Cenario 1 - Carga Basica 1-9,true,708075,157,10,10,310,0
1774965653302,326,GET Articles,200,Cenario 1 - Carga Basica 1-7,true,708075,157,10,10,325,0
1774965653326,342,GET Articles,200,Cenario 1 - Carga Basica 1-8,true,708074,157,10,10,341,0
1774965653362,336,GET Articles,200,Cenario 1 - Carga Basica 1-10,true,708075,157,10,10,335,0
1774965653387,350,GET Articles,200,Cenario 1 - Carga Basica 1-5,true,708075,157,10,10,349,0
1774965653417,365,GET Articles,200,Cenario 1 - Carga Basica 1-1,true,708074,157,10,10,364,0
1774965653458,356,GET Articles,200,Cenario 1 - Carga Basica 1-4,true,708075,157,10,10,356,0
1774965653482,365,GET Articles,200,Cenario 1 - Carga Basica 1-3,true,708075,157,10,10,365,0
1774965653525,358,GET Articles,200,Cenario 1 - Carga Basica 1-2,true,708074,157,10,10,358,0
1774965653555,356,GET Articles,200,Cenario 1 - Carga Basica 1-6,true,708075,157,10,10,356,0
1774965653586,360,GET Articles,200,Cenario 1 - Carga Basica 1-9,true,708075,157,10,10,359,0
1774965653628,348,GET Articles,200,Cenario 1 - Carga Basica 1-7,true,708074,157,10,10,347,0
1774965653668,341,GET Articles,200,Cenario 1 - Carga Basica 1-8,true,708075,157,10,10,340,0
1774965653698,343,GET Articles,200,Cenario 1 - Carga Basica 1-10,true,708075,157,10,10,342,0
1774965653737,347,GET Articles,200,Cenario 1 - Carga Basica 1-5,true,708074,157,10,10,346,0
1774965653782,333,GET Articles,200,Cenario 1 - Carga Basica 1-1,true,708075,157,10,10,332,0
1774965653815,328,GET Articles,200,Cenario 1 - Carga Basica 1-4,true,708075,157,10,10,328,0
1774965653848,327,GET Articles,200,Cenario 1 - Carga Basica 1-3,true,708074,157,10,10,326,0
1774965653884,322,GET Articles,200,Cenario 1 - Carga Basica 1-2,true,708075,157,10,10,321,0
1774965653911,322,GET Articles,200,Cenario 1 - Carga Basica 1-6,true,708075,157,10,10,321,0
1774965653946,321,GET Articles,200,Cenario 1 - Carga Basica 1-9,true,708074,157,10,10,320,0
1774965653976,320,GET Articles,200,Cenario 1 - Carga Basica 1-7,true,708075,157,10,10,320,0
1774965654009,324,GET Articles,200,Cenario 1 - Carga Basica 1-8,true,708075,157,10,10,323,0
1774965654041,332,GET Articles,200,Cenario 1 - Carga Basica 1-10,true,708074,157,10,10,331,0
1774965654084,318,GET Articles,200,Cenario 1 - Carga Basica 1-5,true,708075,157,10,10,317,0
1774965654115,315,GET Articles,200,Cenario 1 - Carga Basica 1-1,true,708075,157,10,10,315,0
1774965654144,318,GET Articles,200,Cenario 1 - Carga Basica 1-4,true,708074,157,10,10,317,0
1774965654175,325,GET Articles,200,Cenario 1 - Carga Basica 1-3,true,708075,157,10,10,323,0
1774965654206,318,GET Articles,200,Cenario 1 - Carga Basica 1-2,true,708075,157,10,10,318,0
1774965654233,323,GET Articles,200,Cenario 1 - Carga Basica 1-6,true,708074,157,10,10,322,0
1774965654267,313,GET Articles,200,Cenario 1 - Carga Basica 1-9,true,708075,157,10,10,313,0
1774965654296,314,GET Articles,200,Cenario 1 - Carga Basica 1-7,true,708075,157,10,10,313,0
1774965654333,310,GET Articles,200,Cenario 1 - Carga Basica 1-8,true,708074,157,10,10,309,0
1774965654373,296,GET Articles,200,Cenario 1 - Carga Basica 1-10,true,708075,157,10,10,295,0
1774965654402,303,GET Articles,200,Cenario 1 - Carga Basica 1-5,true,708075,157,10,10,302,0
1774965654430,312,GET Articles,200,Cenario 1 - Carga Basica 1-1,true,708074,157,10,10,311,0
1774965654463,309,GET Articles,200,Cenario 1 - Carga Basica 1-4,true,708075,157,10,10,308,0
1774965654501,300,GET Articles,200,Cenario 1 - Carga Basica 1-3,true,708075,157,10,10,299,0
1774965654525,328,GET Articles,200,Cenario 1 - Carga Basica 1-2,true,708074,157,10,10,327,0
1774965654556,324,GET Articles,200,Cenario 1 - Carga Basica 1-6,true,708075,157,10,10,323,0
1774965654581,336,GET Articles,200,Cenario 1 - Carga Basica 1-9,true,708075,157,10,10,335,0
1774965654610,338,GET Articles,200,Cenario 1 - Carga Basica 1-7,true,708074,157,10,10,337,0
1774965654643,333,GET Articles,200,Cenario 1 - Carga Basica 1-8,true,708075,157,10,10,332,0
1774965654669,337,GET Articles,200,Cenario 1 - Carga Basica 1-10,true,708075,157,10,10,336,0
1774965654742,295,GET Articles,200,Cenario 1 - Carga Basica 1-1,true,708074,157,10,10,294,0
1774965654705,361,GET Articles,200,Cenario 1 - Carga Basica 1-5,true,708075,157,10,10,360,0
1774965654772,318,GET Articles,200,Cenario 1 - Carga Basica 1-4,true,708075,157,10,10,317,0
1774965654801,323,GET Articles,200,Cenario 1 - Carga Basica 1-3,true,708074,157,10,10,322,0
1774965654853,296,GET Articles,200,Cenario 1 - Carga Basica 1-2,true,708075,157,10,10,295,0
1774965654880,297,GET Articles,200,Cenario 1 - Carga Basica 1-6,true,708075,157,10,10,297,0
1774965654917,289,GET Articles,200,Cenario 1 - Carga Basica 1-9,true,708074,157,10,10,289,0
1774965654948,291,GET Articles,200,Cenario 1 - Carga Basica 1-7,true,708075,157,10,10,290,0
1774965654976,309,GET Articles,200,Cenario 1 - Carga Basica 1-8,true,708075,157,10,10,309,0
1774965655006,321,GET Articles,200,Cenario 1 - Carga Basica 1-10,true,708074,157,10,10,320,0
1774965655037,321,GET Articles,200,Cenario 1 - Carga Basica 1-1,true,708075,157,10,10,320,0
1774965655066,319,GET Articles,200,Cenario 1 - Carga Basica 1-5,true,708075,157,10,10,318,0
1774965655090,327,GET Articles,200,Cenario 1 - Carga Basica 1-4,true,708074,157,10,10,327,0
1774965655124,324,GET Articles,200,Cenario 1 - Carga Basica 1-3,true,708075,157,10,10,323,0
1774965655149,324,GET Articles,200,Cenario 1 - Carga Basica 1-2,true,708075,157,10,10,324,0
1774965655178,334,GET Articles,200,Cenario 1 - Carga Basica 1-6,true,708074,157,10,10,333,0
1774965655207,335,GET Articles,200,Cenario 1 - Carga Basica 1-9,true,708075,157,10,10,334,0
1774965655239,328,GET Articles,200,Cenario 1 - Carga Basica 1-7,true,708075,157,10,10,327,0
1774965655286,315,GET Articles,200,Cenario 1 - Carga Basica 1-8,true,708074,157,10,10,314,0
1774965655327,305,GET Articles,200,Cenario 1 - Carga Basica 1-10,true,708075,157,10,10,305,0
1774965655358,303,GET Articles,200,Cenario 1 - Carga Basica 1-1,true,708075,157,10,10,303,0
1774965655385,310,GET Articles,200,Cenario 1 - Carga Basica 1-5,true,708074,157,10,10,309,0
1774965655418,307,GET Articles,200,Cenario 1 - Carga Basica 1-4,true,708075,157,10,10,306,0
1774965655448,302,GET Articles,200,Cenario 1 - Carga Basica 1-3,true,708075,157,10,10,301,0
1774965655474,312,GET Articles,200,Cenario 1 - Carga Basica 1-2,true,708074,157,10,10,311,0
1774965655512,301,GET Articles,200,Cenario 1 - Carga Basica 1-6,true,708075,157,10,10,300,0
1774965655542,298,GET Articles,200,Cenario 1 - Carga Basica 1-9,true,708075,157,10,10,298,0
1774965655567,307,GET Articles,200,Cenario 1 - Carga Basica 1-7,true,708074,157,10,10,306,0
1774965655601,310,GET Articles,200,Cenario 1 - Carga Basica 1-8,true,708075,157,10,10,309,0
1774965655633,301,GET Articles,200,Cenario 1 - Carga Basica 1-10,true,708075,157,10,10,300,0
1774965655662,305,GET Articles,200,Cenario 1 - Carga Basica 1-1,true,708074,157,10,10,304,0
1774965655695,303,GET Articles,200,Cenario 1 - Carga Basica 1-5,true,708075,157,10,10,302,0
1774965655725,303,GET Articles,200,Cenario 1 - Carga Basica 1-4,true,708075,157,10,10,302,0
1774965655750,316,GET Articles,200,Cenario 1 - Carga Basica 1-3,true,708074,157,10,10,315,0
1774965655786,305,GET Articles,200,Cenario 1 - Carga Basica 1-2,true,708075,157,10,10,304,0
1774965655813,303,GET Articles,200,Cenario 1 - Carga Basica 1-6,true,708075,157,10,10,302,0
1774965655841,309,GET Articles,200,Cenario 1 - Carga Basica 1-9,true,708074,157,10,10,308,0
1774965655874,306,GET Articles,200,Cenario 1 - Carga Basica 1-7,true,708075,157,10,10,305,0
1774965655911,295,GET Articles,200,Cenario 1 - Carga Basica 1-8,true,708075,157,10,10,294,0
1774965655934,306,GET Articles,200,Cenario 1 - Carga Basica 1-10,true,708074,157,10,10,305,0
1774965655967,303,GET Articles,200,Cenario 1 - Carga Basica 1-1,true,708075,157,10,10,302,0
1774965655998,294,GET Articles,200,Cenario 1 - Carga Basica 1-5,true,708075,157,10,10,293,0
1774965656028,305,GET Articles,200,Cenario 1 - Carga Basica 1-4,true,708074,157,10,10,304,0
1774965656091,287,GET Articles,200,Cenario 1 - Carga Basica 1-2,true,708075,157,10,10,286,0
1774965656066,316,GET Articles,200,Cenario 1 - Carga Basica 1-3,true,708075,157,10,10,315,0
1774965656116,322,GET Articles,200,Cenario 1 - Carga Basica 1-6,true,708074,157,10,10,321,0
1774965656150,292,GET Articles,200,Cenario 1 - Carga Basica 1-9,true,708074,157,10,10,291,0
1774965656180,286,GET Articles,200,Cenario 1 - Carga Basica 1-7,true,708075,157,10,10,285,0
1774965656206,296,GET Articles,200,Cenario 1 - Carga Basica 1-8,true,708074,157,10,10,295,0
1774965656240,295,GET Articles,200,Cenario 1 - Carga Basica 1-10,true,708075,157,10,10,294,0
1774965656270,302,GET Articles,200,Cenario 1 - Carga Basica 1-1,true,708075,157,10,10,301,0
1774965656292,316,GET Articles,200,Cenario 1 - Carga Basica 1-5,true,708074,157,10,10,315,0
1774965656333,298,GET Articles,200,Cenario 1 - Carga Basica 1-4,true,708074,157,10,10,297,0
1774965656378,277,GET Articles,200,Cenario 1 - Carga Basica 1-2,true,708075,157,10,10,277,0
1774965656438,254,GET Articles,200,Cenario 1 - Carga Basica 1-6,true,708074,157,10,10,254,0
1774965656382,344,GET Articles,200,Cenario 1 - Carga Basica 1-3,true,708075,157,10,10,343,0
1774965656442,323,GET Articles,200,Cenario 1 - Carga Basica 1-9,true,708075,157,10,10,323,0
1774965656466,334,GET Articles,200,Cenario 1 - Carga Basica 1-7,true,708074,157,10,10,333,0
1774965656502,324,GET Articles,200,Cenario 1 - Carga Basica 1-8,true,708075,157,10,10,323,0
1774965656535,315,GET Articles,200,Cenario 1 - Carga Basica 1-10,true,708075,157,10,10,314,0
1774965656572,312,GET Articles,200,Cenario 1 - Carga Basica 1-1,true,708074,157,10,10,311,0
1774965656609,300,GET Articles,200,Cenario 1 - Carga Basica 1-5,true,708075,157,10,10,299,0
1774965656631,303,GET Articles,200,Cenario 1 - Carga Basica 1-4,true,708075,157,10,10,302,0
1774965656656,344,GET Articles,200,Cenario 1 - Carga Basica 1-2,true,708074,157,10,10,343,0
1774965656693,312,GET Articles,200,Cenario 1 - Carga Basica 1-6,true,708074,157,10,10,311,0
1774965656726,313,GET Articles,200,Cenario 1 - Carga Basica 1-3,true,708075,157,10,10,312,0
1774965656800,271,GET Articles,200,Cenario 1 - Carga Basica 1-7,true,708074,157,10,10,270,0
1774965656766,340,GET Articles,200,Cenario 1 - Carga Basica 1-9,true,708075,157,10,10,340,0
1774965656826,309,GET Articles,200,Cenario 1 - Carga Basica 1-8,true,708075,157,10,10,308,0
1774965656884,312,GET Articles,200,Cenario 1 - Carga Basica 1-1,true,708074,157,10,10,312,0
1774965656850,350,GET Articles,200,Cenario 1 - Carga Basica 1-10,true,708074,157,10,10,350,0
1774965656909,322,GET Articles,200,Cenario 1 - Carga Basica 1-5,true,708074,157,10,10,321,0
1774965656934,328,GET Articles,200,Cenario 1 - Carga Basica 1-4,true,708074,157,10,10,327,0
1774965657000,293,GET Articles,200,Cenario 1 - Carga Basica 1-2,true,708075,157,10,10,292,0
1774965657005,324,GET Articles,200,Cenario 1 - Carga Basica 1-6,true,708075,157,10,10,323,0
1774965657039,334,GET Articles,200,Cenario 1 - Carga Basica 1-3,true,708074,157,10,10,334,0
1774965657071,327,GET Articles,200,Cenario 1 - Carga Basica 1-7,true,708075,157,10,10,327,0
1774965657107,319,GET Articles,200,Cenario 1 - Carga Basica 1-9,true,708075,157,10,10,318,0
1774965657135,323,GET Articles,200,Cenario 1 - Carga Basica 1-8,true,708074,157,10,10,322,0
1774965657196,294,GET Articles,200,Cenario 1 - Carga Basica 1-1,true,708075,157,10,10,294,0
1774965657200,320,GET Articles,200,Cenario 1 - Carga Basica 1-10,true,708075,157,10,10,320,0
1774965657231,326,GET Articles,200,Cenario 1 - Carga Basica 1-5,true,708074,157,10,10,325,0
1774965657262,323,GET Articles,200,Cenario 1 - Carga Basica 1-4,true,708074,157,10,10,322,0
1774965657293,326,GET Articles,200,Cenario 1 - Carga Basica 1-2,true,708075,157,10,10,325,0
1774965657329,336,GET Articles,200,Cenario 1 - Carga Basica 1-6,true,708074,157,10,10,335,0
1774965657374,356,GET Articles,200,Cenario 1 - Carga Basica 1-3,true,708075,157,10,10,356,0
1774965657399,337,GET Articles,200,Cenario 1 - Carga Basica 1-7,true,708075,157,10,10,336,0
1774965657426,345,GET Articles,200,Cenario 1 - Carga Basica 1-9,true,708074,157,10,10,344,0
1774965657458,334,GET Articles,200,Cenario 1 - Carga Basica 1-8,true,708074,157,10,10,334,0
1774965657491,326,GET Articles,200,Cenario 1 - Carga Basica 1-1,true,708075,157,10,10,326,0
1774965657521,338,GET Articles,200,Cenario 1 - Carga Basica 1-10,true,708074,157,10,10,335,0
1774965657557,337,GET Articles,200,Cenario 1 - Carga Basica 1-5,true,708075,157,10,10,336,0
1774965657585,333,GET Articles,200,Cenario 1 - Carga Basica 1-4,true,708075,157,10,10,332,0
1774965657619,340,GET Articles,200,Cenario 1 - Carga Basica 1-2,true,708074,157,10,10,340,0
1774965657665,346,GET Articles,200,Cenario 1 - Carga Basica 1-6,true,708074,157,10,10,346,0
1774965657731,286,GET Articles,200,Cenario 1 - Carga Basica 1-3,true,708074,157,10,10,286,0
1774965657736,313,GET Articles,200,Cenario 1 - Carga Basica 1-7,true,708074,157,10,10,312,0
1774965657771,306,GET Articles,200,Cenario 1 - Carga Basica 1-9,true,708075,157,10,10,305,0
1774965657792,310,GET Articles,200,Cenario 1 - Carga Basica 1-8,true,708075,157,10,10,309,0
1774965657818,318,GET Articles,200,Cenario 1 - Carga Basica 1-1,true,708074,157,10,10,317,0
1774965657859,301,GET Articles,200,Cenario 1 - Carga Basica 1-10,true,708075,157,10,10,300,0
1774965657894,293,GET Articles,200,Cenario 1 - Carga Basica 1-5,true,708075,157,10,10,293,0
1774965657959,257,GET Articles,200,Cenario 1 - Carga Basica 1-2,true,708074,157,10,10,257,0
1774965657918,340,GET Articles,200,Cenario 1 - Carga Basica 1-4,true,708075,157,10,10,339,0
1774965658012,276,GET Articles,200,Cenario 1 - Carga Basica 1-6,true,708075,157,10,10,275,0
1774965658017,303,GET Articles,200,Cenario 1 - Carga Basica 1-3,true,708074,157,10,10,302,0
1774965658050,299,GET Articles,200,Cenario 1 - Carga Basica 1-7,true,708075,157,10,10,298,0
1774965658077,296,GET Articles,200,Cenario 1 - Carga Basica 1-9,true,708075,157,10,10,295,0
1774965658102,330,GET Articles,200,Cenario 1 - Carga Basica 1-8,true,708074,157,10,10,330,0
1774965658136,324,GET Articles,200,Cenario 1 - Carga Basica 1-1,true,708075,157,10,10,323,0
1774965658160,324,GET Articles,200,Cenario 1 - Carga Basica 1-10,true,708075,157,10,10,323,0
1774965658188,337,GET Articles,200,Cenario 1 - Carga Basica 1-5,true,708074,157,10,10,336,0
1774965658216,337,GET Articles,200,Cenario 1 - Carga Basica 1-2,true,708075,157,10,10,336,0
1774965658258,327,GET Articles,200,Cenario 1 - Carga Basica 1-4,true,708075,157,10,10,327,0
1774965658288,354,GET Articles,200,Cenario 1 - Carga Basica 1-6,true,708074,157,10,10,353,0
1774965658320,345,GET Articles,200,Cenario 1 - Carga Basica 1-3,true,708074,157,10,10,344,0
1774965658349,339,GET Articles,200,Cenario 1 - Carga Basica 1-7,true,708075,157,10,10,338,0
1774965658373,374,GET Articles,200,Cenario 1 - Carga Basica 1-9,true,708074,157,10,10,373,0
1774965658432,320,GET Articles,200,Cenario 1 - Carga Basica 1-8,true,708074,157,10,10,320,0
1774965658460,320,GET Articles,200,Cenario 1 - Carga Basica 1-1,true,708075,157,10,10,319,0
1774965658484,344,GET Articles,200,Cenario 1 - Carga Basica 1-10,true,708074,157,10,10,343,0
1774965658525,367,GET Articles,200,Cenario 1 - Carga Basica 1-5,true,708075,157,10,10,366,0
1774965658553,345,GET Articles,200,Cenario 1 - Carga Basica 1-2,true,708075,157,10,10,344,0
1774965658585,359,GET Articles,200,Cenario 1 - Carga Basica 1-4,true,708074,157,10,10,358,0
1774965658642,329,GET Articles,200,Cenario 1 - Carga Basica 1-6,true,708075,157,10,10,328,0
1774965658665,334,GET Articles,200,Cenario 1 - Carga Basica 1-3,true,708075,157,10,10,333,0
1774965658747,288,GET Articles,200,Cenario 1 - Carga Basica 1-9,true,708074,157,10,10,287,0
1774965658688,372,GET Articles,200,Cenario 1 - Carga Basica 1-7,true,708075,157,10,10,371,0
1774965658752,350,GET Articles,200,Cenario 1 - Carga Basica 1-8,true,708075,157,10,10,349,0
1774965658780,367,GET Articles,200,Cenario 1 - Carga Basica 1-1,true,708074,157,10,10,367,0
1774965658828,348,GET Articles,200,Cenario 1 - Carga Basica 1-10,true,708075,157,10,10,347,0
1774965658892,308,GET Articles,200,Cenario 1 - Carga Basica 1-5,true,708075,157,10,10,307,0
1774965658898,335,GET Articles,200,Cenario 1 - Carga Basica 1-2,true,708074,157,10,10,335,0
1774965658944,326,GET Articles,200,Cenario 1 - Carga Basica 1-4,true,708075,157,10,10,325,0
1774965658971,326,GET Articles,200,Cenario 1 - Carga Basica 1-6,true,708075,157,10,10,325,0
1774965658999,339,GET Articles,200,Cenario 1 - Carga Basica 1-3,true,708074,157,10,10,338,0
1774965659035,331,GET Articles,200,Cenario 1 - Carga Basica 1-9,true,708075,157,10,10,331,0
1774965659060,333,GET Articles,200,Cenario 1 - Carga Basica 1-7,true,708075,157,10,10,332,0
1774965659102,339,GET Articles,200,Cenario 1 - Carga Basica 1-8,true,708074,157,10,10,339,0
1774965659148,330,GET Articles,200,Cenario 1 - Carga Basica 1-1,true,708075,157,10,10,329,0
1774965659176,306,GET Articles,200,Cenario 1 - Carga Basica 1-10,true,708075,157,10,10,305,0
1774965659200,318,GET Articles,200,Cenario 1 - Carga Basica 1-5,true,708074,157,10,10,317,0
1774965659270,268,GET Articles,200,Cenario 1 - Carga Basica 1-4,true,708075,157,10,10,268,0
1774965659234,338,GET Articles,200,Cenario 1 - Carga Basica 1-2,true,708075,157,10,10,337,0
1774965659338,287,GET Articles,200,Cenario 1 - Carga Basica 1-3,true,708074,157,10,10,286,0
1774965659297,332,GET Articles,200,Cenario 1 - Carga Basica 1-6,true,708074,157,10,10,331,0
1774965659366,286,GET Articles,200,Cenario 1 - Carga Basica 1-9,true,708075,157,10,10,285,0
1774965659393,300,GET Articles,200,Cenario 1 - Carga Basica 1-7,true,708074,157,10,10,299,0
1774965659442,288,GET Articles,200,Cenario 1 - Carga Basica 1-8,true,708075,157,10,10,287,0
1774965659478,278,GET Articles,200,Cenario 1 - Carga Basica 1-1,true,708075,157,10,10,278,0
1774965659482,339,GET Articles,200,Cenario 1 - Carga Basica 1-10,true,708074,157,10,10,338,0
1774965659518,307,GET Articles,200,Cenario 1 - Carga Basica 1-5,true,708074,157,10,10,306,0
1774965659539,308,GET Articles,200,Cenario 1 - Carga Basica 1-4,true,708075,157,10,10,307,0
1774965659571,318,GET Articles,200,Cenario 1 - Carga Basica 1-2,true,708074,157,10,10,318,0
1774965659624,288,GET Articles,200,Cenario 1 - Carga Basica 1-3,true,708075,157,10,10,288,0
1774965659628,312,GET Articles,200,Cenario 1 - Carga Basica 1-6,true,708075,157,10,10,311,0
1774965659651,332,GET Articles,200,Cenario 1 - Carga Basica 1-9,true,708074,157,10,10,331,0
1774965659692,314,GET Articles,200,Cenario 1 - Carga Basica 1-7,true,708074,157,10,10,313,0
1774965659729,300,GET Articles,200,Cenario 1 - Carga Basica 1-8,true,708075,157,10,10,299,0
1774965659756,309,GET Articles,200,Cenario 1 - Carga Basica 1-1,true,708074,157,10,10,308,0
1774965659820,269,GET Articles,200,Cenario 1 - Carga Basica 1-10,true,708075,157,10,10,268,0
1774965659824,292,GET Articles,200,Cenario 1 - Carga Basica 1-5,true,708075,157,10,10,292,0
1774965659846,311,GET Articles,200,Cenario 1 - Carga Basica 1-4,true,708074,157,10,10,310,0
1774965659890,292,GET Articles,200,Cenario 1 - Carga Basica 1-2,true,708075,157,10,10,291,0
1774965659913,305,GET Articles,200,Cenario 1 - Carga Basica 1-3,true,708075,157,10,10,304,0
1774965659940,312,GET Articles,200,Cenario 1 - Carga Basica 1-6,true,708074,157,10,10,312,0
1774965659983,294,GET Articles,200,Cenario 1 - Carga Basica 1-9,true,708075,157,10,10,293,0
1774965660007,292,GET Articles,200,Cenario 1 - Carga Basica 1-7,true,708075,157,10,10,291,0
1774965660029,329,GET Articles,200,Cenario 1 - Carga Basica 1-8,true,708074,157,10,10,328,0
1774965660065,299,GET Articles,200,Cenario 1 - Carga Basica 1-1,true,708074,157,10,10,298,0
1774965660089,295,GET Articles,200,Cenario 1 - Carga Basica 1-10,true,708074,157,10,10,295,0
1774965660116,304,GET Articles,200,Cenario 1 - Carga Basica 1-5,true,708074,157,10,10,303,0
1774965660182,266,GET Articles,200,Cenario 1 - Carga Basica 1-2,true,708075,157,10,10,265,0
1774965660157,318,GET Articles,200,Cenario 1 - Carga Basica 1-4,true,708075,157,10,10,318,0
1774965660218,297,GET Articles,200,Cenario 1 - Carga Basica 1-3,true,708074,157,10,10,296,0
1774965660252,287,GET Articles,200,Cenario 1 - Carga Basica 1-6,true,708074,157,10,10,286,0
1774965660277,294,GET Articles,200,Cenario 1 - Carga Basica 1-9,true,708075,157,10,10,293,0
1774965660299,333,GET Articles,200,Cenario 1 - Carga Basica 1-7,true,708074,157,10,10,332,0
1774965660364,274,GET Articles,200,Cenario 1 - Carga Basica 1-1,true,708074,157,10,10,273,0
1774965660358,299,GET Articles,200,Cenario 1 - Carga Basica 1-8,true,708074,157,10,10,299,0
1774965660448,252,GET Articles,200,Cenario 1 - Carga Basica 1-2,true,708074,157,10,10,251,0
1774965660385,340,GET Articles,200,Cenario 1 - Carga Basica 1-10,true,708074,157,10,10,339,0
1774965660420,327,GET Articles,200,Cenario 1 - Carga Basica 1-5,true,708075,157,10,10,327,0
1774965660475,308,GET Articles,200,Cenario 1 - Carga Basica 1-4,true,708074,157,10,10,307,0
1774965660515,296,GET Articles,200,Cenario 1 - Carga Basica 1-3,true,708075,157,10,10,295,0
1774965660539,295,GET Articles,200,Cenario 1 - Carga Basica 1-6,true,708075,157,10,10,294,0
1774965660571,300,GET Articles,200,Cenario 1 - Carga Basica 1-9,true,708074,157,10,10,299,0
1774965660632,264,GET Articles,200,Cenario 1 - Carga Basica 1-7,true,708075,157,10,10,263,0
1774965660638,290,GET Articles,200,Cenario 1 - Carga Basica 1-1,true,708075,157,10,10,289,0
1774965660658,313,GET Articles,200,Cenario 1 - Carga Basica 1-8,true,708074,157,10,10,312,0
1774965660700,295,GET Articles,200,Cenario 1 - Carga Basica 1-2,true,708075,157,10,10,294,0
1774965660725,293,GET Articles,200,Cenario 1 - Carga Basica 1-10,true,708075,157,10,10,293,0
1774965660748,337,GET Articles,200,Cenario 1 - Carga Basica 1-5,true,708074,157,10,10,337,0
1774965660783,307,GET Articles,200,Cenario 1 - Carga Basica 1-4,true,708074,157,10,10,306,0
1774965660811,304,GET Articles,200,Cenario 1 - Carga Basica 1-3,true,708075,157,10,10,303,0
1774965660834,342,GET Articles,200,Cenario 1 - Carga Basica 1-6,true,708074,157,10,10,341,0
1774965660871,312,GET Articles,200,Cenario 1 - Carga Basica 1-9,true,708074,157,10,10,309,0
1774965660896,314,GET Articles,200,Cenario 1 - Carga Basica 1-7,true,708075,157,10,10,313,0
1774965660971,280,GET Articles,200,Cenario 1 - Carga Basica 1-8,true,708074,157,10,10,279,0
1774965660928,358,GET Articles,200,Cenario 1 - Carga Basica 1-1,true,708075,157,10,10,357,0
1774965660995,315,GET Articles,200,Cenario 1 - Carga Basica 1-2,true,708075,157,10,10,314,0
1774965661019,337,GET Articles,200,Cenario 1 - Carga Basica 1-10,true,708074,157,10,10,337,0
1774965661085,303,GET Articles,200,Cenario 1 - Carga Basica 1-5,true,708075,157,10,10,302,0
1774965661090,323,GET Articles,200,Cenario 1 - Carga Basica 1-4,true,708075,157,10,10,322,0
1774965661115,339,GET Articles,200,Cenario 1 - Carga Basica 1-3,true,708074,157,10,10,338,0
1774965661176,304,GET Articles,200,Cenario 1 - Carga Basica 1-6,true,708074,157,10,10,304,0
1774965661183,317,GET Articles,200,Cenario 1 - Carga Basica 1-9,true,708075,157,10,10,316,0
1774965661210,330,GET Articles,200,Cenario 1 - Carga Basica 1-7,true,708074,157,10,10,329,0
1774965661251,312,GET Articles,200,Cenario 1 - Carga Basica 1-8,true,708075,157,10,10,311,0
1774965661286,304,GET Articles,200,Cenario 1 - Carga Basica 1-1,true,708075,157,10,10,303,0
1774965661310,321,GET Articles,200,Cenario 1 - Carga Basica 1-2,true,708074,157,10,10,320,0
1774965661357,313,GET Articles,200,Cenario 1 - Carga Basica 1-10,true,708075,157,10,10,312,0
1774965661388,304,GET Articles,200,Cenario 1 - Carga Basica 1-5,true,708075,157,10,10,303,0
1774965661413,320,GET Articles,200,Cenario 1 - Carga Basica 1-4,true,708074,157,10,10,319,0
1774965661454,307,GET Articles,200,Cenario 1 - Carga Basica 1-3,true,708075,157,10,10,306,0
1774965661481,304,GET Articles,200,Cenario 1 - Carga Basica 1-6,true,708075,157,10,10,303,0
1774965661500,329,GET Articles,200,Cenario 1 - Carga Basica 1-9,true,708074,157,10,10,328,0
1774965661540,317,GET Articles,200,Cenario 1 - Carga Basica 1-7,true,708075,157,10,10,316,0
1774965661563,315,GET Articles,200,Cenario 1 - Carga Basica 1-8,true,708075,157,10,10,315,0
1774965661590,324,GET Articles,200,Cenario 1 - Carga Basica 1-1,true,708074,157,10,10,323,0
1774965661631,310,GET Articles,200,Cenario 1 - Carga Basica 1-2,true,708075,157,10,10,310,0
1774965661670,292,GET Articles,200,Cenario 1 - Carga Basica 1-10,true,708075,157,10,10,291,0
1774965661693,304,GET Articles,200,Cenario 1 - Carga Basica 1-5,true,708074,157,10,10,303,0
1774965661733,305,GET Articles,200,Cenario 1 - Carga Basica 1-4,true,708075,157,10,10,304,0
1774965661761,281,GET Articles,200,Cenario 1 - Carga Basica 1-3,true,708075,157,10,10,281,0
1774965661785,323,GET Articles,200,Cenario 1 - Carga Basica 1-6,true,708074,157,10,10,321,0
1774965661857,284,GET Articles,200,Cenario 1 - Carga Basica 1-7,true,708074,157,10,10,283,0
1774965661829,318,GET Articles,200,Cenario 1 - Carga Basica 1-9,true,708074,157,10,10,317,0
1774965661879,314,GET Articles,200,Cenario 1 - Carga Basica 1-8,true,708074,157,10,10,313,0
1774965661914,307,GET Articles,200,Cenario 1 - Carga Basica 1-1,true,708075,157,10,10,307,0
1774965661942,305,GET Articles,200,Cenario 1 - Carga Basica 1-2,true,708075,157,10,10,304,0
1774965661962,322,GET Articles,200,Cenario 1 - Carga Basica 1-10,true,708074,157,10,10,322,0
1774965661997,337,GET Articles,200,Cenario 1 - Carga Basica 1-5,true,708075,157,10,10,336,0
1774965662038,300,GET Articles,200,Cenario 1 - Carga Basica 1-4,true,708075,157,10,10,300,0
1774965662043,335,GET Articles,200,Cenario 1 - Carga Basica 1-3,true,708074,157,10,10,334,0
1774965662108,302,GET Articles,200,Cenario 1 - Carga Basica 1-6,true,708075,157,10,10,301,0
1774965662141,296,GET Articles,200,Cenario 1 - Carga Basica 1-7,true,708075,157,10,10,295,0
1774965662147,330,GET Articles,200,Cenario 1 - Carga Basica 1-9,true,708074,157,10,10,329,0
1774965662193,310,GET Articles,200,Cenario 1 - Carga Basica 1-8,true,708074,157,10,10,309,0
1774965662222,305,GET Articles,200,Cenario 1 - Carga Basica 1-1,true,708075,157,10,10,305,0
1774965662285,293,GET Articles,200,Cenario 1 - Carga Basica 1-10,true,708074,157,10,10,293,0
1774965662247,337,GET Articles,200,Cenario 1 - Carga Basica 1-2,true,708074,157,10,10,336,0
1774965662334,273,GET Articles,200,Cenario 1 - Carga Basica 1-5,true,708075,157,10,10,272,0
1774965662339,321,GET Articles,200,Cenario 1 - Carga Basica 1-4,true,708074,157,10,10,320,0
1774965662378,286,GET Articles,200,Cenario 1 - Carga Basica 1-3,true,708074,157,10,10,285,0
1774965662410,292,GET Articles,200,Cenario 1 - Carga Basica 1-6,true,708075,157,10,10,291,0
1774965662437,302,GET Articles,200,Cenario 1 - Carga Basica 1-7,true,708074,157,10,10,301,0
1774965662477,290,GET Articles,200,Cenario 1 - Carga Basica 1-9,true,708075,157,10,10,290,0
1774965662503,291,GET Articles,200,Cenario 1 - Carga Basica 1-8,true,708075,157,10,10,290,0
1774965662527,300,GET Articles,200,Cenario 1 - Carga Basica 1-1,true,708074,157,10,10,299,0
1774965662579,271,GET Articles,200,Cenario 1 - Carga Basica 1-10,true,708075,157,10,10,270,0
1774965662584,293,GET Articles,200,Cenario 1 - Carga Basica 1-2,true,708075,157,10,10,292,0
1774965662608,302,GET Articles,200,Cenario 1 - Carga Basica 1-5,true,708074,157,10,10,301,0
1774965662660,274,GET Articles,200,Cenario 1 - Carga Basica 1-4,true,708075,157,10,10,273,0
1774965662664,292,GET Articles,200,Cenario 1 - Carga Basica 1-3,true,708075,157,10,10,291,0
1774965662702,287,GET Articles,200,Cenario 1 - Carga Basica 1-6,true,708074,157,10,10,286,0
1774965662739,279,GET Articles,200,Cenario 1 - Carga Basica 1-7,true,708075,157,10,10,278,0
1774965662767,279,GET Articles,200,Cenario 1 - Carga Basica 1-9,true,708075,157,10,10,278,0
1774965662794,284,GET Articles,200,Cenario 1 - Carga Basica 1-8,true,708074,157,10,10,283,0
1774965662827,287,GET Articles,200,Cenario 1 - Carga Basica 1-1,true,708075,157,10,10,286,0
1774965662850,286,GET Articles,200,Cenario 1 - Carga Basica 1-10,true,708075,157,10,10,285,0
1774965662877,291,GET Articles,200,Cenario 1 - Carga Basica 1-2,true,708074,157,10,10,290,0
1774965662910,283,GET Articles,200,Cenario 1 - Carga Basica 1-5,true,708075,157,10,10,282,0
1774965662934,288,GET Articles,200,Cenario 1 - Carga Basica 1-4,true,708075,157,10,10,287,0
1774965662956,306,GET Articles,200,Cenario 1 - Carga Basica 1-3,true,708074,157,10,10,305,0
1774965662989,306,GET Articles,200,Cenario 1 - Carga Basica 1-6,true,708075,157,10,10,305,0
1774965663018,303,GET Articles,200,Cenario 1 - Carga Basica 1-7,true,708075,157,10,10,302,0
1774965663046,311,GET Articles,200,Cenario 1 - Carga Basica 1-9,true,708074,157,10,10,311,0
1774965663078,309,GET Articles,200,Cenario 1 - Carga Basica 1-8,true,708075,157,10,10,308,0
1774965663114,297,GET Articles,200,Cenario 1 - Carga Basica 1-1,true,708075,157,10,10,297,0
1774965663136,307,GET Articles,200,Cenario 1 - Carga Basica 1-10,true,708074,157,10,10,307,0
1774965663168,322,GET Articles,200,Cenario 1 - Carga Basica 1-2,true,708075,157,10,10,321,0
1774965663193,321,GET Articles,200,Cenario 1 - Carga Basica 1-5,true,708075,157,10,10,320,0
1774965663222,325,GET Articles,200,Cenario 1 - Carga Basica 1-4,true,708074,157,10,10,324,0
1774965663262,328,GET Articles,200,Cenario 1 - Carga Basica 1-3,true,708075,157,10,10,327,0
1774965663295,320,GET Articles,200,Cenario 1 - Carga Basica 1-6,true,708075,157,10,10,319,0
1774965663321,326,GET Articles,200,Cenario 1 - Carga Basica 1-7,true,708074,157,10,10,325,0
1774965663357,321,GET Articles,200,Cenario 1 - Carga Basica 1-9,true,708075,157,10,10,320,0
1774965663387,318,GET Articles,200,Cenario 1 - Carga Basica 1-8,true,708075,157,10,10,317,0
1774965663412,326,GET Articles,200,Cenario 1 - Carga Basica 1-1,true,708074,157,10,10,325,0
1774965663444,320,GET Articles,200,Cenario 1 - Carga Basica 1-10,true,708075,157,10,10,319,0
1774965663490,295,GET Articles,200,Cenario 1 - Carga Basica 1-2,true,708075,157,10,10,294,0
1774965663514,304,GET Articles,200,Cenario 1 - Carga Basica 1-5,true,708074,157,10,10,303,0
1774965663547,308,GET Articles,200,Cenario 1 - Carga Basica 1-4,true,708075,157,10,10,307,0
1774965663590,287,GET Articles,200,Cenario 1 - Carga Basica 1-3,true,708075,157,10,10,286,0
1774965663615,293,GET Articles,200,Cenario 1 - Carga Basica 1-6,true,708074,157,10,10,292,0
1774965663647,291,GET Articles,200,Cenario 1 - Carga Basica 1-7,true,708075,157,10,10,291,0
1774965663678,296,GET Articles,200,Cenario 1 - Carga Basica 1-9,true,708075,157,10,10,295,0
1774965663705,310,GET Articles,200,Cenario 1 - Carga Basica 1-8,true,708074,157,10,10,309,0
1774965663738,304,GET Articles,200,Cenario 1 - Carga Basica 1-1,true,708075,157,10,10,303,0
1774965663764,303,GET Articles,200,Cenario 1 - Carga Basica 1-10,true,708075,157,10,10,302,0
1774965663786,317,GET Articles,200,Cenario 1 - Carga Basica 1-2,true,708074,157,10,10,317,0
1774965663818,311,GET Articles,200,Cenario 1 - Carga Basica 1-5,true,708075,157,10,10,310,0
1774965663855,301,GET Articles,200,Cenario 1 - Carga Basica 1-4,true,708075,157,10,10,301,0
1774965663877,313,GET Articles,200,Cenario 1 - Carga Basica 1-3,true,708074,157,10,10,313,0
1774965663909,327,GET Articles,200,Cenario 1 - Carga Basica 1-6,true,708075,157,10,10,326,0
1774965663939,301,GET Articles,200,Cenario 1 - Carga Basica 1-7,true,708075,157,10,10,300,0
1774965663974,308,GET Articles,200,Cenario 1 - Carga Basica 1-9,true,708074,157,10,10,308,0
1774965664015,298,GET Articles,200,Cenario 1 - Carga Basica 1-8,true,708075,157,10,10,297,0
1774965664042,321,GET Articles,200,Cenario 1 - Carga Basica 1-1,true,708076,157,10,10,320,0
1774965664067,330,GET Articles,200,Cenario 1 - Carga Basica 1-10,true,708074,157,10,10,329,0
1774965664104,319,GET Articles,200,Cenario 1 - Carga Basica 1-2,true,708075,157,10,10,319,0
1774965664129,316,GET Articles,200,Cenario 1 - Carga Basica 1-5,true,708075,157,10,10,316,0
1774965664157,321,GET Articles,200,Cenario 1 - Carga Basica 1-4,true,708074,157,10,10,319,0
1774965664191,310,GET Articles,200,Cenario 1 - Carga Basica 1-3,true,708075,157,10,10,309,0
1774965664236,304,GET Articles,200,Cenario 1 - Carga Basica 1-6,true,708075,157,10,10,303,0
1774965664240,332,GET Articles,200,Cenario 1 - Carga Basica 1-7,true,708074,157,9,9,331,0
1774965664282,315,GET Articles,200,Cenario 1 - Carga Basica 1-9,true,708075,157,8,8,315,0
1774965664313,319,GET Articles,200,Cenario 1 - Carga Basica 1-8,true,708075,157,7,7,318,0
1774965664363,298,GET Articles,200,Cenario 1 - Carga Basica 1-1,true,708074,157,6,6,297,0
1774965664397,290,GET Articles,200,Cenario 1 - Carga Basica 1-10,true,708075,157,5,5,289,0
1774965664424,292,GET Articles,200,Cenario 1 - Carga Basica 1-2,true,708075,157,4,4,291,0
1774965664445,313,GET Articles,200,Cenario 1 - Carga Basica 1-5,true,708074,157,3,3,312,0
1774965664478,308,GET Articles,200,Cenario 1 - Carga Basica 1-4,true,708075,157,2,2,307,0
1774965664501,310,GET Articles,200,Cenario 1 - Carga Basica 1-3,true,708075,157,1,1,309,0
1774965664814,27,GET Articles,200,Cenario 2 - Carga Crescente 2-1,true,708074,157,1,1,26,1
1774965664841,25,GET Articles,200,Cenario 2 - Carga Crescente 2-1,true,708074,157,1,1,24,0
1774965664866,27,GET Articles,200,Cenario 2 - Carga Crescente 2-1,true,708074,157,1,1,26,0
1774965664893,26,GET Articles,200,Cenario 2 - Carga Crescente 2-1,true,708074,157,1,1,25,0
1774965664919,25,GET Articles,200,Cenario 2 - Carga Crescente 2-1,true,708074,157,1,1,24,0
1774965664944,26,GET Articles,200,Cenario 2 - Carga Crescente 2-1,true,708074,157,1,1,25,0
1774965664970,25,GET Articles,200,Cenario 2 - Carga Crescente 2-1,true,708074,157,1,1,24,0
1774965664995,26,GET Articles,200,Cenario 2 - Carga Crescente 2-1,true,708074,157,1,1,25,0
1774965665021,26,GET Articles,200,Cenario 2 - Carga Crescente 2-1,true,708074,157,1,1,26,0
1774965665047,26,GET Articles,200,Cenario 2 - Carga Crescente 2-1,true,708074,157,1,1,25,0
1774965665073,26,GET Articles,200,Cenario 2 - Carga Crescente 2-1,true,708074,157,1,1,26,0
1774965665099,27,GET Articles,200,Cenario 2 - Carga Crescente 2-1,true,708074,157,1,1,26,0
1774965665126,29,GET Articles,200,Cenario 2 - Carga Crescente 2-1,true,708074,157,1,1,28,0
1774965665155,25,GET Articles,200,Cenario 2 - Carga Crescente 2-1,true,708074,157,1,1,25,0
1774965665181,26,GET Articles,200,Cenario 2 - Carga Crescente 2-1,true,708074,157,1,1,25,0
1774965665207,25,GET Articles,200,Cenario 2 - Carga Crescente 2-1,true,708074,157,1,1,24,0
1774965665232,25,GET Articles,200,Cenario 2 - Carga Crescente 2-1,true,708074,157,1,1,25,0
1774965665257,27,GET Articles,200,Cenario 2 - Carga Crescente 2-1,true,708074,157,1,1,26,0
1774965665284,25,GET Articles,200,Cenario 2 - Carga Crescente 2-1,true,708074,157,1,1,24,0
1774965665309,25,GET Articles,200,Cenario 2 - Carga Crescente 2-1,true,708074,157,1,1,24,0
1774965665334,26,GET Articles,200,Cenario 2 - Carga Crescente 2-1,true,708074,157,1,1,25,0
1774965665360,34,GET Articles,200,Cenario 2 - Carga Crescente 2-1,true,708074,157,1,1,34,0
1774965665395,25,GET Articles,200,Cenario 2 - Carga Crescente 2-1,true,708074,157,1,1,24,0
1774965665420,26,GET Articles,200,Cenario 2 - Carga Crescente 2-1,true,708074,157,1,1,25,0
1774965665446,24,GET Articles,200,Cenario 2 - Carga Crescente 2-1,true,708074,157,1,1,24,0
1774965665470,26,GET Articles,200,Cenario 2 - Carga Crescente 2-1,true,708074,157,1,1,25,0
1774965665496,26,GET Articles,200,Cenario 2 - Carga Crescente 2-1,true,708074,157,1,1,26,0
1774965665523,25,GET Articles,200,Cenario 2 - Carga Crescente 2-1,true,708074,157,1,1,24,0
1774965665548,25,GET Articles,200,Cenario 2 - Carga Crescente 2-1,true,708074,157,1,1,24,0
1774965665573,26,GET Articles,200,Cenario 2 - Carga Crescente 2-1,true,708074,157,1,1,25,0
1774965665599,26,GET Articles,200,Cenario 2 - Carga Crescente 2-1,true,708074,157,1,1,25,0
1774965665625,25,GET Articles,200,Cenario 2 - Carga Crescente 2-1,true,708074,157,1,1,24,0
1774965665650,26,GET Articles,200,Cenario 2 - Carga Crescente 2-1,true,708074,157,1,1,25,0
1774965665676,25,GET Articles,200,Cenario 2 - Carga Crescente 2-1,true,708074,157,1,1,24,0
1774965665701,26,GET Articles,200,Cenario 2 - Carga Crescente 2-1,true,708074,157,1,1,25,0
1774965665727,29,GET Articles,200,Cenario 2 - Carga Crescente 2-1,true,708074,157,1,1,28,0
1774965665757,26,GET Articles,200,Cenario 2 - Carga Crescente 2-1,true,708074,157,1,1,25,0
1774965665783,24,GET Articles,200,Cenario 2 - Carga Crescente 2-1,true,708074,157,1,1,23,0
1774965665807,26,GET Articles,200,Cenario 2 - Carga Crescente 2-1,true,708074,157,1,1,25,0
1774965665833,24,GET Articles,200,Cenario 2 - Carga Crescente 2-1,true,708074,157,1,1,23,0
1774965665857,25,GET Articles,200,Cenario 2 - Carga Crescente 2-1,true,708074,157,1,1,24,0
1774965665882,25,GET Articles,200,Cenario 2 - Carga Crescente 2-1,true,708074,157,1,1,24,0
1774965665907,24,GET Articles,200,Cenario 2 - Carga Crescente 2-1,true,708074,157,1,1,24,0
1774965665932,25,GET Articles,200,Cenario 2 - Carga Crescente 2-1,true,708074,157,1,1,24,0
1774965665957,26,GET Articles,200,Cenario 2 - Carga Crescente 2-1,true,708074,157,1,1,26,0
1774965665983,26,GET Articles,200,Cenario 2 - Carga Crescente 2-1,true,708074,157,1,1,25,0
1774965666009,25,GET Articles,200,Cenario 2 - Carga Crescente 2-1,true,708074,157,1,1,24,0
1774965666034,30,GET Articles,200,Cenario 2 - Carga Crescente 2-1,true,708074,157,1,1,29,0
1774965666064,25,GET Articles,200,Cenario 2 - Carga Crescente 2-1,true,708074,157,1,1,24,0
1774965666089,24,GET Articles,200,Cenario 2 - Carga Crescente 2-1,true,708074,157,1,1,23,0
1774965666113,30,GET Articles,200,Cenario 2 - Carga Crescente 2-1,true,708074,157,1,1,29,0
1774965666143,29,GET Articles,200,Cenario 2 - Carga Crescente 2-1,true,708074,157,1,1,28,0
1774965666172,28,GET Articles,200,Cenario 2 - Carga Crescente 2-1,true,708074,157,1,1,27,0
1774965666200,30,GET Articles,200,Cenario 2 - Carga Crescente 2-1,true,708074,157,1,1,29,0
1774965666231,32,GET Articles,200,Cenario 2 - Carga Crescente 2-1,true,708074,157,1,1,31,0
1774965666263,24,GET Articles,200,Cenario 2 - Carga Crescente 2-1,true,708074,157,1,1,24,0
1774965666287,26,GET Articles,200,Cenario 2 - Carga Crescente 2-1,true,708074,157,1,1,26,0
1774965666313,26,GET Articles,200,Cenario 2 - Carga Crescente 2-1,true,708074,157,1,1,25,0
1774965666339,26,GET Articles,200,Cenario 2 - Carga Crescente 2-1,true,708074,157,1,1,25,0
1774965666365,26,GET Articles,200,Cenario 2 - Carga Crescente 2-1,true,708074,157,1,1,25,0
1774965666391,24,GET Articles,200,Cenario 2 - Carga Crescente 2-1,true,708074,157,1,1,23,0
1774965666415,25,GET Articles,200,Cenario 2 - Carga Crescente 2-1,true,708074,157,1,1,24,0
1774965666440,26,GET Articles,200,Cenario 2 - Carga Crescente 2-1,true,708074,157,1,1,25,0
1774965666466,29,GET Articles,200,Cenario 2 - Carga Crescente 2-1,true,708074,157,1,1,28,0
1774965666495,29,GET Articles,200,Cenario 2 - Carga Crescente 2-1,true,708074,157,1,1,28,0
1774965666524,29,GET Articles,200,Cenario 2 - Carga Crescente 2-1,true,708074,157,1,1,29,0
1774965666554,32,GET Articles,200,Cenario 2 - Carga Crescente 2-1,true,708074,157,1,1,32,0
1774965666587,27,GET Articles,200,Cenario 2 - Carga Crescente 2-1,true,708074,157,1,1,26,0
1774965666614,36,GET Articles,200,Cenario 2 - Carga Crescente 2-1,true,708074,157,2,2,35,0
1774965666615,63,GET Articles,200,Cenario 2 - Carga Crescente 2-2,true,708075,157,2,2,62,0
1774965666650,70,GET Articles,200,Cenario 2 - Carga Crescente 2-1,true,708074,157,2,2,69,0
1774965666678,69,GET Articles,200,Cenario 2 - Carga Crescente 2-2,true,708074,157,2,2,68,0
1774965666720,59,GET Articles,200,Cenario 2 - Carga Crescente 2-1,true,708074,157,2,2,58,0
1774965666747,61,GET Articles,200,Cenario 2 - Carga Crescente 2-2,true,708074,157,2,2,60,0
1774965666779,56,GET Articles,200,Cenario 2 - Carga Crescente 2-1,true,708074,157,2,2,56,0
1774965666808,56,GET Articles,200,Cenario 2 - Carga Crescente 2-2,true,708074,157,2,2,56,0
1774965666836,63,GET Articles,200,Cenario 2 - Carga Crescente 2-1,true,708074,157,2,2,62,0
1774965666865,65,GET Articles,200,Cenario 2 - Carga Crescente 2-2,true,708074,157,2,2,64,0
1774965666900,58,GET Articles,200,Cenario 2 - Carga Crescente 2-1,true,708074,157,2,2,57,0
1774965666930,64,GET Articles,200,Cenario 2 - Carga Crescente 2-2,true,708074,157,2,2,63,0
1774965666958,61,GET Articles,200,Cenario 2 - Carga Crescente 2-1,true,708074,157,2,2,60,0
1774965666994,54,GET Articles,200,Cenario 2 - Carga Crescente 2-2,true,708074,157,2,2,53,0
1774965667019,51,GET Articles,200,Cenario 2 - Carga Crescente 2-1,true,708075,157,2,2,50,0
1774965667048,51,GET Articles,200,Cenario 2 - Carga Crescente 2-2,true,708074,157,2,2,50,0
1774965667070,50,GET Articles,200,Cenario 2 - Carga Crescente 2-1,true,708075,157,2,2,49,0
1774965667099,47,GET Articles,200,Cenario 2 - Carga Crescente 2-2,true,708074,157,2,2,46,0
1774965667120,62,GET Articles,200,Cenario 2 - Carga Crescente 2-1,true,708074,157,2,2,62,0
1774965667146,66,GET Articles,200,Cenario 2 - Carga Crescente 2-2,true,708074,157,2,2,65,0
1774965667183,51,GET Articles,200,Cenario 2 - Carga Crescente 2-1,true,708074,157,2,2,50,0
1774965667212,48,GET Articles,200,Cenario 2 - Carga Crescente 2-2,true,708074,157,2,2,47,0
1774965667235,49,GET Articles,200,Cenario 2 - Carga Crescente 2-1,true,708074,157,2,2,49,0
1774965667260,48,GET Articles,200,Cenario 2 - Carga Crescente 2-2,true,708074,157,2,2,47,0
1774965667285,49,GET Articles,200,Cenario 2 - Carga Crescente 2-1,true,708074,157,2,2,48,0
1774965667308,56,GET Articles,200,Cenario 2 - Carga Crescente 2-2,true,708074,157,2,2,55,0
1774965667334,53,GET Articles,200,Cenario 2 - Carga Crescente 2-1,true,708075,157,2,2,50,0
1774965667364,55,GET Articles,200,Cenario 2 - Carga Crescente 2-2,true,708074,157,2,2,54,0
1774965667387,66,GET Articles,200,Cenario 2 - Carga Crescente 2-1,true,708074,157,2,2,65,0
1774965667419,65,GET Articles,200,Cenario 2 - Carga Crescente 2-2,true,708074,157,2,2,64,0
1774965667453,61,GET Articles,200,Cenario 2 - Carga Crescente 2-1,true,708074,157,2,2,60,0
1774965667484,54,GET Articles,200,Cenario 2 - Carga Crescente 2-2,true,708074,157,2,2,54,0
1774965667514,60,GET Articles,200,Cenario 2 - Carga Crescente 2-1,true,708074,157,2,2,60,0
1774965667539,63,GET Articles,200,Cenario 2 - Carga Crescente 2-2,true,708075,157,2,2,63,0
1774965667574,54,GET Articles,200,Cenario 2 - Carga Crescente 2-1,true,708074,157,2,2,53,0
1774965667603,47,GET Articles,200,Cenario 2 - Carga Crescente 2-2,true,708075,157,2,2,47,0
1774965667628,54,GET Articles,200,Cenario 2 - Carga Crescente 2-1,true,708074,157,2,2,53,0
1774965667651,59,GET Articles,200,Cenario 2 - Carga Crescente 2-2,true,708075,157,2,2,58,0
1774965667682,64,GET Articles,200,Cenario 2 - Carga Crescente 2-1,true,708074,157,2,2,63,0
1774965667710,67,GET Articles,200,Cenario 2 - Carga Crescente 2-2,true,708075,157,2,2,66,0
1774965667746,69,GET Articles,200,Cenario 2 - Carga Crescente 2-1,true,708074,157,2,2,68,0
1774965667777,65,GET Articles,200,Cenario 2 - Carga Crescente 2-2,true,708075,157,2,2,64,0
1774965667815,57,GET Articles,200,Cenario 2 - Carga Crescente 2-1,true,708074,157,2,2,56,0
1774965667842,52,GET Articles,200,Cenario 2 - Carga Crescente 2-2,true,708075,157,2,2,51,0
1774965667872,58,GET Articles,200,Cenario 2 - Carga Crescente 2-1,true,708074,157,2,2,58,0
1774965667894,65,GET Articles,200,Cenario 2 - Carga Crescente 2-2,true,708075,157,2,2,64,0
1774965667931,57,GET Articles,200,Cenario 2 - Carga Crescente 2-1,true,708074,157,2,2,56,0
1774965667959,64,GET Articles,200,Cenario 2 - Carga Crescente 2-2,true,708075,157,2,2,63,0
1774965667988,63,GET Articles,200,Cenario 2 - Carga Crescente 2-1,true,708074,157,2,2,63,0
1774965668023,56,GET Articles,200,Cenario 2 - Carga Crescente 2-2,true,708075,157,2,2,55,0
1774965668052,54,GET Articles,200,Cenario 2 - Carga Crescente 2-1,true,708074,157,2,2,53,0
1774965668079,56,GET Articles,200,Cenario 2 - Carga Crescente 2-2,true,708075,157,2,2,56,0
1774965668106,63,GET Articles,200,Cenario 2 - Carga Crescente 2-1,true,708074,157,2,2,63,0
1774965668135,62,GET Articles,200,Cenario 2 - Carga Crescente 2-2,true,708075,157,2,2,61,0
1774965668169,58,GET Articles,200,Cenario 2 - Carga Crescente 2-1,true,708074,157,2,2,57,0
1774965668197,53,GET Articles,200,Cenario 2 - Carga Crescente 2-2,true,708075,157,2,2,52,0
1774965668227,53,GET Articles,200,Cenario 2 - Carga Crescente 2-1,true,708074,157,2,2,52,0
1774965668250,53,GET Articles,200,Cenario 2 - Carga Crescente 2-2,true,708075,157,2,2,52,0
1774965668280,51,GET Articles,200,Cenario 2 - Carga Crescente 2-1,true,708074,157,2,2,51,0
1774965668303,60,GET Articles,200,Cenario 2 - Carga Crescente 2-2,true,708075,157,2,2,59,0
1774965668331,65,GET Articles,200,Cenario 2 - Carga Crescente 2-1,true,708074,157,2,2,64,0
1774965668363,55,GET Articles,200,Cenario 2 - Carga Crescente 2-2,true,708075,157,3,3,55,0
1774965668396,64,GET Articles,200,Cenario 2 - Carga Crescente 2-1,true,708074,157,3,3,63,0
1774965668414,73,GET Articles,200,Cenario 2 - Carga Crescente 2-3,true,708075,157,3,3,72,0
1774965668419,95,GET Articles,200,Cenario 2 - Carga Crescente 2-2,true,708075,157,3,3,94,0
1774965668460,130,GET Articles,200,Cenario 2 - Carga Crescente 2-1,true,708074,157,3,3,129,0
1774965668487,109,GET Articles,200,Cenario 2 - Carga Crescente 2-3,true,708074,157,3,3,108,0
1774965668514,107,GET Articles,200,Cenario 2 - Carga Crescente 2-2,true,708075,157,3,3,106,0
1774965668596,64,GET Articles,200,Cenario 2 - Carga Crescente 2-3,true,708074,157,3,3,64,0
1774965668590,100,GET Articles,200,Cenario 2 - Carga Crescente 2-1,true,708075,157,3,3,99,0
1774965668621,97,GET Articles,200,Cenario 2 - Carga Crescente 2-2,true,708075,157,3,3,96,0
1774965668661,97,GET Articles,200,Cenario 2 - Carga Crescente 2-3,true,708074,157,3,3,96,0
1774965668690,101,GET Articles,200,Cenario 2 - Carga Crescente 2-1,true,708075,157,3,3,100,0
1774965668718,95,GET Articles,200,Cenario 2 - Carga Crescente 2-2,true,708075,157,3,3,94,0
1774965668758,103,GET Articles,200,Cenario 2 - Carga Crescente 2-3,true,708074,157,3,3,102,0
1774965668813,91,GET Articles,200,Cenario 2 - Carga Crescente 2-2,true,708075,157,3,3,91,0
1774965668791,119,GET Articles,200,Cenario 2 - Carga Crescente 2-1,true,708075,157,3,3,119,0
1774965668861,90,GET Articles,200,Cenario 2 - Carga Crescente 2-3,true,708074,157,3,3,89,0
1774965668905,68,GET Articles,200,Cenario 2 - Carga Crescente 2-2,true,708075,157,3,3,67,0
1774965668911,87,GET Articles,200,Cenario 2 - Carga Crescente 2-1,true,708075,157,3,3,86,0
1774965668951,86,GET Articles,200,Cenario 2 - Carga Crescente 2-3,true,708074,157,3,3,85,0
1774965668973,92,GET Articles,200,Cenario 2 - Carga Crescente 2-2,true,708075,157,3,3,91,0
1774965668998,91,GET Articles,200,Cenario 2 - Carga Crescente 2-1,true,708075,157,3,3,90,0
1774965669037,84,GET Articles,200,Cenario 2 - Carga Crescente 2-3,true,708074,157,3,3,83,0
1774965669065,82,GET Articles,200,Cenario 2 - Carga Crescente 2-2,true,708075,157,3,3,82,0
1774965669089,87,GET Articles,200,Cenario 2 - Carga Crescente 2-1,true,708075,157,3,3,87,0
1774965669121,89,GET Articles,200,Cenario 2 - Carga Crescente 2-3,true,708074,157,3,3,88,0
1774965669148,86,GET Articles,200,Cenario 2 - Carga Crescente 2-2,true,708075,157,3,3,85,0
1774965669177,94,GET Articles,200,Cenario 2 - Carga Crescente 2-1,true,708075,157,3,3,93,0
1774965669210,100,GET Articles,200,Cenario 2 - Carga Crescente 2-3,true,708074,157,3,3,99,0
1774965669234,103,GET Articles,200,Cenario 2 - Carga Crescente 2-2,true,708075,157,3,3,102,0
1774965669271,91,GET Articles,200,Cenario 2 - Carga Crescente 2-1,true,708075,157,3,3,90,0
1774965669310,83,GET Articles,200,Cenario 2 - Carga Crescente 2-3,true,708074,157,3,3,82,0
1774965669337,78,GET Articles,200,Cenario 2 - Carga Crescente 2-2,true,708075,157,3,3,77,0
1774965669362,80,GET Articles,200,Cenario 2 - Carga Crescente 2-1,true,708075,157,3,3,79,0
1774965669393,79,GET Articles,200,Cenario 2 - Carga Crescente 2-3,true,708074,157,3,3,78,0
1774965669415,86,GET Articles,200,Cenario 2 - Carga Crescente 2-2,true,708075,157,3,3,85,0
1774965669442,86,GET Articles,200,Cenario 2 - Carga Crescente 2-1,true,708075,157,3,3,85,0
1774965669472,84,GET Articles,200,Cenario 2 - Carga Crescente 2-3,true,708074,157,3,3,83,0
1774965669501,84,GET Articles,200,Cenario 2 - Carga Crescente 2-2,true,708075,157,3,3,84,0
1774965669528,89,GET Articles,200,Cenario 2 - Carga Crescente 2-1,true,708075,157,3,3,88,0
1774965669556,93,GET Articles,200,Cenario 2 - Carga Crescente 2-3,true,708074,157,3,3,92,0
1774965669587,97,GET Articles,200,Cenario 2 - Carga Crescente 2-2,true,708075,157,3,3,96,0
1774965669618,103,GET Articles,200,Cenario 2 - Carga Crescente 2-1,true,708075,157,3,3,102,0
1774965669650,101,GET Articles,200,Cenario 2 - Carga Crescente 2-3,true,708074,157,3,3,100,0
1774965669684,95,GET Articles,200,Cenario 2 - Carga Crescente 2-2,true,708075,157,3,3,95,0
1774965669721,85,GET Articles,200,Cenario 2 - Carga Crescente 2-1,true,708075,157,3,3,84,0
1774965669751,88,GET Articles,200,Cenario 2 - Carga Crescente 2-3,true,708074,157,3,3,88,0
1774965669780,89,GET Articles,200,Cenario 2 - Carga Crescente 2-2,true,708075,157,3,3,88,0
1774965669807,92,GET Articles,200,Cenario 2 - Carga Crescente 2-1,true,708075,157,3,3,91,0
1774965669840,95,GET Articles,200,Cenario 2 - Carga Crescente 2-3,true,708074,157,3,3,95,0
1774965669869,93,GET Articles,200,Cenario 2 - Carga Crescente 2-2,true,708075,157,3,3,93,0
1774965669899,89,GET Articles,200,Cenario 2 - Carga Crescente 2-1,true,708075,157,3,3,88,0
1774965669936,84,GET Articles,200,Cenario 2 - Carga Crescente 2-3,true,708074,157,3,3,83,0
1774965669962,87,GET Articles,200,Cenario 2 - Carga Crescente 2-2,true,708075,157,3,3,86,0
1774965669988,87,GET Articles,200,Cenario 2 - Carga Crescente 2-1,true,708075,157,3,3,86,0
1774965670049,57,GET Articles,200,Cenario 2 - Carga Crescente 2-2,true,708074,157,3,3,57,0
1774965670020,112,GET Articles,200,Cenario 2 - Carga Crescente 2-3,true,708074,157,3,3,111,0
1774965670075,86,GET Articles,200,Cenario 2 - Carga Crescente 2-1,true,708075,157,3,3,85,0
1774965670106,90,GET Articles,200,Cenario 2 - Carga Crescente 2-2,true,708074,157,3,3,89,0
1774965670132,95,GET Articles,200,Cenario 2 - Carga Crescente 2-3,true,708075,157,4,4,94,0
1774965670161,93,GET Articles,200,Cenario 2 - Carga Crescente 2-1,true,708075,157,4,4,92,0
1774965670196,94,GET Articles,200,Cenario 2 - Carga Crescente 2-2,true,708074,157,4,4,93,0
1774965670216,110,GET Articles,200,Cenario 2 - Carga Crescente 2-4,true,708075,157,4,4,110,0
1774965670227,125,GET Articles,200,Cenario 2 - Carga Crescente 2-3,true,708075,157,4,4,124,0
1774965670254,129,GET Articles,200,Cenario 2 - Carga Crescente 2-1,true,708074,157,4,4,128,0
1774965670290,117,GET Articles,200,Cenario 2 - Carga Crescente 2-2,true,708075,157,4,4,116,0
1774965670326,108,GET Articles,200,Cenario 2 - Carga Crescente 2-4,true,708075,157,4,4,107,0
1774965670352,111,GET Articles,200,Cenario 2 - Carga Crescente 2-3,true,708074,157,4,4,110,0
1774965670383,115,GET Articles,200,Cenario 2 - Carga Crescente 2-1,true,708075,157,4,4,114,0
1774965670407,117,GET Articles,200,Cenario 2 - Carga Crescente 2-2,true,708075,157,4,4,116,0
1774965670434,121,GET Articles,200,Cenario 2 - Carga Crescente 2-4,true,708074,157,4,4,120,0
1774965670463,121,GET Articles,200,Cenario 2 - Carga Crescente 2-3,true,708075,157,4,4,120,0
1774965670498,119,GET Articles,200,Cenario 2 - Carga Crescente 2-1,true,708075,157,4,4,118,0
1774965670555,94,GET Articles,200,Cenario 2 - Carga Crescente 2-4,true,708074,157,4,4,93,0
1774965670524,152,GET Articles,200,Cenario 2 - Carga Crescente 2-2,true,708074,157,4,4,149,0
1774965670584,119,GET Articles,200,Cenario 2 - Carga Crescente 2-3,true,708075,157,4,4,118,0
1774965670617,121,GET Articles,200,Cenario 2 - Carga Crescente 2-1,true,708074,157,4,4,121,0
1774965670649,121,GET Articles,200,Cenario 2 - Carga Crescente 2-4,true,708075,157,4,4,120,0
1774965670676,141,GET Articles,200,Cenario 2 - Carga Crescente 2-2,true,708075,157,4,4,140,0
1774965670703,151,GET Articles,200,Cenario 2 - Carga Crescente 2-3,true,708074,157,4,4,150,0
1774965670739,141,GET Articles,200,Cenario 2 - Carga Crescente 2-1,true,708075,157,4,4,140,0
1774965670770,140,GET Articles,200,Cenario 2 - Carga Crescente 2-4,true,708075,157,4,4,139,0
1774965670817,136,GET Articles,200,Cenario 2 - Carga Crescente 2-2,true,708074,157,4,4,135,0
1774965670854,136,GET Articles,200,Cenario 2 - Carga Crescente 2-3,true,708075,157,4,4,135,0
1774965670880,141,GET Articles,200,Cenario 2 - Carga Crescente 2-1,true,708075,157,4,4,140,0
1774965670910,160,GET Articles,200,Cenario 2 - Carga Crescente 2-4,true,708074,157,4,4,159,0
1774965670953,122,GET Articles,200,Cenario 2 - Carga Crescente 2-2,true,708074,157,4,4,121,0
1774965670990,117,GET Articles,200,Cenario 2 - Carga Crescente 2-3,true,708074,157,4,4,116,0
1774965671021,120,GET Articles,200,Cenario 2 - Carga Crescente 2-1,true,708074,157,4,4,119,0
1774965671070,106,GET Articles,200,Cenario 2 - Carga Crescente 2-4,true,708075,157,4,4,105,0
1774965671075,131,GET Articles,200,Cenario 2 - Carga Crescente 2-2,true,708074,157,4,4,130,0
1774965671108,124,GET Articles,200,Cenario 2 - Carga Crescente 2-3,true,708074,157,4,4,124,0
1774965671141,126,GET Articles,200,Cenario 2 - Carga Crescente 2-1,true,708075,157,4,4,126,0
1774965671176,120,GET Articles,200,Cenario 2 - Carga Crescente 2-4,true,708075,157,4,4,119,0
1774965671206,117,GET Articles,200,Cenario 2 - Carga Crescente 2-2,true,708074,157,4,4,116,0
1774965671233,124,GET Articles,200,Cenario 2 - Carga Crescente 2-3,true,708075,157,4,4,123,0
1774965671267,118,GET Articles,200,Cenario 2 - Carga Crescente 2-1,true,708075,157,4,4,118,0
1774965671296,132,GET Articles,200,Cenario 2 - Carga Crescente 2-4,true,708074,157,4,4,132,0
1774965671323,136,GET Articles,200,Cenario 2 - Carga Crescente 2-2,true,708075,157,4,4,135,0
1774965671357,126,GET Articles,200,Cenario 2 - Carga Crescente 2-3,true,708075,157,4,4,125,0
1774965671385,132,GET Articles,200,Cenario 2 - Carga Crescente 2-1,true,708074,157,4,4,131,0
1774965671429,112,GET Articles,200,Cenario 2 - Carga Crescente 2-4,true,708075,157,4,4,111,0
1774965671459,118,GET Articles,200,Cenario 2 - Carga Crescente 2-2,true,708075,157,4,4,118,0
1774965671483,134,GET Articles,200,Cenario 2 - Carga Crescente 2-3,true,708074,157,4,4,133,0
1774965671517,121,GET Articles,200,Cenario 2 - Carga Crescente 2-1,true,708074,157,4,4,120,0
1774965671541,134,GET Articles,200,Cenario 2 - Carga Crescente 2-4,true,708075,157,4,4,134,0
1774965671578,128,GET Articles,200,Cenario 2 - Carga Crescente 2-2,true,708074,157,4,4,127,0
1774965671617,117,GET Articles,200,Cenario 2 - Carga Crescente 2-3,true,708075,157,4,4,117,0
1774965671638,122,GET Articles,200,Cenario 2 - Carga Crescente 2-1,true,708075,157,4,4,122,0
1774965671676,115,GET Articles,200,Cenario 2 - Carga Crescente 2-4,true,708074,157,4,4,114,0
1774965671706,122,GET Articles,200,Cenario 2 - Carga Crescente 2-2,true,708075,157,4,4,122,0
1774965671735,118,GET Articles,200,Cenario 2 - Carga Crescente 2-3,true,708075,157,4,4,117,0
1774965671761,122,GET Articles,200,Cenario 2 - Carga Crescente 2-1,true,708074,157,4,4,121,0
1774965671791,113,GET Articles,200,Cenario 2 - Carga Crescente 2-4,true,708075,157,4,4,113,0
1774965671829,101,GET Articles,200,Cenario 2 - Carga Crescente 2-2,true,708075,157,4,4,100,0
1774965671853,108,GET Articles,200,Cenario 2 - Carga Crescente 2-3,true,708074,157,4,4,108,0
1774965671883,108,GET Articles,200,Cenario 2 - Carga Crescente 2-1,true,708075,157,4,4,108,0
1774965671905,111,GET Articles,200,Cenario 2 - Carga Crescente 2-4,true,708075,157,5,5,110,0
1774965671930,124,GET Articles,200,Cenario 2 - Carga Crescente 2-2,true,708074,157,5,5,124,0
1774965671962,122,GET Articles,200,Cenario 2 - Carga Crescente 2-3,true,708075,157,5,5,121,0
1774965671991,117,GET Articles,200,Cenario 2 - Carga Crescente 2-1,true,708075,157,5,5,116,0
1774965672014,133,GET Articles,200,Cenario 2 - Carga Crescente 2-5,true,708074,157,5,5,132,1
1774965672016,160,GET Articles,200,Cenario 2 - Carga Crescente 2-4,true,708075,157,5,5,159,0
1774965672054,150,GET Articles,200,Cenario 2 - Carga Crescente 2-2,true,708075,157,5,5,149,0
1774965672084,156,GET Articles,200,Cenario 2 - Carga Crescente 2-3,true,708074,157,5,5,155,0
1774965672108,156,GET Articles,200,Cenario 2 - Carga Crescente 2-1,true,708075,157,5,5,156,0
1774965672147,146,GET Articles,200,Cenario 2 - Carga Crescente 2-5,true,708075,157,5,5,145,0
1774965672176,159,GET Articles,200,Cenario 2 - Carga Crescente 2-4,true,708074,157,5,5,159,0
1774965672204,152,GET Articles,200,Cenario 2 - Carga Crescente 2-2,true,708074,157,5,5,152,0
1774965672240,142,GET Articles,200,Cenario 2 - Carga Crescente 2-3,true,708075,157,5,5,141,0
1774965672293,120,GET Articles,200,Cenario 2 - Carga Crescente 2-5,true,708074,157,5,5,120,0
1774965672264,175,GET Articles,200,Cenario 2 - Carga Crescente 2-1,true,708075,157,5,5,174,0
1774965672335,127,GET Articles,200,Cenario 2 - Carga Crescente 2-4,true,708075,157,5,5,126,0
1774965672357,135,GET Articles,200,Cenario 2 - Carga Crescente 2-2,true,708074,157,5,5,135,0
1774965672382,139,GET Articles,200,Cenario 2 - Carga Crescente 2-3,true,708075,157,5,5,138,0
1774965672413,131,GET Articles,200,Cenario 2 - Carga Crescente 2-5,true,708075,157,5,5,131,0
1774965672439,149,GET Articles,200,Cenario 2 - Carga Crescente 2-1,true,708074,157,5,5,148,0
1774965672462,155,GET Articles,200,Cenario 2 - Carga Crescente 2-4,true,708075,157,5,5,154,0
1774965672493,150,GET Articles,200,Cenario 2 - Carga Crescente 2-2,true,708075,157,5,5,149,0
1774965672521,155,GET Articles,200,Cenario 2 - Carga Crescente 2-3,true,708074,157,5,5,154,0
1774965672545,157,GET Articles,200,Cenario 2 - Carga Crescente 2-5,true,708075,157,5,5,157,0
1774965672588,143,GET Articles,200,Cenario 2 - Carga Crescente 2-1,true,708075,157,5,5,142,0
1774965672617,150,GET Articles,200,Cenario 2 - Carga Crescente 2-4,true,708074,157,5,5,149,0
1774965672643,150,GET Articles,200,Cenario 2 - Carga Crescente 2-2,true,708075,157,5,5,149,0
1774965672676,142,GET Articles,200,Cenario 2 - Carga Crescente 2-3,true,708075,157,5,5,141,0
1774965672703,154,GET Articles,200,Cenario 2 - Carga Crescente 2-5,true,708074,157,5,5,154,0
1774965672731,155,GET Articles,200,Cenario 2 - Carga Crescente 2-1,true,708075,157,5,5,154,0
1774965672767,142,GET Articles,200,Cenario 2 - Carga Crescente 2-4,true,708075,157,5,5,141,0
1774965672793,149,GET Articles,200,Cenario 2 - Carga Crescente 2-2,true,708074,157,5,5,148,0
1774965672818,148,GET Articles,200,Cenario 2 - Carga Crescente 2-3,true,708075,157,5,5,148,0
1774965672858,137,GET Articles,200,Cenario 2 - Carga Crescente 2-5,true,708075,157,5,5,136,0
1774965672886,148,GET Articles,200,Cenario 2 - Carga Crescente 2-1,true,708074,157,5,5,147,0
1774965672909,150,GET Articles,200,Cenario 2 - Carga Crescente 2-4,true,708075,157,5,5,149,0
1774965672942,142,GET Articles,200,Cenario 2 - Carga Crescente 2-2,true,708075,157,5,5,141,0
1774965672967,148,GET Articles,200,Cenario 2 - Carga Crescente 2-3,true,708074,157,5,5,148,0
1774965672995,150,GET Articles,200,Cenario 2 - Carga Crescente 2-5,true,708075,157,5,5,149,0
1774965673034,132,GET Articles,200,Cenario 2 - Carga Crescente 2-1,true,708075,157,5,5,131,0
1774965673059,154,GET Articles,200,Cenario 2 - Carga Crescente 2-4,true,708074,157,5,5,153,0
1774965673084,154,GET Articles,200,Cenario 2 - Carga Crescente 2-2,true,708075,157,5,5,154,0
1774965673116,154,GET Articles,200,Cenario 2 - Carga Crescente 2-3,true,708075,157,5,5,153,0
1774965673145,180,GET Articles,200,Cenario 2 - Carga Crescente 2-5,true,708074,157,5,5,179,0
1774965673166,186,GET Articles,200,Cenario 2 - Carga Crescente 2-1,true,708075,157,5,5,186,0
1774965673213,162,GET Articles,200,Cenario 2 - Carga Crescente 2-4,true,708075,157,5,5,161,0
1774965673238,170,GET Articles,200,Cenario 2 - Carga Crescente 2-2,true,708074,157,5,5,169,0
1774965673270,162,GET Articles,200,Cenario 2 - Carga Crescente 2-3,true,708075,157,5,5,162,0
1774965673325,130,GET Articles,200,Cenario 2 - Carga Crescente 2-5,true,708075,157,5,5,130,0
1774965673353,135,GET Articles,200,Cenario 2 - Carga Crescente 2-1,true,708074,157,5,5,134,0
1774965673375,143,GET Articles,200,Cenario 2 - Carga Crescente 2-4,true,708075,157,5,5,142,0
1774965673408,132,GET Articles,200,Cenario 2 - Carga Crescente 2-2,true,708075,157,5,5,131,0
1774965673433,147,GET Articles,200,Cenario 2 - Carga Crescente 2-3,true,708074,157,5,5,146,0
1774965673455,155,GET Articles,200,Cenario 2 - Carga Crescente 2-5,true,708075,157,5,5,154,0
1774965673488,146,GET Articles,200,Cenario 2 - Carga Crescente 2-1,true,708075,157,5,5,145,0
1774965673518,148,GET Articles,200,Cenario 2 - Carga Crescente 2-4,true,708074,157,5,5,147,0
1774965673540,153,GET Articles,200,Cenario 2 - Carga Crescente 2-2,true,708075,157,5,5,152,0
1774965673581,138,GET Articles,200,Cenario 2 - Carga Crescente 2-3,true,708075,157,5,5,137,0
1774965673610,143,GET Articles,200,Cenario 2 - Carga Crescente 2-5,true,708074,157,5,5,142,0
1774965673634,154,GET Articles,200,Cenario 2 - Carga Crescente 2-1,true,708075,157,5,5,154,0
1774965673666,151,GET Articles,200,Cenario 2 - Carga Crescente 2-4,true,708075,157,6,6,150,0
1774965673693,156,GET Articles,200,Cenario 2 - Carga Crescente 2-2,true,708074,157,6,6,156,0
1774965673719,160,GET Articles,200,Cenario 2 - Carga Crescente 2-3,true,708075,157,6,6,159,0
1774965673753,152,GET Articles,200,Cenario 2 - Carga Crescente 2-5,true,708075,157,6,6,152,0
1774965673788,155,GET Articles,200,Cenario 2 - Carga Crescente 2-1,true,708074,157,6,6,154,0
1774965673815,166,GET Articles,200,Cenario 2 - Carga Crescente 2-6,true,708075,157,6,6,163,1
1774965673817,192,GET Articles,200,Cenario 2 - Carga Crescente 2-4,true,708075,157,6,6,191,0
1774965673850,192,GET Articles,200,Cenario 2 - Carga Crescente 2-2,true,708074,157,6,6,192,0
1774965673879,192,GET Articles,200,Cenario 2 - Carga Crescente 2-3,true,708075,157,6,6,192,0
1774965673905,196,GET Articles,200,Cenario 2 - Carga Crescente 2-5,true,708075,157,6,6,195,0
1774965673943,196,GET Articles,200,Cenario 2 - Carga Crescente 2-1,true,708074,157,6,6,196,0
1774965673981,192,GET Articles,200,Cenario 2 - Carga Crescente 2-6,true,708075,157,6,6,191,0
1774965674009,187,GET Articles,200,Cenario 2 - Carga Crescente 2-4,true,708075,157,6,6,186,0
1774965674043,185,GET Articles,200,Cenario 2 - Carga Crescente 2-2,true,708074,157,6,6,184,0
1774965674072,194,GET Articles,200,Cenario 2 - Carga Crescente 2-3,true,708075,157,6,6,194,0
1774965674101,194,GET Articles,200,Cenario 2 - Carga Crescente 2-5,true,708075,157,6,6,193,0
1774965674140,186,GET Articles,200,Cenario 2 - Carga Crescente 2-1,true,708074,157,6,6,185,0
1774965674173,185,GET Articles,200,Cenario 2 - Carga Crescente 2-6,true,708075,157,6,6,184,0
1774965674196,193,GET Articles,200,Cenario 2 - Carga Crescente 2-4,true,708075,157,6,6,192,0
1774965674228,200,GET Articles,200,Cenario 2 - Carga Crescente 2-2,true,708074,157,6,6,199,0
1774965674266,184,GET Articles,200,Cenario 2 - Carga Crescente 2-3,true,708074,157,6,6,184,0
1774965674295,182,GET Articles,200,Cenario 2 - Carga Crescente 2-5,true,708075,157,6,6,182,0
1774965674326,194,GET Articles,200,Cenario 2 - Carga Crescente 2-1,true,708074,157,6,6,193,0
1774965674358,185,GET Articles,200,Cenario 2 - Carga Crescente 2-6,true,708074,157,6,6,184,0
1774965674389,177,GET Articles,200,Cenario 2 - Carga Crescente 2-4,true,708075,157,6,6,176,0
1774965674428,177,GET Articles,200,Cenario 2 - Carga Crescente 2-2,true,708074,157,6,6,176,0
1774965674451,197,GET Articles,200,Cenario 2 - Carga Crescente 2-3,true,708075,157,6,6,196,0
1774965674477,195,GET Articles,200,Cenario 2 - Carga Crescente 2-5,true,708075,157,6,6,195,0
1774965674543,163,GET Articles,200,Cenario 2 - Carga Crescente 2-6,true,708074,157,6,6,162,0
1774965674520,220,GET Articles,200,Cenario 2 - Carga Crescente 2-1,true,708074,157,6,6,220,0
1774965674566,197,GET Articles,200,Cenario 2 - Carga Crescente 2-4,true,708075,157,6,6,196,0
1774965674605,192,GET Articles,200,Cenario 2 - Carga Crescente 2-2,true,708074,157,6,6,191,0
1774965674648,170,GET Articles,200,Cenario 2 - Carga Crescente 2-3,true,708074,157,6,6,169,0
1774965674672,171,GET Articles,200,Cenario 2 - Carga Crescente 2-5,true,708075,157,6,6,170,0
1774965674741,144,GET Articles,200,Cenario 2 - Carga Crescente 2-1,true,708074,157,6,6,143,0
1774965674706,206,GET Articles,200,Cenario 2 - Carga Crescente 2-6,true,708074,157,6,6,206,0
1774965674763,185,GET Articles,200,Cenario 2 - Carga Crescente 2-4,true,708075,157,6,6,184,0
1774965674818,163,GET Articles,200,Cenario 2 - Carga Crescente 2-3,true,708074,157,6,6,162,0
1774965674797,206,GET Articles,200,Cenario 2 - Carga Crescente 2-2,true,708075,157,6,6,205,0
1774965674843,185,GET Articles,200,Cenario 2 - Carga Crescente 2-5,true,708075,157,6,6,184,0
1774965674885,199,GET Articles,200,Cenario 2 - Carga Crescente 2-1,true,708074,157,6,6,198,0
1774965674913,177,GET Articles,200,Cenario 2 - Carga Crescente 2-6,true,708074,157,6,6,176,0
1774965674948,163,GET Articles,200,Cenario 2 - Carga Crescente 2-4,true,708074,157,6,6,162,0
1774965674981,187,GET Articles,200,Cenario 2 - Carga Crescente 2-3,true,708074,157,6,6,186,0
1774965675003,169,GET Articles,200,Cenario 2 - Carga Crescente 2-2,true,708074,157,6,6,168,0
1774965675028,169,GET Articles,200,Cenario 2 - Carga Crescente 2-5,true,708075,157,6,6,168,0
1774965675084,149,GET Articles,200,Cenario 2 - Carga Crescente 2-1,true,708074,157,6,6,149,0
1774965675090,170,GET Articles,200,Cenario 2 - Carga Crescente 2-6,true,708075,157,6,6,170,0
1774965675111,174,GET Articles,200,Cenario 2 - Carga Crescente 2-4,true,708075,157,6,6,173,0
1774965675168,157,GET Articles,200,Cenario 2 - Carga Crescente 2-3,true,708074,157,6,6,156,0
1774965675172,176,GET Articles,200,Cenario 2 - Carga Crescente 2-2,true,708075,157,6,6,175,0
1774965675197,177,GET Articles,200,Cenario 2 - Carga Crescente 2-5,true,708075,157,6,6,176,0
1774965675233,177,GET Articles,200,Cenario 2 - Carga Crescente 2-1,true,708074,157,6,6,176,0
1774965675260,173,GET Articles,200,Cenario 2 - Carga Crescente 2-6,true,708075,157,6,6,173,0
1774965675285,175,GET Articles,200,Cenario 2 - Carga Crescente 2-4,true,708075,157,6,6,174,0
1774965675325,167,GET Articles,200,Cenario 2 - Carga Crescente 2-3,true,708074,157,6,6,166,0
1774965675348,183,GET Articles,200,Cenario 2 - Carga Crescente 2-2,true,708075,157,6,6,182,0
1774965675374,182,GET Articles,200,Cenario 2 - Carga Crescente 2-5,true,708075,157,6,6,181,0
1774965675410,180,GET Articles,200,Cenario 2 - Carga Crescente 2-1,true,708074,157,6,6,179,0
1774965675434,188,GET Articles,200,Cenario 2 - Carga Crescente 2-6,true,708075,157,7,7,187,0
1774965675460,189,GET Articles,200,Cenario 2 - Carga Crescente 2-4,true,708075,157,7,7,189,0
1774965675492,195,GET Articles,200,Cenario 2 - Carga Crescente 2-3,true,708074,157,7,7,194,0
1774965675531,181,GET Articles,200,Cenario 2 - Carga Crescente 2-2,true,708075,157,7,7,180,0
1774965675556,192,GET Articles,200,Cenario 2 - Carga Crescente 2-5,true,708075,157,7,7,191,0
1774965675590,191,GET Articles,200,Cenario 2 - Carga Crescente 2-1,true,708074,157,7,7,190,0
1774965675614,192,GET Articles,200,Cenario 2 - Carga Crescente 2-7,true,708075,157,7,7,191,1
1774965675622,208,GET Articles,200,Cenario 2 - Carga Crescente 2-6,true,708075,157,7,7,207,0
1774965675649,214,GET Articles,200,Cenario 2 - Carga Crescente 2-4,true,708074,157,7,7,213,0
1774965675688,210,GET Articles,200,Cenario 2 - Carga Crescente 2-3,true,708075,157,7,7,209,0
1774965675712,214,GET Articles,200,Cenario 2 - Carga Crescente 2-2,true,708075,157,7,7,214,0
1774965675748,209,GET Articles,200,Cenario 2 - Carga Crescente 2-5,true,708074,157,7,7,208,0
1774965675781,205,GET Articles,200,Cenario 2 - Carga Crescente 2-1,true,708075,157,7,7,205,0
1774965675807,203,GET Articles,200,Cenario 2 - Carga Crescente 2-7,true,708075,157,7,7,202,0
1774965675830,213,GET Articles,200,Cenario 2 - Carga Crescente 2-6,true,708074,157,7,7,212,0
1774965675863,208,GET Articles,200,Cenario 2 - Carga Crescente 2-4,true,708075,157,7,7,207,0
1774965675898,198,GET Articles,200,Cenario 2 - Carga Crescente 2-3,true,708075,157,7,7,197,0
1774965675927,205,GET Articles,200,Cenario 2 - Carga Crescente 2-2,true,708074,157,7,7,204,0
1774965675957,213,GET Articles,200,Cenario 2 - Carga Crescente 2-5,true,708075,157,7,7,213,0
1774965675987,217,GET Articles,200,Cenario 2 - Carga Crescente 2-1,true,708075,157,7,7,216,0
1774965676010,231,GET Articles,200,Cenario 2 - Carga Crescente 2-7,true,708074,157,7,7,230,0
1774965676043,247,GET Articles,200,Cenario 2 - Carga Crescente 2-6,true,708074,157,7,7,246,0
1774965676071,223,GET Articles,200,Cenario 2 - Carga Crescente 2-4,true,708074,157,7,7,222,0
1774965676132,227,GET Articles,200,Cenario 2 - Carga Crescente 2-2,true,708074,157,7,7,226,0
1774965676096,267,GET Articles,200,Cenario 2 - Carga Crescente 2-3,true,708074,157,7,7,266,0
1774965676171,220,GET Articles,200,Cenario 2 - Carga Crescente 2-5,true,708075,157,7,7,219,0
1774965676241,195,GET Articles,200,Cenario 2 - Carga Crescente 2-7,true,708074,157,7,7,194,0
1774965676204,274,GET Articles,200,Cenario 2 - Carga Crescente 2-1,true,708075,157,7,7,273,0
1774965676290,192,GET Articles,200,Cenario 2 - Carga Crescente 2-6,true,708075,157,7,7,191,0
1774965676294,219,GET Articles,200,Cenario 2 - Carga Crescente 2-4,true,708074,157,7,7,218,0
1774965676359,188,GET Articles,200,Cenario 2 - Carga Crescente 2-2,true,708075,157,7,7,188,0
1774965676364,219,GET Articles,200,Cenario 2 - Carga Crescente 2-3,true,708075,157,7,7,218,0
1774965676391,221,GET Articles,200,Cenario 2 - Carga Crescente 2-5,true,708074,157,7,7,220,0
1774965676436,211,GET Articles,200,Cenario 2 - Carga Crescente 2-7,true,708075,157,7,7,210,0
1774965676478,196,GET Articles,200,Cenario 2 - Carga Crescente 2-1,true,708075,157,7,7,195,0
1774965676482,224,GET Articles,200,Cenario 2 - Carga Crescente 2-6,true,708074,157,7,7,223,0
1774965676513,224,GET Articles,200,Cenario 2 - Carga Crescente 2-4,true,708075,157,7,7,224,0
1774965676548,216,GET Articles,200,Cenario 2 - Carga Crescente 2-2,true,708075,157,7,7,216,0
1774965676583,229,GET Articles,200,Cenario 2 - Carga Crescente 2-3,true,708074,157,7,7,228,0
1774965676612,224,GET Articles,200,Cenario 2 - Carga Crescente 2-5,true,708075,157,7,7,223,0
1774965676647,216,GET Articles,200,Cenario 2 - Carga Crescente 2-7,true,708075,157,7,7,215,0
1774965676706,194,GET Articles,200,Cenario 2 - Carga Crescente 2-6,true,708074,157,7,7,193,0
1774965676674,251,GET Articles,200,Cenario 2 - Carga Crescente 2-1,true,708074,157,7,7,250,0
1774965676737,209,GET Articles,200,Cenario 2 - Carga Crescente 2-4,true,708075,157,7,7,208,0
1774965676764,250,GET Articles,200,Cenario 2 - Carga Crescente 2-2,true,708074,157,7,7,249,0
1774965676812,206,GET Articles,200,Cenario 2 - Carga Crescente 2-3,true,708074,157,7,7,205,0
1774965676836,205,GET Articles,200,Cenario 2 - Carga Crescente 2-5,true,708075,157,7,7,204,0
1774965676863,216,GET Articles,200,Cenario 2 - Carga Crescente 2-7,true,708074,157,7,7,215,0
1774965676900,208,GET Articles,200,Cenario 2 - Carga Crescente 2-6,true,708075,157,7,7,207,0
1774965676925,218,GET Articles,200,Cenario 2 - Carga Crescente 2-1,true,708075,157,7,7,218,0
1774965676946,233,GET Articles,200,Cenario 2 - Carga Crescente 2-4,true,708074,157,7,7,232,0
1774965677014,188,GET Articles,200,Cenario 2 - Carga Crescente 2-2,true,708075,157,7,7,187,0
1774965677018,206,GET Articles,200,Cenario 2 - Carga Crescente 2-3,true,708075,157,7,7,206,0
1774965677041,215,GET Articles,200,Cenario 2 - Carga Crescente 2-5,true,708074,157,7,7,215,0
1774965677079,213,GET Articles,200,Cenario 2 - Carga Crescente 2-7,true,708075,157,7,7,210,0
1774965677108,210,GET Articles,200,Cenario 2 - Carga Crescente 2-6,true,708075,157,7,7,209,0
1774965677143,207,GET Articles,200,Cenario 2 - Carga Crescente 2-1,true,708074,157,7,7,207,0
1774965677179,201,GET Articles,200,Cenario 2 - Carga Crescente 2-4,true,708075,157,7,7,200,0
1774965677202,200,GET Articles,200,Cenario 2 - Carga Crescente 2-2,true,708075,157,7,7,200,0
1774965677224,211,GET Articles,200,Cenario 2 - Carga Crescente 2-3,true,708074,157,8,8,210,0
1774965677257,204,GET Articles,200,Cenario 2 - Carga Crescente 2-5,true,708075,157,8,8,203,0
1774965677292,190,GET Articles,200,Cenario 2 - Carga Crescente 2-7,true,708075,157,8,8,189,0
1774965677318,202,GET Articles,200,Cenario 2 - Carga Crescente 2-6,true,708074,157,8,8,201,0
1774965677351,193,GET Articles,200,Cenario 2 - Carga Crescente 2-1,true,708075,157,8,8,192,0
1774965677380,197,GET Articles,200,Cenario 2 - Carga Crescente 2-4,true,708075,157,8,8,196,0
1774965677402,230,GET Articles,200,Cenario 2 - Carga Crescente 2-2,true,708074,157,8,8,229,0
1774965677415,250,GET Articles,200,Cenario 2 - Carga Crescente 2-8,true,708075,157,8,8,249,0
1774965677435,263,GET Articles,200,Cenario 2 - Carga Crescente 2-3,true,708076,157,8,8,263,0
1774965677461,270,GET Articles,200,Cenario 2 - Carga Crescente 2-5,true,708074,157,8,8,269,0
1774965677482,282,GET Articles,200,Cenario 2 - Carga Crescente 2-7,true,708075,157,8,8,281,0
1774965677520,268,GET Articles,200,Cenario 2 - Carga Crescente 2-6,true,708075,157,8,8,267,0
1774965677544,287,GET Articles,200,Cenario 2 - Carga Crescente 2-1,true,708074,157,8,8,286,0
1774965677577,278,GET Articles,200,Cenario 2 - Carga Crescente 2-4,true,708075,157,8,8,277,0
1774965677632,251,GET Articles,200,Cenario 2 - Carga Crescente 2-2,true,708075,157,8,8,250,0
1774965677665,258,GET Articles,200,Cenario 2 - Carga Crescente 2-8,true,708074,157,8,8,257,0
1774965677699,253,GET Articles,200,Cenario 2 - Carga Crescente 2-3,true,708075,157,8,8,252,0
1774965677731,245,GET Articles,200,Cenario 2 - Carga Crescente 2-5,true,708075,157,8,8,244,0
1774965677764,261,GET Articles,200,Cenario 2 - Carga Crescente 2-7,true,708074,157,8,8,260,0
1774965677788,260,GET Articles,200,Cenario 2 - Carga Crescente 2-6,true,708075,157,8,8,259,0
1774965677831,242,GET Articles,200,Cenario 2 - Carga Crescente 2-1,true,708075,157,8,8,242,0
1774965677855,255,GET Articles,200,Cenario 2 - Carga Crescente 2-4,true,708074,157,8,8,254,0
1774965677883,252,GET Articles,200,Cenario 2 - Carga Crescente 2-2,true,708075,157,8,8,251,0
1774965677923,239,GET Articles,200,Cenario 2 - Carga Crescente 2-8,true,708075,157,8,8,238,0
1774965677952,246,GET Articles,200,Cenario 2 - Carga Crescente 2-3,true,708074,157,8,8,245,0
1774965677976,250,GET Articles,200,Cenario 2 - Carga Crescente 2-5,true,708075,157,8,8,249,0
1774965678025,241,GET Articles,200,Cenario 2 - Carga Crescente 2-7,true,708075,157,8,8,241,0
1774965678048,252,GET Articles,200,Cenario 2 - Carga Crescente 2-6,true,708074,157,8,8,252,0
1774965678073,257,GET Articles,200,Cenario 2 - Carga Crescente 2-1,true,708075,157,8,8,256,0
1774965678110,246,GET Articles,200,Cenario 2 - Carga Crescente 2-4,true,708075,157,8,8,245,0
1774965678135,262,GET Articles,200,Cenario 2 - Carga Crescente 2-2,true,708074,157,8,8,262,0
1774965678162,259,GET Articles,200,Cenario 2 - Carga Crescente 2-8,true,708075,157,8,8,259,0
1774965678198,259,GET Articles,200,Cenario 2 - Carga Crescente 2-3,true,708075,157,8,8,258,0
1774965678226,266,GET Articles,200,Cenario 2 - Carga Crescente 2-5,true,708074,157,8,8,265,0
1774965678266,255,GET Articles,200,Cenario 2 - Carga Crescente 2-7,true,708075,157,8,8,254,0
1774965678301,247,GET Articles,200,Cenario 2 - Carga Crescente 2-6,true,708075,157,8,8,246,0
1774965678330,251,GET Articles,200,Cenario 2 - Carga Crescente 2-1,true,708074,157,8,8,250,0
1774965678356,254,GET Articles,200,Cenario 2 - Carga Crescente 2-4,true,708075,157,8,8,253,0
1774965678398,241,GET Articles,200,Cenario 2 - Carga Crescente 2-2,true,708075,157,8,8,241,0
1774965678422,269,GET Articles,200,Cenario 2 - Carga Crescente 2-8,true,708074,157,8,8,268,0
1774965678457,262,GET Articles,200,Cenario 2 - Carga Crescente 2-3,true,708075,157,8,8,261,0
1774965678492,251,GET Articles,200,Cenario 2 - Carga Crescente 2-5,true,708075,157,8,8,251,0
1774965678521,256,GET Articles,200,Cenario 2 - Carga Crescente 2-7,true,708074,157,8,8,256,0
1774965678548,258,GET Articles,200,Cenario 2 - Carga Crescente 2-6,true,708075,157,8,8,257,0
1774965678581,252,GET Articles,200,Cenario 2 - Carga Crescente 2-1,true,708075,157,8,8,252,0
1774965678610,284,GET Articles,200,Cenario 2 - Carga Crescente 2-4,true,708074,157,8,8,283,0
1774965678640,260,GET Articles,200,Cenario 2 - Carga Crescente 2-2,true,708074,157,8,8,259,0
1774965678691,233,GET Articles,200,Cenario 2 - Carga Crescente 2-8,true,708075,157,8,8,232,0
1774965678719,248,GET Articles,200,Cenario 2 - Carga Crescente 2-3,true,708074,157,8,8,248,0
1774965678744,256,GET Articles,200,Cenario 2 - Carga Crescente 2-5,true,708075,157,8,8,255,0
1774965678778,246,GET Articles,200,Cenario 2 - Carga Crescente 2-7,true,708075,157,8,8,245,0
1774965678806,257,GET Articles,200,Cenario 2 - Carga Crescente 2-6,true,708074,157,8,8,257,0
1774965678834,260,GET Articles,200,Cenario 2 - Carga Crescente 2-1,true,708075,157,8,8,259,0
1774965678894,233,GET Articles,200,Cenario 2 - Carga Crescente 2-4,true,708075,157,8,8,233,0
1774965678900,263,GET Articles,200,Cenario 2 - Carga Crescente 2-2,true,708074,157,8,8,262,0
1774965678924,268,GET Articles,200,Cenario 2 - Carga Crescente 2-8,true,708075,157,8,8,267,0
1774965678967,253,GET Articles,200,Cenario 2 - Carga Crescente 2-3,true,708075,157,9,9,252,0
1774965679000,258,GET Articles,200,Cenario 2 - Carga Crescente 2-5,true,708074,157,9,9,258,0
1774965679024,264,GET Articles,200,Cenario 2 - Carga Crescente 2-7,true,708075,157,9,9,263,0
1774965679064,255,GET Articles,200,Cenario 2 - Carga Crescente 2-6,true,708075,157,9,9,254,0
1774965679094,266,GET Articles,200,Cenario 2 - Carga Crescente 2-1,true,708074,157,9,9,265,0
1774965679128,260,GET Articles,200,Cenario 2 - Carga Crescente 2-4,true,708075,157,9,9,259,0
1774965679163,249,GET Articles,200,Cenario 2 - Carga Crescente 2-2,true,708075,157,9,9,248,0
1774965679216,251,GET Articles,200,Cenario 2 - Carga Crescente 2-9,true,708074,157,9,9,250,0
1774965679192,280,GET Articles,200,Cenario 2 - Carga Crescente 2-8,true,708074,157,9,9,279,0
1774965679220,275,GET Articles,200,Cenario 2 - Carga Crescente 2-3,true,708075,157,9,9,275,0
1774965679258,276,GET Articles,200,Cenario 2 - Carga Crescente 2-5,true,708074,157,9,9,275,0
1774965679288,269,GET Articles,200,Cenario 2 - Carga Crescente 2-7,true,708074,157,9,9,268,0
1774965679319,273,GET Articles,200,Cenario 2 - Carga Crescente 2-6,true,708075,157,9,9,272,0
1774965679360,273,GET Articles,200,Cenario 2 - Carga Crescente 2-1,true,708074,157,9,9,272,0
1774965679388,288,GET Articles,200,Cenario 2 - Carga Crescente 2-4,true,708074,157,9,9,287,0
1774965679412,268,GET Articles,200,Cenario 2 - Carga Crescente 2-2,true,708075,157,9,9,268,0
1774965679467,251,GET Articles,200,Cenario 2 - Carga Crescente 2-9,true,708074,157,9,9,250,0
1774965679472,273,GET Articles,200,Cenario 2 - Carga Crescente 2-8,true,708075,157,9,9,272,0
1774965679495,272,GET Articles,200,Cenario 2 - Carga Crescente 2-3,true,708075,157,9,9,271,0
1774965679534,271,GET Articles,200,Cenario 2 - Carga Crescente 2-5,true,708074,157,9,9,270,0
1774965679557,286,GET Articles,200,Cenario 2 - Carga Crescente 2-7,true,708075,157,9,9,285,0
1774965679592,279,GET Articles,200,Cenario 2 - Carga Crescente 2-6,true,708075,157,9,9,278,0
1774965679633,277,GET Articles,200,Cenario 2 - Carga Crescente 2-1,true,708074,157,9,9,277,0
1774965679676,261,GET Articles,200,Cenario 2 - Carga Crescente 2-4,true,708075,157,9,9,260,0
1774965679681,281,GET Articles,200,Cenario 2 - Carga Crescente 2-2,true,708075,157,9,9,280,0
1774965679718,276,GET Articles,200,Cenario 2 - Carga Crescente 2-9,true,708074,157,9,9,276,0
1774965679745,281,GET Articles,200,Cenario 2 - Carga Crescente 2-8,true,708075,157,9,9,281,0
1774965679767,282,GET Articles,200,Cenario 2 - Carga Crescente 2-3,true,708075,157,9,9,281,0
1774965679805,275,GET Articles,200,Cenario 2 - Carga Crescente 2-5,true,708074,157,9,9,274,0
1774965679843,263,GET Articles,200,Cenario 2 - Carga Crescente 2-7,true,708075,157,9,9,262,0
1774965679871,271,GET Articles,200,Cenario 2 - Carga Crescente 2-6,true,708075,157,9,9,270,0
1774965679910,264,GET Articles,200,Cenario 2 - Carga Crescente 2-1,true,708074,157,9,9,263,0
1774965679937,262,GET Articles,200,Cenario 2 - Carga Crescente 2-4,true,708075,157,9,9,261,0
1774965679962,265,GET Articles,200,Cenario 2 - Carga Crescente 2-2,true,708075,157,9,9,264,0
1774965679995,262,GET Articles,200,Cenario 2 - Carga Crescente 2-9,true,708074,157,9,9,261,0
1774965680027,256,GET Articles,200,Cenario 2 - Carga Crescente 2-8,true,708075,157,9,9,255,0
1774965680049,270,GET Articles,200,Cenario 2 - Carga Crescente 2-3,true,708075,157,9,9,269,0
1774965680080,278,GET Articles,200,Cenario 2 - Carga Crescente 2-5,true,708074,157,9,9,278,0
1774965680106,283,GET Articles,200,Cenario 2 - Carga Crescente 2-7,true,708075,157,9,9,282,0
1774965680142,270,GET Articles,200,Cenario 2 - Carga Crescente 2-6,true,708075,157,9,9,269,0
1774965680174,269,GET Articles,200,Cenario 2 - Carga Crescente 2-1,true,708074,157,9,9,268,0
1774965680199,280,GET Articles,200,Cenario 2 - Carga Crescente 2-4,true,708075,157,9,9,279,0
1774965680227,274,GET Articles,200,Cenario 2 - Carga Crescente 2-2,true,708075,157,9,9,273,0
1774965680257,276,GET Articles,200,Cenario 2 - Carga Crescente 2-9,true,708074,157,9,9,275,0
1774965680283,281,GET Articles,200,Cenario 2 - Carga Crescente 2-8,true,708075,157,9,9,280,0
1774965680319,266,GET Articles,200,Cenario 2 - Carga Crescente 2-3,true,708075,157,9,9,265,0
1774965680359,268,GET Articles,200,Cenario 2 - Carga Crescente 2-5,true,708074,157,9,9,266,0
1774965680389,266,GET Articles,200,Cenario 2 - Carga Crescente 2-7,true,708075,157,9,9,265,0
1774965680412,269,GET Articles,200,Cenario 2 - Carga Crescente 2-6,true,708075,157,9,9,268,0
1774965680443,276,GET Articles,200,Cenario 2 - Carga Crescente 2-1,true,708074,157,9,9,275,0
1774965680479,265,GET Articles,200,Cenario 2 - Carga Crescente 2-4,true,708075,157,9,9,264,0
1774965680502,268,GET Articles,200,Cenario 2 - Carga Crescente 2-2,true,708075,157,9,9,267,0
1774965680533,282,GET Articles,200,Cenario 2 - Carga Crescente 2-9,true,708074,157,9,9,281,0
1774965680564,282,GET Articles,200,Cenario 2 - Carga Crescente 2-8,true,708075,157,9,9,281,0
1774965680585,283,GET Articles,200,Cenario 2 - Carga Crescente 2-3,true,708075,157,9,9,282,0
1774965680627,271,GET Articles,200,Cenario 2 - Carga Crescente 2-5,true,708074,157,9,9,271,0
1774965680655,295,GET Articles,200,Cenario 2 - Carga Crescente 2-7,true,708075,157,9,9,294,0
1774965680681,273,GET Articles,200,Cenario 2 - Carga Crescente 2-6,true,708075,157,9,9,272,0
1774965680719,269,GET Articles,200,Cenario 2 - Carga Crescente 2-1,true,708074,157,9,9,269,0
1774965680770,244,GET Articles,200,Cenario 2 - Carga Crescente 2-2,true,708075,157,10,10,244,0
1774965680744,294,GET Articles,200,Cenario 2 - Carga Crescente 2-4,true,708075,157,10,10,293,0
1774965680815,270,GET Articles,200,Cenario 2 - Carga Crescente 2-9,true,708074,157,10,10,269,0
1774965680868,261,GET Articles,200,Cenario 2 - Carga Crescente 2-3,true,708075,157,10,10,261,0
1774965680846,287,GET Articles,200,Cenario 2 - Carga Crescente 2-8,true,708075,157,10,10,286,0
1774965680899,268,GET Articles,200,Cenario 2 - Carga Crescente 2-5,true,708074,157,10,10,268,0
1774965680954,238,GET Articles,200,Cenario 2 - Carga Crescente 2-6,true,708075,157,10,10,237,0
1774965680950,268,GET Articles,200,Cenario 2 - Carga Crescente 2-7,true,708075,157,10,10,267,0
1774965680988,261,GET Articles,200,Cenario 2 - Carga Crescente 2-1,true,708074,157,10,10,261,0
1774965681015,261,GET Articles,200,Cenario 2 - Carga Crescente 2-2,true,708075,157,10,10,261,0
1774965681015,289,GET Articles,200,Cenario 2 - Carga Crescente 2-10,true,708075,157,10,10,288,0
1774965681038,312,GET Articles,200,Cenario 2 - Carga Crescente 2-4,true,708074,157,10,10,312,0
1774965681085,297,GET Articles,200,Cenario 2 - Carga Crescente 2-9,true,708075,157,10,10,296,0
1774965681129,282,GET Articles,200,Cenario 2 - Carga Crescente 2-3,true,708075,157,10,10,281,0
1774965681133,310,GET Articles,200,Cenario 2 - Carga Crescente 2-8,true,708074,157,10,10,309,0
1774965681168,305,GET Articles,200,Cenario 2 - Carga Crescente 2-5,true,708075,157,10,10,304,0
1774965681192,309,GET Articles,200,Cenario 2 - Carga Crescente 2-6,true,708075,157,10,10,309,0
1774965681218,323,GET Articles,200,Cenario 2 - Carga Crescente 2-7,true,708074,157,10,10,322,0
1774965681249,316,GET Articles,200,Cenario 2 - Carga Crescente 2-1,true,708075,157,10,10,315,0
1774965681276,324,GET Articles,200,Cenario 2 - Carga Crescente 2-2,true,708075,157,10,10,324,0
1774965681304,343,GET Articles,200,Cenario 2 - Carga Crescente 2-10,true,708074,157,10,10,342,0
1774965681351,322,GET Articles,200,Cenario 2 - Carga Crescente 2-4,true,708075,157,10,10,321,0
1774965681382,315,GET Articles,200,Cenario 2 - Carga Crescente 2-9,true,708075,157,10,10,315,0
1774965681411,318,GET Articles,200,Cenario 2 - Carga Crescente 2-3,true,708074,157,10,10,317,0
1774965681443,311,GET Articles,200,Cenario 2 - Carga Crescente 2-8,true,708075,157,10,10,310,0
1774965681473,313,GET Articles,200,Cenario 2 - Carga Crescente 2-5,true,708075,157,10,10,313,0
1774965681501,329,GET Articles,200,Cenario 2 - Carga Crescente 2-6,true,708074,157,10,10,328,0
1774965681565,288,GET Articles,200,Cenario 2 - Carga Crescente 2-1,true,708075,157,10,10,288,0
1774965681541,342,GET Articles,200,Cenario 2 - Carga Crescente 2-7,true,708075,157,10,10,341,0
1774965681601,318,GET Articles,200,Cenario 2 - Carga Crescente 2-2,true,708074,157,10,10,317,0
1774965681647,302,GET Articles,200,Cenario 2 - Carga Crescente 2-10,true,708075,157,10,10,301,0
1774965681673,303,GET Articles,200,Cenario 2 - Carga Crescente 2-4,true,708075,157,10,10,303,0
1774965681698,309,GET Articles,200,Cenario 2 - Carga Crescente 2-9,true,708074,157,10,10,308,0
1774965681729,307,GET Articles,200,Cenario 2 - Carga Crescente 2-3,true,708075,157,10,10,307,0
1774965681754,305,GET Articles,200,Cenario 2 - Carga Crescente 2-8,true,708075,157,10,10,304,0
1774965681787,315,GET Articles,200,Cenario 2 - Carga Crescente 2-5,true,708074,157,10,10,314,0
1774965681830,294,GET Articles,200,Cenario 2 - Carga Crescente 2-6,true,708075,157,10,10,294,0
1774965681853,293,GET Articles,200,Cenario 2 - Carga Crescente 2-1,true,708075,157,10,10,292,0
1774965681883,322,GET Articles,200,Cenario 2 - Carga Crescente 2-7,true,708074,157,10,10,321,0
1774965681919,289,GET Articles,200,Cenario 2 - Carga Crescente 2-2,true,708074,157,10,10,289,0
1774965681949,284,GET Articles,200,Cenario 2 - Carga Crescente 2-10,true,708075,157,10,10,284,0
1774965681977,292,GET Articles,200,Cenario 2 - Carga Crescente 2-4,true,708074,157,10,10,291,0
1774965682007,285,GET Articles,200,Cenario 2 - Carga Crescente 2-9,true,708075,157,10,10,284,0
1774965682037,283,GET Articles,200,Cenario 2 - Carga Crescente 2-3,true,708075,157,10,10,283,0
1774965682102,258,GET Articles,200,Cenario 2 - Carga Crescente 2-5,true,708074,157,10,10,257,0
1774965682059,324,GET Articles,200,Cenario 2 - Carga Crescente 2-8,true,708074,157,10,10,323,0
1774965682125,286,GET Articles,200,Cenario 2 - Carga Crescente 2-6,true,708075,157,10,10,285,0
1774965682146,301,GET Articles,200,Cenario 2 - Carga Crescente 2-1,true,708074,157,10,10,301,0
1774965682205,292,GET Articles,200,Cenario 2 - Carga Crescente 2-7,true,708075,157,10,10,292,0
1774965682209,293,GET Articles,200,Cenario 2 - Carga Crescente 2-2,true,708075,157,10,10,292,0
1774965682234,315,GET Articles,200,Cenario 2 - Carga Crescente 2-10,true,708074,157,10,10,315,0
1774965682269,308,GET Articles,200,Cenario 2 - Carga Crescente 2-4,true,708075,157,10,10,308,0
1774965682292,310,GET Articles,200,Cenario 2 - Carga Crescente 2-9,true,708075,157,10,10,309,0
1774965682321,328,GET Articles,200,Cenario 2 - Carga Crescente 2-3,true,708074,157,10,10,327,0
1774965682360,318,GET Articles,200,Cenario 2 - Carga Crescente 2-5,true,708075,157,10,10,317,0
1774965682383,320,GET Articles,200,Cenario 2 - Carga Crescente 2-8,true,708075,157,10,10,319,0
1774965682411,322,GET Articles,200,Cenario 2 - Carga Crescente 2-6,true,708074,157,10,10,322,0
1774965682447,320,GET Articles,200,Cenario 2 - Carga Crescente 2-1,true,708075,157,10,10,319,0
1774965682498,307,GET Articles,200,Cenario 2 - Carga Crescente 2-7,true,708075,157,10,10,306,0
1774965682502,332,GET Articles,200,Cenario 2 - Carga Crescente 2-2,true,708074,157,11,11,331,0
1774965682549,310,GET Articles,200,Cenario 2 - Carga Crescente 2-10,true,708075,157,11,11,310,0
1774965682578,309,GET Articles,200,Cenario 2 - Carga Crescente 2-4,true,708075,157,11,11,308,0
1774965682602,316,GET Articles,200,Cenario 2 - Carga Crescente 2-9,true,708074,157,11,11,315,0
1774965682649,296,GET Articles,200,Cenario 2 - Carga Crescente 2-3,true,708075,157,11,11,295,0
1774965682678,287,GET Articles,200,Cenario 2 - Carga Crescente 2-5,true,708075,157,11,11,286,0
1774965682703,296,GET Articles,200,Cenario 2 - Carga Crescente 2-8,true,708074,157,11,11,296,0
1774965682734,294,GET Articles,200,Cenario 2 - Carga Crescente 2-6,true,708075,157,11,11,294,0
1774965682767,285,GET Articles,200,Cenario 2 - Carga Crescente 2-1,true,708075,157,11,11,284,0
1774965682805,277,GET Articles,200,Cenario 2 - Carga Crescente 2-7,true,708074,157,11,11,276,0
1774965682816,289,GET Articles,200,Cenario 2 - Carga Crescente 2-11,true,708075,157,11,11,288,0
1774965682834,304,GET Articles,200,Cenario 2 - Carga Crescente 2-2,true,708075,157,11,11,303,0
1774965682860,307,GET Articles,200,Cenario 2 - Carga Crescente 2-10,true,708074,157,11,11,306,0
1774965682888,311,GET Articles,200,Cenario 2 - Carga Crescente 2-4,true,708075,157,11,11,310,0
1774965682918,318,GET Articles,200,Cenario 2 - Carga Crescente 2-9,true,708075,157,11,11,317,0
1774965682945,324,GET Articles,200,Cenario 2 - Carga Crescente 2-3,true,708074,157,11,11,323,0
1774965682965,341,GET Articles,200,Cenario 2 - Carga Crescente 2-5,true,708075,157,11,11,340,0
1774965682999,344,GET Articles,200,Cenario 2 - Carga Crescente 2-8,true,708075,157,11,11,343,0
1774965683029,353,GET Articles,200,Cenario 2 - Carga Crescente 2-6,true,708074,157,11,11,353,0
1774965683052,359,GET Articles,200,Cenario 2 - Carga Crescente 2-1,true,708075,157,11,11,359,0
1774965683082,353,GET Articles,200,Cenario 2 - Carga Crescente 2-7,true,708075,157,11,11,352,0
1774965683106,375,GET Articles,200,Cenario 2 - Carga Crescente 2-11,true,708074,157,11,11,374,0
1774965683138,368,GET Articles,200,Cenario 2 - Carga Crescente 2-2,true,708075,157,11,11,367,0
1774965683167,362,GET Articles,200,Cenario 2 - Carga Crescente 2-10,true,708075,157,11,11,361,0
1774965683199,387,GET Articles,200,Cenario 2 - Carga Crescente 2-4,true,708074,157,11,11,386,0
1774965683236,376,GET Articles,200,Cenario 2 - Carga Crescente 2-9,true,708075,157,11,11,375,0
1774965683269,368,GET Articles,200,Cenario 2 - Carga Crescente 2-3,true,708075,157,11,11,367,0
1774965683306,390,GET Articles,200,Cenario 2 - Carga Crescente 2-5,true,708074,157,11,11,389,0
1774965683382,335,GET Articles,200,Cenario 2 - Carga Crescente 2-6,true,708074,157,11,11,334,0
1774965683343,378,GET Articles,200,Cenario 2 - Carga Crescente 2-8,true,708074,157,11,11,377,0
1774965683435,321,GET Articles,200,Cenario 2 - Carga Crescente 2-7,true,708074,157,11,11,320,0
1774965683412,365,GET Articles,200,Cenario 2 - Carga Crescente 2-1,true,708075,157,11,11,364,0
1774965683482,324,GET Articles,200,Cenario 2 - Carga Crescente 2-11,true,708075,157,11,11,323,0
1774965683506,332,GET Articles,200,Cenario 2 - Carga Crescente 2-2,true,708074,157,11,11,331,0
1774965683529,339,GET Articles,200,Cenario 2 - Carga Crescente 2-10,true,708075,157,11,11,338,0
1774965683586,309,GET Articles,200,Cenario 2 - Carga Crescente 2-4,true,708075,157,11,11,307,0
1774965683612,316,GET Articles,200,Cenario 2 - Carga Crescente 2-9,true,708074,157,11,11,315,0
1774965683637,321,GET Articles,200,Cenario 2 - Carga Crescente 2-3,true,708075,157,11,11,320,0
1774965683696,295,GET Articles,200,Cenario 2 - Carga Crescente 2-5,true,708075,157,11,11,294,0
1774965683717,308,GET Articles,200,Cenario 2 - Carga Crescente 2-6,true,708074,157,11,11,307,0
1774965683721,326,GET Articles,200,Cenario 2 - Carga Crescente 2-8,true,708075,157,11,11,325,0
1774965683756,320,GET Articles,200,Cenario 2 - Carga Crescente 2-7,true,708075,157,11,11,319,0
1774965683777,338,GET Articles,200,Cenario 2 - Carga Crescente 2-1,true,708074,157,11,11,338,0
1774965683806,334,GET Articles,200,Cenario 2 - Carga Crescente 2-11,true,708075,157,11,11,333,0
1774965683838,331,GET Articles,200,Cenario 2 - Carga Crescente 2-2,true,708075,157,11,11,330,0
1774965683868,341,GET Articles,200,Cenario 2 - Carga Crescente 2-10,true,708074,157,11,11,340,0
1774965683896,342,GET Articles,200,Cenario 2 - Carga Crescente 2-4,true,708075,157,11,11,341,0
1774965683928,337,GET Articles,200,Cenario 2 - Carga Crescente 2-9,true,708075,157,11,11,336,0
1774965683958,342,GET Articles,200,Cenario 2 - Carga Crescente 2-3,true,708074,157,11,11,341,0
1774965683991,345,GET Articles,200,Cenario 2 - Carga Crescente 2-5,true,708075,157,11,11,344,0
1774965684025,338,GET Articles,200,Cenario 2 - Carga Crescente 2-6,true,708075,157,11,11,337,0
1774965684047,362,GET Articles,200,Cenario 2 - Carga Crescente 2-8,true,708074,157,11,11,362,0
1774965684076,356,GET Articles,200,Cenario 2 - Carga Crescente 2-7,true,708074,157,11,11,355,0
1774965684115,356,GET Articles,200,Cenario 2 - Carga Crescente 2-1,true,708075,157,11,11,355,0
1774965684140,379,GET Articles,200,Cenario 2 - Carga Crescente 2-11,true,708074,157,11,11,379,0
1774965684169,375,GET Articles,200,Cenario 2 - Carga Crescente 2-2,true,708074,157,11,11,374,0
1774965684209,370,GET Articles,200,Cenario 2 - Carga Crescente 2-10,true,708075,157,11,11,370,0
1774965684238,375,GET Articles,200,Cenario 2 - Carga Crescente 2-4,true,708074,157,11,11,374,0
1774965684265,375,GET Articles,200,Cenario 2 - Carga Crescente 2-9,true,708075,157,12,12,374,0
1774965684300,365,GET Articles,200,Cenario 2 - Carga Crescente 2-3,true,708075,157,12,12,364,0
1774965684336,369,GET Articles,200,Cenario 2 - Carga Crescente 2-5,true,708074,157,12,12,368,0
1774965684364,368,GET Articles,200,Cenario 2 - Carga Crescente 2-6,true,708075,157,12,12,367,0
1774965684410,348,GET Articles,200,Cenario 2 - Carga Crescente 2-8,true,708075,157,12,12,347,0
1774965684432,364,GET Articles,200,Cenario 2 - Carga Crescente 2-7,true,708074,157,12,12,363,0
1774965684471,347,GET Articles,200,Cenario 2 - Carga Crescente 2-1,true,708074,157,12,12,347,0
1774965684520,323,GET Articles,200,Cenario 2 - Carga Crescente 2-11,true,708075,157,12,12,322,0
1774965684544,339,GET Articles,200,Cenario 2 - Carga Crescente 2-2,true,708074,157,12,12,338,0
1774965684579,333,GET Articles,200,Cenario 2 - Carga Crescente 2-10,true,708075,157,12,12,332,0
1774965684613,325,GET Articles,200,Cenario 2 - Carga Crescente 2-4,true,708075,157,12,12,324,0
1774965684640,363,GET Articles,200,Cenario 2 - Carga Crescente 2-9,true,708074,157,12,12,362,0
1774965684615,392,GET Articles,200,Cenario 2 - Carga Crescente 2-12,true,708074,157,12,12,391,0
1774965684665,365,GET Articles,200,Cenario 2 - Carga Crescente 2-3,true,708075,157,12,12,364,0
1774965684732,333,GET Articles,200,Cenario 2 - Carga Crescente 2-6,true,708074,157,12,12,332,0
1774965684705,389,GET Articles,200,Cenario 2 - Carga Crescente 2-5,true,708075,157,12,12,389,0
1774965684758,368,GET Articles,200,Cenario 2 - Carga Crescente 2-8,true,708075,157,12,12,368,0
1774965684796,363,GET Articles,200,Cenario 2 - Carga Crescente 2-7,true,708074,157,12,12,363,0
1774965684819,371,GET Articles,200,Cenario 2 - Carga Crescente 2-1,true,708075,157,12,12,371,0
1774965684843,368,GET Articles,200,Cenario 2 - Carga Crescente 2-11,true,708075,157,12,12,368,0
1774965684883,361,GET Articles,200,Cenario 2 - Carga Crescente 2-2,true,708074,157,12,12,360,0
1774965684912,366,GET Articles,200,Cenario 2 - Carga Crescente 2-10,true,708075,157,12,12,365,0
1774965684938,375,GET Articles,200,Cenario 2 - Carga Crescente 2-4,true,708075,157,12,12,374,0
1774965685003,350,GET Articles,200,Cenario 2 - Carga Crescente 2-9,true,708074,157,12,12,350,0
1774965685007,376,GET Articles,200,Cenario 2 - Carga Crescente 2-12,true,708075,157,12,12,375,0
1774965685030,375,GET Articles,200,Cenario 2 - Carga Crescente 2-3,true,708075,157,12,12,374,0
1774965685065,375,GET Articles,200,Cenario 2 - Carga Crescente 2-6,true,708074,157,12,12,374,0
1774965685094,382,GET Articles,200,Cenario 2 - Carga Crescente 2-5,true,708075,157,12,12,381,0
1774965685127,372,GET Articles,200,Cenario 2 - Carga Crescente 2-8,true,708075,157,12,12,371,0
1774965685160,377,GET Articles,200,Cenario 2 - Carga Crescente 2-7,true,708074,157,12,12,376,0
1774965685190,373,GET Articles,200,Cenario 2 - Carga Crescente 2-1,true,708075,157,12,12,373,0
1774965685212,377,GET Articles,200,Cenario 2 - Carga Crescente 2-11,true,708075,157,12,12,376,0
1774965685244,383,GET Articles,200,Cenario 2 - Carga Crescente 2-2,true,708074,157,12,12,383,0
1774965685278,393,GET Articles,200,Cenario 2 - Carga Crescente 2-10,true,708075,157,12,12,393,0
1774965685313,381,GET Articles,200,Cenario 2 - Carga Crescente 2-4,true,708075,157,12,12,381,0
1774965685354,376,GET Articles,200,Cenario 2 - Carga Crescente 2-9,true,708074,157,12,12,376,0
1774965685383,377,GET Articles,200,Cenario 2 - Carga Crescente 2-12,true,708075,157,12,12,376,0
1774965685405,383,GET Articles,200,Cenario 2 - Carga Crescente 2-3,true,708075,157,12,12,382,0
1774965685440,386,GET Articles,200,Cenario 2 - Carga Crescente 2-6,true,708074,157,12,12,385,0
1774965685476,377,GET Articles,200,Cenario 2 - Carga Crescente 2-5,true,708075,157,12,12,376,0
1774965685499,376,GET Articles,200,Cenario 2 - Carga Crescente 2-8,true,708075,157,12,12,375,0
1774965685537,373,GET Articles,200,Cenario 2 - Carga Crescente 2-7,true,708074,157,12,12,372,0
1774965685564,378,GET Articles,200,Cenario 2 - Carga Crescente 2-1,true,708075,157,12,12,377,0
1774965685589,373,GET Articles,200,Cenario 2 - Carga Crescente 2-11,true,708075,157,12,12,373,0
1774965685627,376,GET Articles,200,Cenario 2 - Carga Crescente 2-2,true,708074,157,12,12,375,0
1774965685671,368,GET Articles,200,Cenario 2 - Carga Crescente 2-10,true,708075,157,12,12,367,0
1774965685694,367,GET Articles,200,Cenario 2 - Carga Crescente 2-4,true,708075,157,12,12,366,0
1774965685731,379,GET Articles,200,Cenario 2 - Carga Crescente 2-9,true,708074,157,12,12,378,0
1774965685760,390,GET Articles,200,Cenario 2 - Carga Crescente 2-12,true,708074,157,12,12,389,0
1774965685788,366,GET Articles,200,Cenario 2 - Carga Crescente 2-3,true,708075,157,12,12,365,0
1774965685826,362,GET Articles,200,Cenario 2 - Carga Crescente 2-6,true,708074,157,12,12,361,0
1774965685853,364,GET Articles,200,Cenario 2 - Carga Crescente 2-5,true,708075,157,12,12,363,0
1774965685875,364,GET Articles,200,Cenario 2 - Carga Crescente 2-8,true,708075,157,12,12,363,0
1774965685910,370,GET Articles,200,Cenario 2 - Carga Crescente 2-7,true,708074,157,12,12,369,0
1774965685942,367,GET Articles,200,Cenario 2 - Carga Crescente 2-1,true,708075,157,12,12,366,0
1774965685963,374,GET Articles,200,Cenario 2 - Carga Crescente 2-11,true,708075,157,12,12,373,0
1774965686003,369,GET Articles,200,Cenario 2 - Carga Crescente 2-2,true,708074,157,12,12,368,0
1774965686039,360,GET Articles,200,Cenario 2 - Carga Crescente 2-10,true,708075,157,12,12,359,0
1774965686061,367,GET Articles,200,Cenario 2 - Carga Crescente 2-4,true,708075,157,13,13,366,0
1774965686110,356,GET Articles,200,Cenario 2 - Carga Crescente 2-9,true,708074,157,13,13,355,0
1774965686150,353,GET Articles,200,Cenario 2 - Carga Crescente 2-12,true,708075,157,13,13,352,0
1774965686154,372,GET Articles,200,Cenario 2 - Carga Crescente 2-3,true,708075,157,13,13,371,0
1774965686188,379,GET Articles,200,Cenario 2 - Carga Crescente 2-6,true,708074,157,13,13,379,0
1774965686217,380,GET Articles,200,Cenario 2 - Carga Crescente 2-5,true,708075,157,13,13,379,0
1774965686239,394,GET Articles,200,Cenario 2 - Carga Crescente 2-8,true,708075,157,13,13,393,0
1774965686280,386,GET Articles,200,Cenario 2 - Carga Crescente 2-7,true,708074,157,13,13,385,0
1774965686309,391,GET Articles,200,Cenario 2 - Carga Crescente 2-1,true,708075,157,13,13,391,0
1774965686337,392,GET Articles,200,Cenario 2 - Carga Crescente 2-11,true,708075,157,13,13,391,0
1774965686399,368,GET Articles,200,Cenario 2 - Carga Crescente 2-10,true,708074,157,13,13,367,0
1774965686372,418,GET Articles,200,Cenario 2 - Carga Crescente 2-2,true,708075,157,13,13,417,0
1774965686414,405,GET Articles,200,Cenario 2 - Carga Crescente 2-13,true,708075,157,13,13,404,1
1774965686466,387,GET Articles,200,Cenario 2 - Carga Crescente 2-9,true,708074,157,13,13,386,0
1774965686428,452,GET Articles,200,Cenario 2 - Carga Crescente 2-4,true,708075,157,13,13,451,0
1774965686503,403,GET Articles,200,Cenario 2 - Carga Crescente 2-12,true,708075,157,13,13,403,0
1774965686526,417,GET Articles,200,Cenario 2 - Carga Crescente 2-3,true,708074,157,13,13,416,0
1774965686568,425,GET Articles,200,Cenario 2 - Carga Crescente 2-6,true,708075,157,13,13,424,0
1774965686597,400,GET Articles,200,Cenario 2 - Carga Crescente 2-5,true,708075,157,13,13,399,0
1774965686633,407,GET Articles,200,Cenario 2 - Carga Crescente 2-8,true,708074,157,13,13,406,0
1774965686701,366,GET Articles,200,Cenario 2 - Carga Crescente 2-1,true,708075,157,13,13,366,0
1774965686666,430,GET Articles,200,Cenario 2 - Carga Crescente 2-7,true,708075,157,13,13,429,0
1774965686729,403,GET Articles,200,Cenario 2 - Carga Crescente 2-11,true,708074,157,13,13,402,0
1774965686790,370,GET Articles,200,Cenario 2 - Carga Crescente 2-2,true,708075,157,13,13,369,0
1774965686767,430,GET Articles,200,Cenario 2 - Carga Crescente 2-10,true,708075,157,13,13,429,0
1774965686853,378,GET Articles,200,Cenario 2 - Carga Crescente 2-9,true,708074,157,13,13,375,0
1774965686819,439,GET Articles,200,Cenario 2 - Carga Crescente 2-13,true,708075,157,13,13,439,0
1774965686880,403,GET Articles,200,Cenario 2 - Carga Crescente 2-4,true,708075,157,13,13,402,0
1774965686907,406,GET Articles,200,Cenario 2 - Carga Crescente 2-12,true,708074,157,13,13,406,0
1774965686943,401,GET Articles,200,Cenario 2 - Carga Crescente 2-3,true,708075,157,13,13,400,0
1774965686993,378,GET Articles,200,Cenario 2 - Carga Crescente 2-6,true,708075,157,13,13,378,0
1774965686997,406,GET Articles,200,Cenario 2 - Carga Crescente 2-5,true,708074,157,13,13,405,0
1774965687040,395,GET Articles,200,Cenario 2 - Carga Crescente 2-8,true,708075,157,13,13,394,0
1774965687068,392,GET Articles,200,Cenario 2 - Carga Crescente 2-1,true,708075,157,13,13,391,0
1774965687096,396,GET Articles,200,Cenario 2 - Carga Crescente 2-7,true,708074,157,13,13,395,0
1774965687132,390,GET Articles,200,Cenario 2 - Carga Crescente 2-11,true,708075,157,13,13,389,0
1774965687160,397,GET Articles,200,Cenario 2 - Carga Crescente 2-2,true,708075,157,13,13,396,0
1774965687197,419,GET Articles,200,Cenario 2 - Carga Crescente 2-10,true,708074,157,13,13,418,0
1774965687231,417,GET Articles,200,Cenario 2 - Carga Crescente 2-9,true,708075,157,13,13,417,0
1774965687259,413,GET Articles,200,Cenario 2 - Carga Crescente 2-13,true,708075,157,13,13,412,0
1774965687283,430,GET Articles,200,Cenario 2 - Carga Crescente 2-4,true,708074,157,13,13,430,0
1774965687314,428,GET Articles,200,Cenario 2 - Carga Crescente 2-12,true,708074,157,13,13,428,0
1774965687344,419,GET Articles,200,Cenario 2 - Carga Crescente 2-3,true,708075,157,13,13,419,0
1774965687372,433,GET Articles,200,Cenario 2 - Carga Crescente 2-6,true,708074,157,13,13,432,0
1774965687403,431,GET Articles,200,Cenario 2 - Carga Crescente 2-5,true,708075,157,13,13,431,0
1774965687435,428,GET Articles,200,Cenario 2 - Carga Crescente 2-8,true,708075,157,13,13,427,0
1774965687460,436,GET Articles,200,Cenario 2 - Carga Crescente 2-1,true,708074,157,13,13,435,0
1774965687492,437,GET Articles,200,Cenario 2 - Carga Crescente 2-7,true,708075,157,13,13,436,0
1774965687522,429,GET Articles,200,Cenario 2 - Carga Crescente 2-11,true,708075,157,13,13,428,0
1774965687557,442,GET Articles,200,Cenario 2 - Carga Crescente 2-2,true,708074,157,13,13,442,0
1774965687616,412,GET Articles,200,Cenario 2 - Carga Crescente 2-10,true,708074,157,13,13,411,0
1774965687649,405,GET Articles,200,Cenario 2 - Carga Crescente 2-9,true,708075,157,13,13,404,0
1774965687672,418,GET Articles,200,Cenario 2 - Carga Crescente 2-13,true,708074,157,13,13,417,0
1774965687713,404,GET Articles,200,Cenario 2 - Carga Crescente 2-4,true,708075,157,13,13,403,0
1774965687742,403,GET Articles,200,Cenario 2 - Carga Crescente 2-12,true,708075,157,13,13,402,0
1774965687764,413,GET Articles,200,Cenario 2 - Carga Crescente 2-3,true,708074,157,13,13,412,0
1774965687805,410,GET Articles,200,Cenario 2 - Carga Crescente 2-6,true,708075,157,14,14,409,0
1774965687834,427,GET Articles,200,Cenario 2 - Carga Crescente 2-5,true,708076,157,14,14,426,0
1774965687863,433,GET Articles,200,Cenario 2 - Carga Crescente 2-8,true,708074,157,14,14,432,0
1774965687896,429,GET Articles,200,Cenario 2 - Carga Crescente 2-1,true,708075,157,14,14,428,0
1774965687929,428,GET Articles,200,Cenario 2 - Carga Crescente 2-7,true,708075,157,14,14,428,0
1774965687951,446,GET Articles,200,Cenario 2 - Carga Crescente 2-11,true,708074,157,14,14,445,0
1774965687999,421,GET Articles,200,Cenario 2 - Carga Crescente 2-2,true,708074,157,14,14,420,0
1774965688028,417,GET Articles,200,Cenario 2 - Carga Crescente 2-10,true,708075,157,14,14,416,0
1774965688054,448,GET Articles,200,Cenario 2 - Carga Crescente 2-9,true,708074,157,14,14,448,0
1774965688090,418,GET Articles,200,Cenario 2 - Carga Crescente 2-13,true,708074,157,14,14,417,0
1774965688117,418,GET Articles,200,Cenario 2 - Carga Crescente 2-4,true,708075,157,14,14,417,0
1774965688177,412,GET Articles,200,Cenario 2 - Carga Crescente 2-3,true,708074,157,14,14,411,0
1774965688145,475,GET Articles,200,Cenario 2 - Carga Crescente 2-12,true,708075,157,14,14,474,0
1774965688215,439,GET Articles,200,Cenario 2 - Carga Crescente 2-14,true,708076,157,14,14,438,0
1774965688216,472,GET Articles,200,Cenario 2 - Carga Crescente 2-6,true,708074,157,14,14,471,0
1774965688261,451,GET Articles,200,Cenario 2 - Carga Crescente 2-5,true,708075,157,14,14,450,0
1774965688297,444,GET Articles,200,Cenario 2 - Carga Crescente 2-8,true,708075,157,14,14,443,0
1774965688325,457,GET Articles,200,Cenario 2 - Carga Crescente 2-1,true,708074,157,14,14,456,0
1774965688358,453,GET Articles,200,Cenario 2 - Carga Crescente 2-7,true,708075,157,14,14,452,0
1774965688397,439,GET Articles,200,Cenario 2 - Carga Crescente 2-11,true,708075,157,14,14,439,0
1774965688445,423,GET Articles,200,Cenario 2 - Carga Crescente 2-10,true,708074,157,14,14,422,0
1774965688420,493,GET Articles,200,Cenario 2 - Carga Crescente 2-2,true,708075,157,14,14,492,0
1774965688502,440,GET Articles,200,Cenario 2 - Carga Crescente 2-9,true,708075,157,14,14,439,0
1774965688508,464,GET Articles,200,Cenario 2 - Carga Crescente 2-13,true,708074,157,14,14,463,0
1774965688535,466,GET Articles,200,Cenario 2 - Carga Crescente 2-4,true,708075,157,14,14,465,0
1774965688589,451,GET Articles,200,Cenario 2 - Carga Crescente 2-3,true,708075,157,14,14,450,0
1774965688620,458,GET Articles,200,Cenario 2 - Carga Crescente 2-12,true,708074,157,14,14,458,0
1774965688654,457,GET Articles,200,Cenario 2 - Carga Crescente 2-14,true,708075,157,14,14,456,0
1774965688688,452,GET Articles,200,Cenario 2 - Carga Crescente 2-6,true,708075,157,14,14,451,0
1774965688712,471,GET Articles,200,Cenario 2 - Carga Crescente 2-5,true,708074,157,14,14,470,0
1774965688741,471,GET Articles,200,Cenario 2 - Carga Crescente 2-8,true,708075,157,14,14,470,0
1774965688782,458,GET Articles,200,Cenario 2 - Carga Crescente 2-1,true,708075,157,14,14,457,0
1774965688811,469,GET Articles,200,Cenario 2 - Carga Crescente 2-7,true,708074,157,14,14,468,0
1774965688836,471,GET Articles,200,Cenario 2 - Carga Crescente 2-11,true,708075,157,14,14,470,0
1774965688868,460,GET Articles,200,Cenario 2 - Carga Crescente 2-10,true,708075,157,14,14,459,0
1774965688913,452,GET Articles,200,Cenario 2 - Carga Crescente 2-2,true,708074,157,14,14,451,0
1774965688942,449,GET Articles,200,Cenario 2 - Carga Crescente 2-9,true,708074,157,14,14,449,0
1774965688972,452,GET Articles,200,Cenario 2 - Carga Crescente 2-13,true,708075,157,14,14,451,0
1774965689001,459,GET Articles,200,Cenario 2 - Carga Crescente 2-4,true,708074,157,14,14,459,0
1774965689040,453,GET Articles,200,Cenario 2 - Carga Crescente 2-3,true,708074,157,14,14,453,0
1774965689079,450,GET Articles,200,Cenario 2 - Carga Crescente 2-12,true,708075,157,14,14,449,0
1774965689111,458,GET Articles,200,Cenario 2 - Carga Crescente 2-14,true,708074,157,14,14,458,0
1774965689140,459,GET Articles,200,Cenario 2 - Carga Crescente 2-6,true,708074,157,14,14,459,0
1774965689183,444,GET Articles,200,Cenario 2 - Carga Crescente 2-5,true,708075,157,14,14,443,0
1774965689212,471,GET Articles,200,Cenario 2 - Carga Crescente 2-8,true,708074,157,14,14,470,0
1774965689240,474,GET Articles,200,Cenario 2 - Carga Crescente 2-1,true,708075,157,14,14,473,0
1774965689280,457,GET Articles,200,Cenario 2 - Carga Crescente 2-7,true,708075,157,14,14,457,0
1774965689307,462,GET Articles,200,Cenario 2 - Carga Crescente 2-11,true,708074,157,14,14,462,0
1774965689328,467,GET Articles,200,Cenario 2 - Carga Crescente 2-10,true,708075,157,14,14,466,0
1774965689365,453,GET Articles,200,Cenario 2 - Carga Crescente 2-2,true,708075,157,14,14,452,0
1774965689392,460,GET Articles,200,Cenario 2 - Carga Crescente 2-9,true,708074,157,14,14,459,0
1774965689424,453,GET Articles,200,Cenario 2 - Carga Crescente 2-13,true,708075,157,14,14,453,0
1774965689460,446,GET Articles,200,Cenario 2 - Carga Crescente 2-4,true,708075,157,14,14,445,0
1774965689493,452,GET Articles,200,Cenario 2 - Carga Crescente 2-3,true,708074,157,14,14,451,0
1774965689529,446,GET Articles,200,Cenario 2 - Carga Crescente 2-12,true,708075,157,14,14,445,0
1774965689569,440,GET Articles,200,Cenario 2 - Carga Crescente 2-14,true,708075,157,14,14,439,0
1774965689599,447,GET Articles,200,Cenario 2 - Carga Crescente 2-6,true,708074,157,15,15,446,0
1774965689626,446,GET Articles,200,Cenario 2 - Carga Crescente 2-5,true,708075,157,15,15,445,0
1774965689682,427,GET Articles,200,Cenario 2 - Carga Crescente 2-8,true,708075,157,15,15,427,0
1774965689713,427,GET Articles,200,Cenario 2 - Carga Crescente 2-1,true,708074,157,15,15,426,0
1774965689737,427,GET Articles,200,Cenario 2 - Carga Crescente 2-7,true,708075,157,15,15,427,0
1774965689769,424,GET Articles,200,Cenario 2 - Carga Crescente 2-11,true,708075,157,15,15,423,0
1774965689794,433,GET Articles,200,Cenario 2 - Carga Crescente 2-10,true,708074,157,15,15,432,0
1774965689817,432,GET Articles,200,Cenario 2 - Carga Crescente 2-2,true,708075,157,15,15,431,0
1774965689851,420,GET Articles,200,Cenario 2 - Carga Crescente 2-9,true,708075,157,15,15,420,0
1774965689877,427,GET Articles,200,Cenario 2 - Carga Crescente 2-13,true,708074,157,15,15,427,0
1774965689905,426,GET Articles,200,Cenario 2 - Carga Crescente 2-4,true,708075,157,15,15,425,0
1774965689944,413,GET Articles,200,Cenario 2 - Carga Crescente 2-3,true,708075,157,15,15,412,0
1774965689974,435,GET Articles,200,Cenario 2 - Carga Crescente 2-12,true,708074,157,15,15,434,0
1774965690010,424,GET Articles,200,Cenario 2 - Carga Crescente 2-14,true,708075,157,15,15,423,0
1774965690015,459,GET Articles,200,Cenario 2 - Carga Crescente 2-15,true,708076,157,15,15,458,0
1774965690046,462,GET Articles,200,Cenario 2 - Carga Crescente 2-6,true,708074,157,15,15,461,0
1774965690072,468,GET Articles,200,Cenario 2 - Carga Crescente 2-5,true,708074,157,15,15,467,0
1774965690110,459,GET Articles,200,Cenario 2 - Carga Crescente 2-8,true,708075,157,15,15,458,0
1774965690140,464,GET Articles,200,Cenario 2 - Carga Crescente 2-1,true,708074,157,15,15,464,0
1774965690193,459,GET Articles,200,Cenario 2 - Carga Crescente 2-11,true,708075,157,15,15,457,0
1774965690165,490,GET Articles,200,Cenario 2 - Carga Crescente 2-7,true,708075,157,15,15,489,0
1774965690227,459,GET Articles,200,Cenario 2 - Carga Crescente 2-10,true,708074,157,15,15,458,0
1774965690249,474,GET Articles,200,Cenario 2 - Carga Crescente 2-2,true,708075,157,15,15,473,0
1774965690271,473,GET Articles,200,Cenario 2 - Carga Crescente 2-9,true,708075,157,15,15,473,0
1774965690305,468,GET Articles,200,Cenario 2 - Carga Crescente 2-13,true,708074,157,15,15,468,0
1774965690331,470,GET Articles,200,Cenario 2 - Carga Crescente 2-4,true,708075,157,15,15,469,0
1774965690357,467,GET Articles,200,Cenario 2 - Carga Crescente 2-3,true,708075,157,15,15,466,0
1774965690409,448,GET Articles,200,Cenario 2 - Carga Crescente 2-12,true,708074,157,15,15,447,0
1774965690434,452,GET Articles,200,Cenario 2 - Carga Crescente 2-14,true,708075,157,15,15,451,0
1774965690474,438,GET Articles,200,Cenario 2 - Carga Crescente 2-15,true,708075,157,15,15,437,0
1774965690508,466,GET Articles,200,Cenario 2 - Carga Crescente 2-6,true,708074,157,15,15,465,0
1774965690540,438,GET Articles,200,Cenario 2 - Carga Crescente 2-5,true,708074,157,15,15,437,0
1774965690569,441,GET Articles,200,Cenario 2 - Carga Crescente 2-8,true,708075,157,15,15,440,0
1774965690605,442,GET Articles,200,Cenario 2 - Carga Crescente 2-1,true,708074,157,15,15,442,0
1774965690652,418,GET Articles,200,Cenario 2 - Carga Crescente 2-11,true,708075,157,15,15,417,0
1774965690655,441,GET Articles,200,Cenario 2 - Carga Crescente 2-7,true,708075,157,15,15,440,0
1774965690686,447,GET Articles,200,Cenario 2 - Carga Crescente 2-10,true,708074,157,15,15,446,0
1774965690723,445,GET Articles,200,Cenario 2 - Carga Crescente 2-2,true,708075,157,15,15,444,0
1774965690744,451,GET Articles,200,Cenario 2 - Carga Crescente 2-9,true,708075,157,15,15,450,0
1774965690774,452,GET Articles,200,Cenario 2 - Carga Crescente 2-13,true,708074,157,15,15,451,0
1774965690801,455,GET Articles,200,Cenario 2 - Carga Crescente 2-4,true,708075,157,15,15,454,0
1774965690824,459,GET Articles,200,Cenario 2 - Carga Crescente 2-3,true,708075,157,15,15,458,0
1774965690857,459,GET Articles,200,Cenario 2 - Carga Crescente 2-12,true,708074,157,15,15,459,0
1774965690886,455,GET Articles,200,Cenario 2 - Carga Crescente 2-14,true,708075,157,15,15,455,0
1774965690912,454,GET Articles,200,Cenario 2 - Carga Crescente 2-15,true,708075,157,15,15,453,0
1774965690974,428,GET Articles,200,Cenario 2 - Carga Crescente 2-6,true,708074,157,15,15,427,0
1774965690978,450,GET Articles,200,Cenario 2 - Carga Crescente 2-5,true,708075,157,15,15,449,0
1774965691010,442,GET Articles,200,Cenario 2 - Carga Crescente 2-8,true,708075,157,15,15,442,0
1774965691047,458,GET Articles,200,Cenario 2 - Carga Crescente 2-1,true,708074,157,15,15,457,0
1774965691070,461,GET Articles,200,Cenario 2 - Carga Crescente 2-11,true,708075,157,15,15,460,0
1774965691096,468,GET Articles,200,Cenario 2 - Carga Crescente 2-7,true,708075,157,15,15,467,0
1774965691133,477,GET Articles,200,Cenario 2 - Carga Crescente 2-10,true,708074,157,15,15,477,0
1774965691168,466,GET Articles,200,Cenario 2 - Carga Crescente 2-2,true,708075,157,15,15,466,0
1774965691195,472,GET Articles,200,Cenario 2 - Carga Crescente 2-9,true,708075,157,15,15,472,0
1774965691226,480,GET Articles,200,Cenario 2 - Carga Crescente 2-13,true,708074,157,15,15,480,0
1774965691256,480,GET Articles,200,Cenario 2 - Carga Crescente 2-4,true,708075,157,15,15,479,0
1774965691283,485,GET Articles,200,Cenario 2 - Carga Crescente 2-3,true,708075,157,15,15,484,0
1774965691317,483,GET Articles,200,Cenario 2 - Carga Crescente 2-12,true,708074,157,15,15,483,0
1774965691342,488,GET Articles,200,Cenario 2 - Carga Crescente 2-14,true,708075,157,16,16,487,0
1774965691366,488,GET Articles,200,Cenario 2 - Carga Crescente 2-15,true,708075,157,16,16,488,0
1774965691402,491,GET Articles,200,Cenario 2 - Carga Crescente 2-6,true,708074,157,16,16,491,0
1774965691428,490,GET Articles,200,Cenario 2 - Carga Crescente 2-5,true,708075,157,16,16,489,0
1774965691452,493,GET Articles,200,Cenario 2 - Carga Crescente 2-8,true,708075,157,16,16,492,0
1774965691505,478,GET Articles,200,Cenario 2 - Carga Crescente 2-1,true,708074,157,16,16,478,0
1774965691531,484,GET Articles,200,Cenario 2 - Carga Crescente 2-11,true,708075,157,16,16,483,0
1774965691564,490,GET Articles,200,Cenario 2 - Carga Crescente 2-7,true,708075,157,16,16,490,0
1774965691611,487,GET Articles,200,Cenario 2 - Carga Crescente 2-10,true,708074,157,16,16,486,0
1774965691634,521,GET Articles,200,Cenario 2 - Carga Crescente 2-2,true,708075,157,16,16,520,0
1774965691668,491,GET Articles,200,Cenario 2 - Carga Crescente 2-9,true,708075,157,16,16,490,0
1774965691706,489,GET Articles,200,Cenario 2 - Carga Crescente 2-13,true,708074,157,16,16,488,0
1774965691736,491,GET Articles,200,Cenario 2 - Carga Crescente 2-4,true,708074,157,16,16,491,0
1774965691768,488,GET Articles,200,Cenario 2 - Carga Crescente 2-3,true,708075,157,16,16,488,0
1774965691800,490,GET Articles,200,Cenario 2 - Carga Crescente 2-12,true,708074,157,16,16,489,0
1774965691813,508,GET Articles,200,Cenario 2 - Carga Crescente 2-16,true,708075,157,16,16,507,0
1774965691830,519,GET Articles,200,Cenario 2 - Carga Crescente 2-14,true,708075,157,16,16,518,0
1774965691855,528,GET Articles,200,Cenario 2 - Carga Crescente 2-15,true,708074,157,16,16,527,0
1774965691894,513,GET Articles,200,Cenario 2 - Carga Crescente 2-6,true,708075,157,16,16,512,0
1774965691918,525,GET Articles,200,Cenario 2 - Carga Crescente 2-5,true,708075,157,16,16,525,0
1774965691945,531,GET Articles,200,Cenario 2 - Carga Crescente 2-8,true,708074,157,16,16,531,0
1774965691983,522,GET Articles,200,Cenario 2 - Carga Crescente 2-1,true,708075,157,16,16,522,0
1774965692015,519,GET Articles,200,Cenario 2 - Carga Crescente 2-11,true,708075,157,16,16,518,0
1774965692054,519,GET Articles,200,Cenario 2 - Carga Crescente 2-7,true,708074,157,16,16,518,0
1774965692098,500,GET Articles,200,Cenario 2 - Carga Crescente 2-10,true,708075,157,16,16,499,0
1774965692155,468,GET Articles,200,Cenario 2 - Carga Crescente 2-2,true,708075,157,16,16,467,0
1774965692159,497,GET Articles,200,Cenario 2 - Carga Crescente 2-9,true,708074,157,16,16,496,0
1774965692195,489,GET Articles,200,Cenario 2 - Carga Crescente 2-13,true,708075,157,16,16,488,0
1774965692227,482,GET Articles,200,Cenario 2 - Carga Crescente 2-4,true,708075,157,16,16,481,0
1774965692257,493,GET Articles,200,Cenario 2 - Carga Crescente 2-3,true,708074,157,16,16,492,0
1774965692290,486,GET Articles,200,Cenario 2 - Carga Crescente 2-12,true,708075,157,16,16,485,0
1774965692321,478,GET Articles,200,Cenario 2 - Carga Crescente 2-16,true,708075,157,16,16,477,0
1774965692349,508,GET Articles,200,Cenario 2 - Carga Crescente 2-14,true,708074,157,16,16,507,0
1774965692383,478,GET Articles,200,Cenario 2 - Carga Crescente 2-15,true,708074,157,16,16,477,0
1774965692407,476,GET Articles,200,Cenario 2 - Carga Crescente 2-6,true,708075,157,16,16,476,0
1774965692444,475,GET Articles,200,Cenario 2 - Carga Crescente 2-5,true,708074,157,16,16,474,0
1774965692477,468,GET Articles,200,Cenario 2 - Carga Crescente 2-8,true,708075,157,16,16,468,0
1774965692506,463,GET Articles,200,Cenario 2 - Carga Crescente 2-1,true,708075,157,16,16,462,0
1774965692534,471,GET Articles,200,Cenario 2 - Carga Crescente 2-11,true,708074,157,16,16,470,0
1774965692573,462,GET Articles,200,Cenario 2 - Carga Crescente 2-7,true,708075,157,16,16,461,0
1774965692598,465,GET Articles,200,Cenario 2 - Carga Crescente 2-10,true,708075,157,16,16,464,0
1774965692623,479,GET Articles,200,Cenario 2 - Carga Crescente 2-2,true,708074,157,16,16,478,0
1774965692656,470,GET Articles,200,Cenario 2 - Carga Crescente 2-9,true,708075,157,16,16,470,0
1774965692684,472,GET Articles,200,Cenario 2 - Carga Crescente 2-13,true,708075,157,16,16,471,0
1774965692709,480,GET Articles,200,Cenario 2 - Carga Crescente 2-4,true,708074,157,16,16,479,0
1774965692750,462,GET Articles,200,Cenario 2 - Carga Crescente 2-3,true,708075,157,16,16,461,0
1774965692776,465,GET Articles,200,Cenario 2 - Carga Crescente 2-12,true,708075,157,16,16,464,0
1774965692799,475,GET Articles,200,Cenario 2 - Carga Crescente 2-16,true,708074,157,16,16,474,0
1774965692857,444,GET Articles,200,Cenario 2 - Carga Crescente 2-14,true,708075,157,16,16,443,0
1774965692861,469,GET Articles,200,Cenario 2 - Carga Crescente 2-15,true,708075,157,16,16,468,0
1774965692919,444,GET Articles,200,Cenario 2 - Carga Crescente 2-5,true,708074,157,16,16,443,0
1774965692884,510,GET Articles,200,Cenario 2 - Carga Crescente 2-6,true,708075,157,16,16,509,0
1774965692946,473,GET Articles,200,Cenario 2 - Carga Crescente 2-8,true,708075,157,16,16,472,0
1774965692969,490,GET Articles,200,Cenario 2 - Carga Crescente 2-1,true,708074,157,16,16,490,0
1774965693005,488,GET Articles,200,Cenario 2 - Carga Crescente 2-11,true,708075,157,16,16,487,0
1774965693035,482,GET Articles,200,Cenario 2 - Carga Crescente 2-7,true,708075,157,16,16,481,0
1774965693063,495,GET Articles,200,Cenario 2 - Carga Crescente 2-10,true,708074,157,16,16,494,0
1774965693102,487,GET Articles,200,Cenario 2 - Carga Crescente 2-2,true,708075,157,16,16,486,0
1774965693126,492,GET Articles,200,Cenario 2 - Carga Crescente 2-9,true,708075,157,17,17,492,0
1774965693156,500,GET Articles,200,Cenario 2 - Carga Crescente 2-13,true,708074,157,17,17,500,0
1774965693189,499,GET Articles,200,Cenario 2 - Carga Crescente 2-4,true,708075,157,17,17,498,0
1774965693212,508,GET Articles,200,Cenario 2 - Carga Crescente 2-3,true,708075,157,17,17,507,0
1774965693241,519,GET Articles,200,Cenario 2 - Carga Crescente 2-12,true,708074,157,17,17,518,0
1774965693274,517,GET Articles,200,Cenario 2 - Carga Crescente 2-16,true,708075,157,17,17,516,0
1774965693301,527,GET Articles,200,Cenario 2 - Carga Crescente 2-14,true,708075,157,17,17,527,0
1774965693330,551,GET Articles,200,Cenario 2 - Carga Crescente 2-15,true,708074,157,17,17,550,0
1774965693363,524,GET Articles,200,Cenario 2 - Carga Crescente 2-5,true,708074,157,17,17,522,0
1774965693394,517,GET Articles,200,Cenario 2 - Carga Crescente 2-6,true,708075,157,17,17,516,0
1774965693419,529,GET Articles,200,Cenario 2 - Carga Crescente 2-8,true,708074,157,17,17,528,0
1774965693460,537,GET Articles,200,Cenario 2 - Carga Crescente 2-1,true,708075,157,17,17,536,0
1774965693493,508,GET Articles,200,Cenario 2 - Carga Crescente 2-11,true,708075,157,17,17,508,0
1774965693517,523,GET Articles,200,Cenario 2 - Carga Crescente 2-7,true,708074,157,17,17,522,0
1774965693558,511,GET Articles,200,Cenario 2 - Carga Crescente 2-10,true,708075,157,17,17,511,0
1774965693589,509,GET Articles,200,Cenario 2 - Carga Crescente 2-2,true,708075,157,17,17,508,0
1774965693615,517,GET Articles,200,Cenario 2 - Carga Crescente 2-17,true,708074,157,17,17,516,0
1774965693619,536,GET Articles,200,Cenario 2 - Carga Crescente 2-9,true,708075,157,17,17,536,0
1774965693657,528,GET Articles,200,Cenario 2 - Carga Crescente 2-13,true,708075,157,17,17,527,0
1774965693688,538,GET Articles,200,Cenario 2 - Carga Crescente 2-4,true,708074,157,17,17,537,0
1774965693720,552,GET Articles,200,Cenario 2 - Carga Crescente 2-3,true,708075,157,17,17,551,0
1774965693760,518,GET Articles,200,Cenario 2 - Carga Crescente 2-12,true,708075,157,17,17,517,0
1774965693791,532,GET Articles,200,Cenario 2 - Carga Crescente 2-16,true,708074,157,17,17,531,0
1774965693829,519,GET Articles,200,Cenario 2 - Carga Crescente 2-14,true,708075,157,17,17,518,0
1774965693881,490,GET Articles,200,Cenario 2 - Carga Crescente 2-15,true,708075,157,17,17,490,0
1774965693887,533,GET Articles,200,Cenario 2 - Carga Crescente 2-5,true,708074,157,17,17,533,0
1774965693911,540,GET Articles,200,Cenario 2 - Carga Crescente 2-6,true,708075,157,17,17,539,0
1774965693948,528,GET Articles,200,Cenario 2 - Carga Crescente 2-8,true,708075,157,17,17,527,0
1774965693997,514,GET Articles,200,Cenario 2 - Carga Crescente 2-1,true,708074,157,17,17,513,0
1774965694001,539,GET Articles,200,Cenario 2 - Carga Crescente 2-11,true,708075,157,17,17,539,0
1774965694040,530,GET Articles,200,Cenario 2 - Carga Crescente 2-7,true,708075,157,17,17,530,0
1774965694069,538,GET Articles,200,Cenario 2 - Carga Crescente 2-10,true,708074,157,17,17,537,0
1774965694098,539,GET Articles,200,Cenario 2 - Carga Crescente 2-2,true,708075,157,17,17,538,0
1774965694132,533,GET Articles,200,Cenario 2 - Carga Crescente 2-17,true,708075,157,17,17,532,0
1774965694156,563,GET Articles,200,Cenario 2 - Carga Crescente 2-9,true,708074,157,17,17,562,0
1774965694185,538,GET Articles,200,Cenario 2 - Carga Crescente 2-13,true,708074,157,17,17,537,0
1774965694226,521,GET Articles,200,Cenario 2 - Carga Crescente 2-4,true,708075,157,17,17,520,0
1774965694272,514,GET Articles,200,Cenario 2 - Carga Crescente 2-3,true,708074,157,17,17,513,0
1774965694278,537,GET Articles,200,Cenario 2 - Carga Crescente 2-12,true,708075,157,17,17,536,0
1774965694323,517,GET Articles,200,Cenario 2 - Carga Crescente 2-16,true,708075,157,17,17,516,0
1774965694348,539,GET Articles,200,Cenario 2 - Carga Crescente 2-14,true,708074,157,17,17,538,0
1774965694371,549,GET Articles,200,Cenario 2 - Carga Crescente 2-15,true,708075,157,17,17,549,0
1774965694420,526,GET Articles,200,Cenario 2 - Carga Crescente 2-5,true,708075,157,17,17,525,0
1774965694451,528,GET Articles,200,Cenario 2 - Carga Crescente 2-6,true,708074,157,17,17,527,0
1774965694476,546,GET Articles,200,Cenario 2 - Carga Crescente 2-8,true,708075,157,17,17,545,0
1774965694511,535,GET Articles,200,Cenario 2 - Carga Crescente 2-1,true,708075,157,17,17,534,0
1774965694541,544,GET Articles,200,Cenario 2 - Carga Crescente 2-11,true,708074,157,17,17,543,0
1774965694571,538,GET Articles,200,Cenario 2 - Carga Crescente 2-7,true,708075,157,17,17,537,0
1774965694608,532,GET Articles,200,Cenario 2 - Carga Crescente 2-10,true,708075,157,17,17,532,0
1774965694638,538,GET Articles,200,Cenario 2 - Carga Crescente 2-2,true,708074,157,17,17,538,0
1774965694666,538,GET Articles,200,Cenario 2 - Carga Crescente 2-17,true,708075,157,17,17,537,0
1774965694720,525,GET Articles,200,Cenario 2 - Carga Crescente 2-9,true,708075,157,17,17,524,0
1774965694724,554,GET Articles,200,Cenario 2 - Carga Crescente 2-13,true,708074,157,17,17,553,0
1774965694748,554,GET Articles,200,Cenario 2 - Carga Crescente 2-4,true,708075,157,17,17,553,0
1774965694787,537,GET Articles,200,Cenario 2 - Carga Crescente 2-3,true,708075,157,17,17,537,0
1774965694816,544,GET Articles,200,Cenario 2 - Carga Crescente 2-12,true,708074,157,17,17,544,0
1774965694841,550,GET Articles,200,Cenario 2 - Carga Crescente 2-16,true,708075,157,17,17,549,0
1774965694889,526,GET Articles,200,Cenario 2 - Carga Crescente 2-14,true,708075,157,18,18,526,0
1774965694921,526,GET Articles,200,Cenario 2 - Carga Crescente 2-15,true,708074,157,18,18,526,0
1774965694947,533,GET Articles,200,Cenario 2 - Carga Crescente 2-5,true,708075,157,18,18,532,0
1774965694980,527,GET Articles,200,Cenario 2 - Carga Crescente 2-6,true,708075,157,18,18,527,0
1774965695023,523,GET Articles,200,Cenario 2 - Carga Crescente 2-8,true,708074,157,18,18,522,0
1774965695047,545,GET Articles,200,Cenario 2 - Carga Crescente 2-1,true,708075,157,18,18,545,0
1774965695086,533,GET Articles,200,Cenario 2 - Carga Crescente 2-11,true,708075,157,18,18,533,0
1774965695111,562,GET Articles,200,Cenario 2 - Carga Crescente 2-7,true,708074,157,18,18,562,0
1774965695141,565,GET Articles,200,Cenario 2 - Carga Crescente 2-10,true,708075,157,18,18,564,0
1774965695177,566,GET Articles,200,Cenario 2 - Carga Crescente 2-2,true,708076,157,18,18,565,0
1774965695204,570,GET Articles,200,Cenario 2 - Carga Crescente 2-17,true,708074,157,18,18,569,0
1774965695245,554,GET Articles,200,Cenario 2 - Carga Crescente 2-9,true,708075,157,18,18,553,0
1774965695278,549,GET Articles,200,Cenario 2 - Carga Crescente 2-13,true,708075,157,18,18,549,0
1774965695302,555,GET Articles,200,Cenario 2 - Carga Crescente 2-4,true,708074,157,18,18,555,0
1774965695325,559,GET Articles,200,Cenario 2 - Carga Crescente 2-3,true,708075,157,18,18,559,0
1774965695360,552,GET Articles,200,Cenario 2 - Carga Crescente 2-12,true,708075,157,18,18,552,0
1774965695391,551,GET Articles,200,Cenario 2 - Carga Crescente 2-16,true,708074,157,18,18,550,0
1774965695415,551,GET Articles,200,Cenario 2 - Carga Crescente 2-18,true,708075,157,18,18,550,1
1774965695416,578,GET Articles,200,Cenario 2 - Carga Crescente 2-14,true,708075,157,18,18,578,0
1774965695448,578,GET Articles,200,Cenario 2 - Carga Crescente 2-15,true,708074,157,18,18,577,0
1774965695480,577,GET Articles,200,Cenario 2 - Carga Crescente 2-5,true,708075,157,18,18,576,0
1774965695508,577,GET Articles,200,Cenario 2 - Carga Crescente 2-6,true,708075,157,18,18,576,0
1774965695546,570,GET Articles,200,Cenario 2 - Carga Crescente 2-8,true,708074,157,18,18,569,0
1774965695593,557,GET Articles,200,Cenario 2 - Carga Crescente 2-1,true,708075,157,18,18,556,0
1774965695619,575,GET Articles,200,Cenario 2 - Carga Crescente 2-11,true,708075,157,18,18,574,0
1774965695673,553,GET Articles,200,Cenario 2 - Carga Crescente 2-7,true,708074,157,18,18,552,0
1774965695707,545,GET Articles,200,Cenario 2 - Carga Crescente 2-10,true,708075,157,18,18,545,0
1774965695743,540,GET Articles,200,Cenario 2 - Carga Crescente 2-2,true,708075,157,18,18,539,0
1774965695774,552,GET Articles,200,Cenario 2 - Carga Crescente 2-17,true,708074,157,18,18,551,0
1774965695799,564,GET Articles,200,Cenario 2 - Carga Crescente 2-9,true,708075,157,18,18,563,0
1774965695828,571,GET Articles,200,Cenario 2 - Carga Crescente 2-13,true,708076,157,18,18,571,0
1774965695857,574,GET Articles,200,Cenario 2 - Carga Crescente 2-4,true,708074,157,18,18,573,0
1774965695884,576,GET Articles,200,Cenario 2 - Carga Crescente 2-3,true,708075,157,18,18,576,0
1774965695912,579,GET Articles,200,Cenario 2 - Carga Crescente 2-12,true,708075,157,18,18,578,0
1774965695942,581,GET Articles,200,Cenario 2 - Carga Crescente 2-16,true,708074,157,18,18,580,0
1774965695966,586,GET Articles,200,Cenario 2 - Carga Crescente 2-18,true,708075,157,18,18,585,0
1774965695995,596,GET Articles,200,Cenario 2 - Carga Crescente 2-14,true,708075,157,18,18,595,0
1774965696026,595,GET Articles,200,Cenario 2 - Carga Crescente 2-15,true,708074,157,18,18,594,0
1774965696057,589,GET Articles,200,Cenario 2 - Carga Crescente 2-5,true,708075,157,18,18,588,0
1774965696085,598,GET Articles,200,Cenario 2 - Carga Crescente 2-6,true,708075,157,18,18,598,0
1774965696116,600,GET Articles,200,Cenario 2 - Carga Crescente 2-8,true,708074,157,18,18,599,0
1774965696150,594,GET Articles,200,Cenario 2 - Carga Crescente 2-1,true,708075,157,18,18,594,0
1774965696194,594,GET Articles,200,Cenario 2 - Carga Crescente 2-11,true,708075,157,18,18,594,0
1774965696226,594,GET Articles,200,Cenario 2 - Carga Crescente 2-7,true,708074,157,18,18,593,0
1774965696253,592,GET Articles,200,Cenario 2 - Carga Crescente 2-10,true,708075,157,18,18,591,0
1774965696283,590,GET Articles,200,Cenario 2 - Carga Crescente 2-2,true,708075,157,18,18,589,0
1774965696326,579,GET Articles,200,Cenario 2 - Carga Crescente 2-17,true,708074,157,18,18,578,0
1774965696363,569,GET Articles,200,Cenario 2 - Carga Crescente 2-9,true,708075,157,18,18,568,0
1774965696399,563,GET Articles,200,Cenario 2 - Carga Crescente 2-13,true,708075,157,18,18,562,0
1774965696431,586,GET Articles,200,Cenario 2 - Carga Crescente 2-4,true,708074,157,18,18,585,0
1774965696461,560,GET Articles,200,Cenario 2 - Carga Crescente 2-3,true,708074,157,18,18,559,0
1774965696491,558,GET Articles,200,Cenario 2 - Carga Crescente 2-12,true,708075,157,18,18,557,0
1774965696552,531,GET Articles,200,Cenario 2 - Carga Crescente 2-18,true,708074,157,18,18,531,0
1774965696523,589,GET Articles,200,Cenario 2 - Carga Crescente 2-16,true,708075,157,18,18,588,0
1774965696591,544,GET Articles,200,Cenario 2 - Carga Crescente 2-14,true,708075,157,18,18,544,0
1774965696621,560,GET Articles,200,Cenario 2 - Carga Crescente 2-15,true,708074,157,18,18,559,0
1774965696646,561,GET Articles,200,Cenario 2 - Carga Crescente 2-5,true,708075,157,18,18,558,0
1774965696683,556,GET Articles,200,Cenario 2 - Carga Crescente 2-6,true,708075,157,19,19,556,0
1774965696716,563,GET Articles,200,Cenario 2 - Carga Crescente 2-8,true,708074,157,19,19,562,0
1774965696745,559,GET Articles,200,Cenario 2 - Carga Crescente 2-1,true,708075,157,19,19,558,0
1774965696789,546,GET Articles,200,Cenario 2 - Carga Crescente 2-11,true,708075,157,19,19,545,0
1774965696820,555,GET Articles,200,Cenario 2 - Carga Crescente 2-7,true,708074,157,19,19,555,0
1774965696845,571,GET Articles,200,Cenario 2 - Carga Crescente 2-10,true,708075,157,19,19,571,0
1774965696873,584,GET Articles,200,Cenario 2 - Carga Crescente 2-2,true,708076,157,19,19,583,0
1774965696905,587,GET Articles,200,Cenario 2 - Carga Crescente 2-17,true,708074,157,19,19,586,0
1774965696932,595,GET Articles,200,Cenario 2 - Carga Crescente 2-9,true,708075,157,19,19,594,0
1774965696962,595,GET Articles,200,Cenario 2 - Carga Crescente 2-13,true,708075,157,19,19,594,0
1774965697017,603,GET Articles,200,Cenario 2 - Carga Crescente 2-4,true,708074,157,19,19,602,0
1774965697021,604,GET Articles,200,Cenario 2 - Carga Crescente 2-3,true,708074,157,19,19,604,0
1774965697050,603,GET Articles,200,Cenario 2 - Carga Crescente 2-12,true,708074,157,19,19,603,0
1774965697083,601,GET Articles,200,Cenario 2 - Carga Crescente 2-18,true,708074,157,19,19,601,0
1774965697135,573,GET Articles,200,Cenario 2 - Carga Crescente 2-14,true,708075,157,19,19,572,0
1774965697112,638,GET Articles,200,Cenario 2 - Carga Crescente 2-16,true,708075,157,19,19,637,0
1774965697181,603,GET Articles,200,Cenario 2 - Carga Crescente 2-15,true,708074,157,19,19,603,0
1774965697207,601,GET Articles,200,Cenario 2 - Carga Crescente 2-5,true,708075,157,19,19,600,0
1774965697214,621,GET Articles,200,Cenario 2 - Carga Crescente 2-19,true,708075,157,19,19,621,1
1774965697239,628,GET Articles,200,Cenario 2 - Carga Crescente 2-6,true,708074,157,19,19,627,0
1774965697279,628,GET Articles,200,Cenario 2 - Carga Crescente 2-8,true,708075,157,19,19,627,0
1774965697304,625,GET Articles,200,Cenario 2 - Carga Crescente 2-1,true,708075,157,19,19,625,0
1774965697335,628,GET Articles,200,Cenario 2 - Carga Crescente 2-11,true,708074,157,19,19,627,0
1774965697376,616,GET Articles,200,Cenario 2 - Carga Crescente 2-7,true,708075,157,19,19,615,0
1774965697417,606,GET Articles,200,Cenario 2 - Carga Crescente 2-10,true,708075,157,19,19,605,0
1774965697457,598,GET Articles,200,Cenario 2 - Carga Crescente 2-2,true,708074,157,19,19,597,0
1774965697492,601,GET Articles,200,Cenario 2 - Carga Crescente 2-17,true,708075,157,19,19,601,0
1774965697527,594,GET Articles,200,Cenario 2 - Carga Crescente 2-9,true,708075,157,19,19,593,0
1774965697557,604,GET Articles,200,Cenario 2 - Carga Crescente 2-13,true,708074,157,19,19,604,0
1774965697620,571,GET Articles,200,Cenario 2 - Carga Crescente 2-4,true,708075,157,19,19,571,0
1774965697626,592,GET Articles,200,Cenario 2 - Carga Crescente 2-3,true,708075,157,19,19,591,0
1774965697653,605,GET Articles,200,Cenario 2 - Carga Crescente 2-12,true,708074,157,19,19,604,0
1774965697684,604,GET Articles,200,Cenario 2 - Carga Crescente 2-18,true,708075,157,19,19,603,0
1774965697708,610,GET Articles,200,Cenario 2 - Carga Crescente 2-14,true,708075,157,19,19,610,0
1774965697750,634,GET Articles,200,Cenario 2 - Carga Crescente 2-16,true,708074,157,19,19,633,0
1774965697785,622,GET Articles,200,Cenario 2 - Carga Crescente 2-15,true,708074,157,19,19,622,0
1774965697808,606,GET Articles,200,Cenario 2 - Carga Crescente 2-5,true,708074,157,19,19,605,0
1774965697836,616,GET Articles,200,Cenario 2 - Carga Crescente 2-19,true,708074,157,19,19,615,0
1774965697867,608,GET Articles,200,Cenario 2 - Carga Crescente 2-6,true,708075,157,19,19,608,0
1774965697907,598,GET Articles,200,Cenario 2 - Carga Crescente 2-8,true,708075,157,19,19,597,0
1774965697930,618,GET Articles,200,Cenario 2 - Carga Crescente 2-1,true,708074,157,19,19,617,0
1774965697963,608,GET Articles,200,Cenario 2 - Carga Crescente 2-11,true,708074,157,19,19,607,0
1774965697992,603,GET Articles,200,Cenario 2 - Carga Crescente 2-7,true,708075,157,19,19,603,0
1774965698055,574,GET Articles,200,Cenario 2 - Carga Crescente 2-2,true,708074,157,19,19,573,0
1774965698023,640,GET Articles,200,Cenario 2 - Carga Crescente 2-10,true,708075,157,19,19,639,0
1774965698094,604,GET Articles,200,Cenario 2 - Carga Crescente 2-17,true,708075,157,19,19,604,0
1774965698121,609,GET Articles,200,Cenario 2 - Carga Crescente 2-9,true,708074,157,19,19,608,0
1774965698162,591,GET Articles,200,Cenario 2 - Carga Crescente 2-13,true,708075,157,19,19,590,0
1774965698191,607,GET Articles,200,Cenario 2 - Carga Crescente 2-4,true,708075,157,19,19,606,0
1774965698258,576,GET Articles,200,Cenario 2 - Carga Crescente 2-12,true,708074,157,19,19,575,0
1774965698218,641,GET Articles,200,Cenario 2 - Carga Crescente 2-3,true,708074,157,19,19,641,0
1774965698288,593,GET Articles,200,Cenario 2 - Carga Crescente 2-18,true,708075,157,19,19,592,0
1774965698319,611,GET Articles,200,Cenario 2 - Carga Crescente 2-14,true,708074,157,19,19,611,0
1774965698384,569,GET Articles,200,Cenario 2 - Carga Crescente 2-16,true,708075,157,19,19,568,0
1774965698408,567,GET Articles,200,Cenario 2 - Carga Crescente 2-15,true,708075,157,19,19,567,0
1774965698414,594,GET Articles,200,Cenario 2 - Carga Crescente 2-5,true,708074,157,19,19,594,0
1774965698452,583,GET Articles,200,Cenario 2 - Carga Crescente 2-19,true,708075,157,20,20,582,0
1774965698476,581,GET Articles,200,Cenario 2 - Carga Crescente 2-6,true,708075,157,20,20,580,0
1774965698505,585,GET Articles,200,Cenario 2 - Carga Crescente 2-8,true,708074,157,20,20,584,0
1774965698548,572,GET Articles,200,Cenario 2 - Carga Crescente 2-1,true,708075,157,20,20,571,0
1774965698571,577,GET Articles,200,Cenario 2 - Carga Crescente 2-11,true,708075,157,20,20,576,0
1774965698596,592,GET Articles,200,Cenario 2 - Carga Crescente 2-7,true,708074,157,20,20,592,0
1774965698629,590,GET Articles,200,Cenario 2 - Carga Crescente 2-2,true,708075,157,20,20,589,0
1774965698663,592,GET Articles,200,Cenario 2 - Carga Crescente 2-10,true,708075,157,20,20,591,0
1774965698730,565,GET Articles,200,Cenario 2 - Carga Crescente 2-9,true,708074,157,20,20,565,0
1774965698698,634,GET Articles,200,Cenario 2 - Carga Crescente 2-17,true,708074,157,20,20,633,0
1774965698753,606,GET Articles,200,Cenario 2 - Carga Crescente 2-13,true,708075,157,20,20,605,0
1774965698798,594,GET Articles,200,Cenario 2 - Carga Crescente 2-4,true,708074,157,20,20,593,0
1774965698834,580,GET Articles,200,Cenario 2 - Carga Crescente 2-12,true,708075,157,20,20,579,0
1774965698860,577,GET Articles,200,Cenario 2 - Carga Crescente 2-3,true,708075,157,20,20,576,0
1774965698881,607,GET Articles,200,Cenario 2 - Carga Crescente 2-18,true,708074,157,20,20,606,0
1774965698931,561,GET Articles,200,Cenario 2 - Carga Crescente 2-14,true,708074,157,20,20,560,0
1774965698953,573,GET Articles,200,Cenario 2 - Carga Crescente 2-16,true,708075,157,20,20,572,0
1774965699009,552,GET Articles,200,Cenario 2 - Carga Crescente 2-5,true,708074,157,20,20,551,0
1774965698975,613,GET Articles,200,Cenario 2 - Carga Crescente 2-15,true,708075,157,20,20,612,0
1774965699016,600,GET Articles,200,Cenario 2 - Carga Crescente 2-20,true,708075,157,20,20,599,0
1774965699035,626,GET Articles,200,Cenario 2 - Carga Crescente 2-19,true,708074,157,20,20,625,0
1774965699057,631,GET Articles,200,Cenario 2 - Carga Crescente 2-6,true,708075,157,20,20,630,0
1774965699090,625,GET Articles,200,Cenario 2 - Carga Crescente 2-8,true,708075,157,20,20,625,0
1774965699120,632,GET Articles,200,Cenario 2 - Carga Crescente 2-1,true,708074,157,20,20,631,0
1774965699148,626,GET Articles,200,Cenario 2 - Carga Crescente 2-11,true,708074,157,20,20,625,0
1774965699189,613,GET Articles,200,Cenario 2 - Carga Crescente 2-7,true,708075,157,20,20,612,0
1774965699219,618,GET Articles,200,Cenario 2 - Carga Crescente 2-2,true,708074,157,20,20,617,0
1774965699255,611,GET Articles,200,Cenario 2 - Carga Crescente 2-10,true,708075,157,20,20,610,0
1774965699296,597,GET Articles,200,Cenario 2 - Carga Crescente 2-9,true,708075,157,20,20,596,0
1774965699333,602,GET Articles,200,Cenario 2 - Carga Crescente 2-17,true,708074,157,20,20,602,0
1774965699359,603,GET Articles,200,Cenario 2 - Carga Crescente 2-13,true,708074,157,20,20,602,0
1774965699392,594,GET Articles,200,Cenario 2 - Carga Crescente 2-4,true,708075,157,20,20,593,0
1774965699414,608,GET Articles,200,Cenario 2 - Carga Crescente 2-12,true,708074,157,20,20,607,0
1774965699437,614,GET Articles,200,Cenario 2 - Carga Crescente 2-3,true,708074,157,20,20,613,0
1774965699488,591,GET Articles,200,Cenario 2 - Carga Crescente 2-18,true,708075,157,20,20,590,0
1774965699492,658,GET Articles,200,Cenario 2 - Carga Crescente 2-14,true,708074,157,20,20,658,0
1774965699526,630,GET Articles,200,Cenario 2 - Carga Crescente 2-16,true,708074,157,20,20,629,0
1774965699561,619,GET Articles,200,Cenario 2 - Carga Crescente 2-5,true,708075,157,20,20,618,0
1774965699588,625,GET Articles,200,Cenario 2 - Carga Crescente 2-15,true,708074,157,20,20,624,0
1774965699616,626,GET Articles,200,Cenario 2 - Carga Crescente 2-20,true,708075,157,20,20,625,0
1774965699661,609,GET Articles,200,Cenario 2 - Carga Crescente 2-19,true,708075,157,20,20,608,0
1774965699688,616,GET Articles,200,Cenario 2 - Carga Crescente 2-6,true,708074,157,20,20,616,0
1774965699716,618,GET Articles,200,Cenario 2 - Carga Crescente 2-8,true,708075,157,20,20,617,0
1774965699752,618,GET Articles,200,Cenario 2 - Carga Crescente 2-1,true,708075,157,20,20,617,0
1774965699774,630,GET Articles,200,Cenario 2 - Carga Crescente 2-11,true,708074,157,20,20,630,0
1774965699802,634,GET Articles,200,Cenario 2 - Carga Crescente 2-7,true,708075,157,20,20,633,0
1774965699837,623,GET Articles,200,Cenario 2 - Carga Crescente 2-2,true,708075,157,20,20,622,0
1774965699866,635,GET Articles,200,Cenario 2 - Carga Crescente 2-10,true,708074,157,20,20,632,0
1774965699893,636,GET Articles,200,Cenario 2 - Carga Crescente 2-9,true,708075,157,20,20,634,0
1774965699935,624,GET Articles,200,Cenario 2 - Carga Crescente 2-17,true,708075,157,20,20,623,0
1774965699962,638,GET Articles,200,Cenario 2 - Carga Crescente 2-13,true,708074,157,20,20,637,0
1774965699986,642,GET Articles,200,Cenario 2 - Carga Crescente 2-4,true,708074,157,20,20,641,0
1774965700022,641,GET Articles,200,Cenario 2 - Carga Crescente 2-12,true,708075,157,20,20,640,0
1774965700151,549,GET Articles,200,Cenario 2 - Carga Crescente 2-14,true,708074,157,20,20,548,0
1774965700051,674,GET Articles,200,Cenario 2 - Carga Crescente 2-3,true,708074,157,20,20,673,0
1774965700079,670,GET Articles,200,Cenario 2 - Carga Crescente 2-18,true,708075,157,20,20,670,0
1774965700156,655,GET Articles,200,Cenario 2 - Carga Crescente 2-16,true,708074,157,20,20,654,0
1774965700213,604,GET Articles,200,Cenario 2 - Carga Crescente 2-15,true,708074,157,21,21,603,0
1774965700180,672,GET Articles,200,Cenario 2 - Carga Crescente 2-5,true,708075,157,21,21,671,0
1774965700242,653,GET Articles,200,Cenario 2 - Carga Crescente 2-20,true,708074,157,21,21,652,0
1774965700270,652,GET Articles,200,Cenario 2 - Carga Crescente 2-19,true,708074,157,21,21,651,0
1774965700305,660,GET Articles,200,Cenario 2 - Carga Crescente 2-6,true,708075,157,21,21,659,0
1774965700334,683,GET Articles,200,Cenario 2 - Carga Crescente 2-8,true,708074,157,21,21,682,0
1774965700370,673,GET Articles,200,Cenario 2 - Carga Crescente 2-1,true,708075,157,21,21,672,0
1774965700405,664,GET Articles,200,Cenario 2 - Carga Crescente 2-11,true,708075,157,21,21,663,0
1774965700436,669,GET Articles,200,Cenario 2 - Carga Crescente 2-7,true,708074,157,21,21,669,0
1774965700460,678,GET Articles,200,Cenario 2 - Carga Crescente 2-2,true,708075,157,21,21,677,0
1774965700501,662,GET Articles,200,Cenario 2 - Carga Crescente 2-10,true,708075,157,21,21,661,0
1774965700529,667,GET Articles,200,Cenario 2 - Carga Crescente 2-9,true,708074,157,21,21,666,0
1774965700559,666,GET Articles,200,Cenario 2 - Carga Crescente 2-17,true,708075,157,21,21,665,0
1774965700600,651,GET Articles,200,Cenario 2 - Carga Crescente 2-13,true,708075,157,21,21,650,0
1774965700628,656,GET Articles,200,Cenario 2 - Carga Crescente 2-4,true,708074,157,21,21,655,0
1774965700663,651,GET Articles,200,Cenario 2 - Carga Crescente 2-12,true,708075,157,21,21,650,0
1774965700700,636,GET Articles,200,Cenario 2 - Carga Crescente 2-14,true,708075,157,21,21,635,0
1774965700725,651,GET Articles,200,Cenario 2 - Carga Crescente 2-3,true,708074,157,21,21,650,0
1774965700749,654,GET Articles,200,Cenario 2 - Carga Crescente 2-18,true,708075,157,21,21,654,0
1774965700816,623,GET Articles,200,Cenario 2 - Carga Crescente 2-21,true,708075,157,21,21,623,0
1774965700811,660,GET Articles,200,Cenario 2 - Carga Crescente 2-16,true,708074,157,21,21,660,0
1774965700817,684,GET Articles,200,Cenario 2 - Carga Crescente 2-15,true,708075,157,21,21,684,0
1774965700852,678,GET Articles,200,Cenario 2 - Carga Crescente 2-5,true,708075,157,21,21,677,0
1774965700895,672,GET Articles,200,Cenario 2 - Carga Crescente 2-20,true,708074,157,21,21,671,0
1774965700922,675,GET Articles,200,Cenario 2 - Carga Crescente 2-19,true,708075,157,21,21,674,0
1774965700965,657,GET Articles,200,Cenario 2 - Carga Crescente 2-6,true,708075,157,21,21,656,0
1774965701017,643,GET Articles,200,Cenario 2 - Carga Crescente 2-8,true,708074,157,21,21,642,0
1774965701043,646,GET Articles,200,Cenario 2 - Carga Crescente 2-1,true,708075,157,21,21,645,0
1774965701069,649,GET Articles,200,Cenario 2 - Carga Crescente 2-11,true,708075,157,21,21,648,0
1774965701106,673,GET Articles,200,Cenario 2 - Carga Crescente 2-7,true,708074,157,21,21,672,0
1774965701138,679,GET Articles,200,Cenario 2 - Carga Crescente 2-2,true,708075,157,21,21,678,0
1774965701163,692,GET Articles,200,Cenario 2 - Carga Crescente 2-10,true,708076,157,21,21,691,0
1774965701225,671,GET Articles,200,Cenario 2 - Carga Crescente 2-17,true,708074,157,21,21,670,0
1774965701196,723,GET Articles,200,Cenario 2 - Carga Crescente 2-9,true,708074,157,21,21,723,0
1774965701251,694,GET Articles,200,Cenario 2 - Carga Crescente 2-13,true,708075,157,21,21,693,0
1774965701284,704,GET Articles,200,Cenario 2 - Carga Crescente 2-4,true,708074,157,21,21,703,0
1774965701314,695,GET Articles,200,Cenario 2 - Carga Crescente 2-12,true,708075,157,21,21,694,0
1774965701336,700,GET Articles,200,Cenario 2 - Carga Crescente 2-14,true,708075,157,21,21,700,0
1774965701404,675,GET Articles,200,Cenario 2 - Carga Crescente 2-18,true,708074,157,21,21,674,0
1774965701376,756,GET Articles,200,Cenario 2 - Carga Crescente 2-3,true,708075,157,21,21,756,0
1774965701440,698,GET Articles,200,Cenario 2 - Carga Crescente 2-21,true,708075,157,21,21,697,0
1774965701471,717,GET Articles,200,Cenario 2 - Carga Crescente 2-16,true,708074,157,21,21,717,0
1774965701502,692,GET Articles,200,Cenario 2 - Carga Crescente 2-15,true,708074,157,21,21,691,0
1774965701530,694,GET Articles,200,Cenario 2 - Carga Crescente 2-5,true,708075,157,21,21,693,0
1774965701567,689,GET Articles,200,Cenario 2 - Carga Crescente 2-20,true,708074,157,21,21,689,0
1774965701597,689,GET Articles,200,Cenario 2 - Carga Crescente 2-19,true,708075,157,21,21,688,0
1774965701622,698,GET Articles,200,Cenario 2 - Carga Crescente 2-6,true,708075,157,21,21,698,0
1774965701660,694,GET Articles,200,Cenario 2 - Carga Crescente 2-8,true,708074,157,21,21,693,0
1774965701718,659,GET Articles,200,Cenario 2 - Carga Crescente 2-11,true,708075,157,21,21,659,0
1774965701689,717,GET Articles,200,Cenario 2 - Carga Crescente 2-1,true,708075,157,21,21,716,0
1774965701779,665,GET Articles,200,Cenario 2 - Carga Crescente 2-7,true,708074,157,21,21,664,0
1774965701817,650,GET Articles,200,Cenario 2 - Carga Crescente 2-2,true,708075,157,21,21,649,0
1774965701855,640,GET Articles,200,Cenario 2 - Carga Crescente 2-10,true,708075,157,21,21,639,0
1774965701896,631,GET Articles,200,Cenario 2 - Carga Crescente 2-17,true,708074,157,21,21,630,0
1774965701919,636,GET Articles,200,Cenario 2 - Carga Crescente 2-9,true,708075,157,21,21,635,0
1774965701945,639,GET Articles,200,Cenario 2 - Carga Crescente 2-13,true,708075,157,21,21,638,0
1774965701988,629,GET Articles,200,Cenario 2 - Carga Crescente 2-4,true,708074,157,22,22,628,0
1774965702009,640,GET Articles,200,Cenario 2 - Carga Crescente 2-12,true,708075,157,22,22,640,0
1774965702037,640,GET Articles,200,Cenario 2 - Carga Crescente 2-14,true,708075,157,22,22,640,0
1774965702079,649,GET Articles,200,Cenario 2 - Carga Crescente 2-18,true,708074,157,22,22,648,0
1774965702133,622,GET Articles,200,Cenario 2 - Carga Crescente 2-3,true,708075,157,22,22,621,0
1774965702138,642,GET Articles,200,Cenario 2 - Carga Crescente 2-21,true,708075,157,22,22,641,0
1774965702188,637,GET Articles,200,Cenario 2 - Carga Crescente 2-16,true,708074,157,22,22,636,0
1774965702194,659,GET Articles,200,Cenario 2 - Carga Crescente 2-15,true,708075,157,22,22,658,0
1774965702224,652,GET Articles,200,Cenario 2 - Carga Crescente 2-5,true,708075,157,22,22,652,0
1774965702256,657,GET Articles,200,Cenario 2 - Carga Crescente 2-20,true,708074,157,22,22,656,0
1774965702286,663,GET Articles,200,Cenario 2 - Carga Crescente 2-19,true,708075,157,22,22,662,0
1774965702321,650,GET Articles,200,Cenario 2 - Carga Crescente 2-6,true,708075,157,22,22,650,0
1774965702354,651,GET Articles,200,Cenario 2 - Carga Crescente 2-8,true,708074,157,22,22,650,0
1774965702378,650,GET Articles,200,Cenario 2 - Carga Crescente 2-11,true,708075,157,22,22,649,0
1774965702406,645,GET Articles,200,Cenario 2 - Carga Crescente 2-1,true,708075,157,22,22,645,0
1774965702444,642,GET Articles,200,Cenario 2 - Carga Crescente 2-7,true,708074,157,22,22,642,0
1774965702467,646,GET Articles,200,Cenario 2 - Carga Crescente 2-2,true,708075,157,22,22,646,0
1774965702495,650,GET Articles,200,Cenario 2 - Carga Crescente 2-10,true,708075,157,22,22,649,0
1774965702527,654,GET Articles,200,Cenario 2 - Carga Crescente 2-17,true,708074,157,22,22,653,0
1774965702555,654,GET Articles,200,Cenario 2 - Carga Crescente 2-9,true,708075,157,22,22,653,0
1774965702584,653,GET Articles,200,Cenario 2 - Carga Crescente 2-13,true,708075,157,22,22,652,0
1774965702614,660,GET Articles,200,Cenario 2 - Carga Crescente 2-22,true,708074,157,22,22,659,1
1774965702617,679,GET Articles,200,Cenario 2 - Carga Crescente 2-4,true,708075,157,22,22,678,0
1774965702650,676,GET Articles,200,Cenario 2 - Carga Crescente 2-12,true,708075,157,22,22,675,0
1774965702728,655,GET Articles,200,Cenario 2 - Carga Crescente 2-18,true,708074,157,22,22,654,0
1774965702677,710,GET Articles,200,Cenario 2 - Carga Crescente 2-14,true,708074,157,22,22,709,0
1774965702755,655,GET Articles,200,Cenario 2 - Carga Crescente 2-3,true,708075,157,22,22,654,0
1774965702780,668,GET Articles,200,Cenario 2 - Carga Crescente 2-21,true,708074,157,22,22,668,0
1774965702853,620,GET Articles,200,Cenario 2 - Carga Crescente 2-15,true,708075,157,22,22,619,0
1774965702825,684,GET Articles,200,Cenario 2 - Carga Crescente 2-16,true,708075,157,22,22,683,0
1774965702877,683,GET Articles,200,Cenario 2 - Carga Crescente 2-5,true,708074,157,22,22,682,0
1774965702913,674,GET Articles,200,Cenario 2 - Carga Crescente 2-20,true,708075,157,22,22,674,0
1774965702949,663,GET Articles,200,Cenario 2 - Carga Crescente 2-19,true,708075,157,22,22,662,0
1774965702972,675,GET Articles,200,Cenario 2 - Carga Crescente 2-6,true,708074,157,22,22,674,0
1774965703005,679,GET Articles,200,Cenario 2 - Carga Crescente 2-8,true,708075,157,22,22,678,0
1774965703028,684,GET Articles,200,Cenario 2 - Carga Crescente 2-11,true,708075,157,22,22,684,0
1774965703051,698,GET Articles,200,Cenario 2 - Carga Crescente 2-1,true,708074,157,22,22,697,0
1774965703087,690,GET Articles,200,Cenario 2 - Carga Crescente 2-7,true,708075,157,22,22,689,0
1774965703113,703,GET Articles,200,Cenario 2 - Carga Crescente 2-2,true,708075,157,22,22,700,0
1774965703145,704,GET Articles,200,Cenario 2 - Carga Crescente 2-10,true,708074,157,22,22,703,0
1774965703181,695,GET Articles,200,Cenario 2 - Carga Crescente 2-17,true,708075,157,22,22,695,0
1774965703209,690,GET Articles,200,Cenario 2 - Carga Crescente 2-9,true,708075,157,22,22,689,0
1774965703237,699,GET Articles,200,Cenario 2 - Carga Crescente 2-13,true,708074,157,22,22,698,0
1774965703274,690,GET Articles,200,Cenario 2 - Carga Crescente 2-22,true,708075,157,22,22,689,0
1774965703296,691,GET Articles,200,Cenario 2 - Carga Crescente 2-4,true,708075,157,22,22,690,0
1774965703326,703,GET Articles,200,Cenario 2 - Carga Crescente 2-12,true,708074,157,22,22,703,0
1774965703383,679,GET Articles,200,Cenario 2 - Carga Crescente 2-18,true,708074,157,22,22,678,0
1774965703387,697,GET Articles,200,Cenario 2 - Carga Crescente 2-14,true,708075,157,22,22,697,0
1774965703410,711,GET Articles,200,Cenario 2 - Carga Crescente 2-3,true,708074,157,22,22,710,0
1774965703449,696,GET Articles,200,Cenario 2 - Carga Crescente 2-21,true,708075,157,22,22,696,0
1774965703473,695,GET Articles,200,Cenario 2 - Carga Crescente 2-15,true,708075,157,22,22,694,0
1774965703509,692,GET Articles,200,Cenario 2 - Carga Crescente 2-16,true,708074,157,22,22,691,0
1774965703560,667,GET Articles,200,Cenario 2 - Carga Crescente 2-5,true,708075,157,22,22,666,0
1774965703588,666,GET Articles,200,Cenario 2 - Carga Crescente 2-20,true,708075,157,22,22,665,0
1774965703612,677,GET Articles,200,Cenario 2 - Carga Crescente 2-19,true,708074,157,22,22,676,0
1774965703647,670,GET Articles,200,Cenario 2 - Carga Crescente 2-6,true,708075,157,22,22,669,0
1774965703684,661,GET Articles,200,Cenario 2 - Carga Crescente 2-8,true,708075,157,22,22,660,0
1774965703712,695,GET Articles,200,Cenario 2 - Carga Crescente 2-11,true,708074,157,22,22,694,0
1774965703749,664,GET Articles,200,Cenario 2 - Carga Crescente 2-1,true,708074,157,22,22,663,0
1774965703777,667,GET Articles,200,Cenario 2 - Carga Crescente 2-7,true,708075,157,23,23,666,0
1774965703816,670,GET Articles,200,Cenario 2 - Carga Crescente 2-2,true,708074,157,23,23,669,0
1774965703849,664,GET Articles,200,Cenario 2 - Carga Crescente 2-10,true,708074,157,23,23,664,0
1774965703877,659,GET Articles,200,Cenario 2 - Carga Crescente 2-17,true,708075,157,23,23,658,0
1774965703899,674,GET Articles,200,Cenario 2 - Carga Crescente 2-9,true,708074,157,23,23,673,0
1774965703964,662,GET Articles,200,Cenario 2 - Carga Crescente 2-22,true,708075,157,23,23,661,0
1774965703936,694,GET Articles,200,Cenario 2 - Carga Crescente 2-13,true,708075,157,23,23,693,0
1774965703987,689,GET Articles,200,Cenario 2 - Carga Crescente 2-4,true,708074,157,23,23,689,0
1774965704062,635,GET Articles,200,Cenario 2 - Carga Crescente 2-18,true,708075,157,23,23,634,0
1774965704029,704,GET Articles,200,Cenario 2 - Carga Crescente 2-12,true,708075,157,23,23,703,0
1774965704084,704,GET Articles,200,Cenario 2 - Carga Crescente 2-14,true,708074,157,23,23,703,0
1774965704121,671,GET Articles,200,Cenario 2 - Carga Crescente 2-3,true,708074,157,23,23,670,0
1774965704146,677,GET Articles,200,Cenario 2 - Carga Crescente 2-21,true,708075,157,23,23,676,0
1774965704168,708,GET Articles,200,Cenario 2 - Carga Crescente 2-15,true,708074,157,23,23,707,0
1774965704201,697,GET Articles,200,Cenario 2 - Carga Crescente 2-16,true,708074,157,23,23,696,0
1774965704227,698,GET Articles,200,Cenario 2 - Carga Crescente 2-5,true,708075,157,23,23,697,0
1774965704254,711,GET Articles,200,Cenario 2 - Carga Crescente 2-20,true,708074,157,23,23,710,0
1774965704289,699,GET Articles,200,Cenario 2 - Carga Crescente 2-19,true,708075,157,23,23,698,0
1774965704317,698,GET Articles,200,Cenario 2 - Carga Crescente 2-6,true,708075,157,23,23,698,0
1774965704345,705,GET Articles,200,Cenario 2 - Carga Crescente 2-8,true,708074,157,23,23,704,0
1774965704407,679,GET Articles,200,Cenario 2 - Carga Crescente 2-11,true,708075,157,23,23,678,0
1774965704415,698,GET Articles,200,Cenario 2 - Carga Crescente 2-23,true,708075,157,23,23,697,1
1774965704413,746,GET Articles,200,Cenario 2 - Carga Crescente 2-1,true,708074,157,23,23,745,0
1774965704444,742,GET Articles,200,Cenario 2 - Carga Crescente 2-7,true,708075,157,23,23,741,0
1774965704486,725,GET Articles,200,Cenario 2 - Carga Crescente 2-2,true,708075,157,23,23,724,0
1774965704536,734,GET Articles,200,Cenario 2 - Carga Crescente 2-17,true,708074,157,23,23,733,0
1774965704514,761,GET Articles,200,Cenario 2 - Carga Crescente 2-10,true,708074,157,23,23,761,0
1774965704573,722,GET Articles,200,Cenario 2 - Carga Crescente 2-9,true,708075,157,23,23,721,0
1774965704626,715,GET Articles,200,Cenario 2 - Carga Crescente 2-22,true,708074,157,23,23,714,0
1774965704630,732,GET Articles,200,Cenario 2 - Carga Crescente 2-13,true,708075,157,23,23,732,0
1774965704676,713,GET Articles,200,Cenario 2 - Carga Crescente 2-4,true,708075,157,23,23,712,0
1774965704697,731,GET Articles,200,Cenario 2 - Carga Crescente 2-18,true,708074,157,23,23,730,0
1774965704733,715,GET Articles,200,Cenario 2 - Carga Crescente 2-12,true,708074,157,23,23,714,0
1774965704788,687,GET Articles,200,Cenario 2 - Carga Crescente 2-14,true,708075,157,23,23,687,0
1774965704792,727,GET Articles,200,Cenario 2 - Carga Crescente 2-3,true,708074,157,23,23,726,0
1774965704823,716,GET Articles,200,Cenario 2 - Carga Crescente 2-21,true,708074,157,23,23,715,0
1774965704876,692,GET Articles,200,Cenario 2 - Carga Crescente 2-15,true,708075,157,23,23,691,0
1774965704898,707,GET Articles,200,Cenario 2 - Carga Crescente 2-16,true,708074,157,23,23,707,0
1774965704925,708,GET Articles,200,Cenario 2 - Carga Crescente 2-5,true,708075,157,23,23,708,0
1774965704965,694,GET Articles,200,Cenario 2 - Carga Crescente 2-20,true,708075,157,23,23,693,0
1774965704988,710,GET Articles,200,Cenario 2 - Carga Crescente 2-19,true,708074,157,23,23,709,0
1774965705016,705,GET Articles,200,Cenario 2 - Carga Crescente 2-6,true,708074,157,23,23,705,0
1774965705050,698,GET Articles,200,Cenario 2 - Carga Crescente 2-8,true,708075,157,23,23,698,0
1774965705086,699,GET Articles,200,Cenario 2 - Carga Crescente 2-11,true,708074,157,23,23,698,0
1774965705113,693,GET Articles,200,Cenario 2 - Carga Crescente 2-23,true,708074,157,23,23,692,0
1774965705159,690,GET Articles,200,Cenario 2 - Carga Crescente 2-1,true,708075,157,23,23,689,0
1774965705186,724,GET Articles,200,Cenario 2 - Carga Crescente 2-7,true,708074,157,23,23,723,0
1774965705211,705,GET Articles,200,Cenario 2 - Carga Crescente 2-2,true,708074,157,23,23,705,0
1774965705270,667,GET Articles,200,Cenario 2 - Carga Crescente 2-17,true,708075,157,23,23,666,0
1774965705275,696,GET Articles,200,Cenario 2 - Carga Crescente 2-10,true,708074,157,23,23,695,0
1774965705295,700,GET Articles,200,Cenario 2 - Carga Crescente 2-9,true,708075,157,23,23,699,0
1774965705341,693,GET Articles,200,Cenario 2 - Carga Crescente 2-22,true,708075,157,23,23,692,0
1774965705363,720,GET Articles,200,Cenario 2 - Carga Crescente 2-13,true,708074,157,23,23,719,0
1774965705389,720,GET Articles,200,Cenario 2 - Carga Crescente 2-4,true,708075,157,23,23,720,0
1774965705428,710,GET Articles,200,Cenario 2 - Carga Crescente 2-18,true,708075,157,23,23,709,0
1774965705448,749,GET Articles,200,Cenario 2 - Carga Crescente 2-12,true,708074,157,23,23,748,0
1774965705476,762,GET Articles,200,Cenario 2 - Carga Crescente 2-14,true,708074,157,24,24,761,0
1774965705519,742,GET Articles,200,Cenario 2 - Carga Crescente 2-3,true,708076,157,24,24,742,0
1774965705539,772,GET Articles,200,Cenario 2 - Carga Crescente 2-21,true,708074,157,24,24,771,0
1774965705568,770,GET Articles,200,Cenario 2 - Carga Crescente 2-15,true,708075,157,24,24,770,0
1774965705606,768,GET Articles,200,Cenario 2 - Carga Crescente 2-16,true,708075,157,24,24,767,0
1774965705634,796,GET Articles,200,Cenario 2 - Carga Crescente 2-5,true,708074,157,24,24,796,0
1774965705659,777,GET Articles,200,Cenario 2 - Carga Crescente 2-20,true,708074,157,24,24,776,0
1774965705698,766,GET Articles,200,Cenario 2 - Carga Crescente 2-19,true,708075,157,24,24,765,0
1774965705721,818,GET Articles,200,Cenario 2 - Carga Crescente 2-6,true,708074,157,24,24,817,0
1774965705785,760,GET Articles,200,Cenario 2 - Carga Crescente 2-11,true,708074,157,24,24,759,0
1774965705749,802,GET Articles,200,Cenario 2 - Carga Crescente 2-8,true,708074,157,24,24,801,0
1774965705806,779,GET Articles,200,Cenario 2 - Carga Crescente 2-23,true,708074,157,24,24,778,0
1774965705849,771,GET Articles,200,Cenario 2 - Carga Crescente 2-1,true,708075,157,24,24,770,0
1774965705910,733,GET Articles,200,Cenario 2 - Carga Crescente 2-7,true,708075,157,24,24,732,0
1774965705917,781,GET Articles,200,Cenario 2 - Carga Crescente 2-2,true,708074,157,24,24,780,0
1774965705937,767,GET Articles,200,Cenario 2 - Carga Crescente 2-17,true,708074,157,24,24,766,0
1774965705971,761,GET Articles,200,Cenario 2 - Carga Crescente 2-10,true,708075,157,24,24,761,0
1774965705995,801,GET Articles,200,Cenario 2 - Carga Crescente 2-9,true,708074,157,24,24,800,0
1774965706034,767,GET Articles,200,Cenario 2 - Carga Crescente 2-22,true,708074,157,24,24,767,0
1774965706083,745,GET Articles,200,Cenario 2 - Carga Crescente 2-13,true,708075,157,24,24,745,0
1774965706110,753,GET Articles,200,Cenario 2 - Carga Crescente 2-4,true,708074,157,24,24,752,0
1774965706138,747,GET Articles,200,Cenario 2 - Carga Crescente 2-18,true,708075,157,24,24,746,0
1774965706215,697,GET Articles,200,Cenario 2 - Carga Crescente 2-24,true,708075,157,24,24,696,1
1774965706197,750,GET Articles,200,Cenario 2 - Carga Crescente 2-12,true,708074,157,24,24,749,0
1774965706238,736,GET Articles,200,Cenario 2 - Carga Crescente 2-14,true,708075,157,24,24,736,0
1774965706262,739,GET Articles,200,Cenario 2 - Carga Crescente 2-3,true,708075,157,24,24,738,0
1774965706311,735,GET Articles,200,Cenario 2 - Carga Crescente 2-21,true,708074,157,24,24,732,0
1774965706339,733,GET Articles,200,Cenario 2 - Carga Crescente 2-15,true,708075,157,24,24,732,0
1774965706374,730,GET Articles,200,Cenario 2 - Carga Crescente 2-16,true,708075,157,24,24,729,0
1774965706436,707,GET Articles,200,Cenario 2 - Carga Crescente 2-20,true,708074,157,24,24,707,0
1774965706430,745,GET Articles,200,Cenario 2 - Carga Crescente 2-5,true,708075,157,24,24,744,0
1774965706464,740,GET Articles,200,Cenario 2 - Carga Crescente 2-19,true,708075,157,24,24,739,0
1774965706539,703,GET Articles,200,Cenario 2 - Carga Crescente 2-6,true,708074,157,24,24,702,0
1774965706545,720,GET Articles,200,Cenario 2 - Carga Crescente 2-11,true,708075,157,24,24,719,0
1774965706551,742,GET Articles,200,Cenario 2 - Carga Crescente 2-8,true,708075,157,24,24,741,0
1774965706585,741,GET Articles,200,Cenario 2 - Carga Crescente 2-23,true,708074,157,24,24,740,0
1774965706620,733,GET Articles,200,Cenario 2 - Carga Crescente 2-1,true,708075,157,24,24,733,0
1774965706643,736,GET Articles,200,Cenario 2 - Carga Crescente 2-7,true,708075,157,24,24,735,0
1774965706698,716,GET Articles,200,Cenario 2 - Carga Crescente 2-2,true,708074,157,24,24,715,0
1774965706704,739,GET Articles,200,Cenario 2 - Carga Crescente 2-17,true,708075,157,24,24,738,0
1774965706733,738,GET Articles,200,Cenario 2 - Carga Crescente 2-10,true,708075,157,24,24,738,0
1774965706796,712,GET Articles,200,Cenario 2 - Carga Crescente 2-9,true,708074,157,24,24,712,0
1774965706802,735,GET Articles,200,Cenario 2 - Carga Crescente 2-22,true,708075,157,24,24,734,0
1774965706828,736,GET Articles,200,Cenario 2 - Carga Crescente 2-13,true,708075,157,24,24,735,0
1774965706863,742,GET Articles,200,Cenario 2 - Carga Crescente 2-4,true,708074,157,24,24,741,0
1774965706885,756,GET Articles,200,Cenario 2 - Carga Crescente 2-18,true,708075,157,24,24,755,0
1774965706912,769,GET Articles,200,Cenario 2 - Carga Crescente 2-24,true,708076,157,24,24,769,0
1774965706947,770,GET Articles,200,Cenario 2 - Carga Crescente 2-12,true,708074,157,24,24,769,0
1774965706974,768,GET Articles,200,Cenario 2 - Carga Crescente 2-14,true,708075,157,24,24,767,0
1774965707001,787,GET Articles,200,Cenario 2 - Carga Crescente 2-3,true,708075,157,24,24,786,0
1774965707046,774,GET Articles,200,Cenario 2 - Carga Crescente 2-21,true,708074,157,24,24,773,0
1774965707072,773,GET Articles,200,Cenario 2 - Carga Crescente 2-15,true,708075,157,24,24,772,0
1774965707104,777,GET Articles,200,Cenario 2 - Carga Crescente 2-16,true,708075,157,24,24,776,0
1774965707144,769,GET Articles,200,Cenario 2 - Carga Crescente 2-20,true,708074,157,24,24,768,0
1774965707175,761,GET Articles,200,Cenario 2 - Carga Crescente 2-5,true,708075,157,24,24,760,0
1774965707204,764,GET Articles,200,Cenario 2 - Carga Crescente 2-19,true,708075,157,24,24,763,0
1774965707242,757,GET Articles,200,Cenario 2 - Carga Crescente 2-6,true,708074,157,24,24,756,0
1774965707265,767,GET Articles,200,Cenario 2 - Carga Crescente 2-11,true,708075,157,25,25,766,0
1774965707293,771,GET Articles,200,Cenario 2 - Carga Crescente 2-8,true,708075,157,25,25,770,0
1774965707326,768,GET Articles,200,Cenario 2 - Carga Crescente 2-23,true,708074,157,25,25,768,0
1774965707353,773,GET Articles,200,Cenario 2 - Carga Crescente 2-1,true,708075,157,25,25,772,0
1774965707379,781,GET Articles,200,Cenario 2 - Carga Crescente 2-7,true,708075,157,25,25,780,0
1774965707414,777,GET Articles,200,Cenario 2 - Carga Crescente 2-2,true,708074,157,25,25,776,0
1774965707443,779,GET Articles,200,Cenario 2 - Carga Crescente 2-17,true,708075,157,25,25,779,0
1774965707471,788,GET Articles,200,Cenario 2 - Carga Crescente 2-10,true,708075,157,25,25,787,0
1774965707508,782,GET Articles,200,Cenario 2 - Carga Crescente 2-9,true,708074,157,25,25,781,0
1774965707537,777,GET Articles,200,Cenario 2 - Carga Crescente 2-22,true,708075,157,25,25,776,0
1774965707564,796,GET Articles,200,Cenario 2 - Carga Crescente 2-13,true,708075,157,25,25,795,0
1774965707605,805,GET Articles,200,Cenario 2 - Carga Crescente 2-4,true,708074,157,25,25,804,0
1774965707641,794,GET Articles,200,Cenario 2 - Carga Crescente 2-18,true,708075,157,25,25,793,0
1774965707681,794,GET Articles,200,Cenario 2 - Carga Crescente 2-24,true,708076,157,25,25,793,0
1774965707717,793,GET Articles,200,Cenario 2 - Carga Crescente 2-12,true,708074,157,25,25,793,0
1774965707742,797,GET Articles,200,Cenario 2 - Carga Crescente 2-14,true,708075,157,25,25,797,0
1774965707788,786,GET Articles,200,Cenario 2 - Carga Crescente 2-3,true,708075,157,25,25,785,0
1774965707820,787,GET Articles,200,Cenario 2 - Carga Crescente 2-21,true,708074,157,25,25,787,0
1774965707846,785,GET Articles,200,Cenario 2 - Carga Crescente 2-15,true,708075,157,25,25,784,0
1774965707881,773,GET Articles,200,Cenario 2 - Carga Crescente 2-16,true,708075,157,25,25,773,0
1774965707913,775,GET Articles,200,Cenario 2 - Carga Crescente 2-20,true,708074,157,25,25,774,0
1774965707936,781,GET Articles,200,Cenario 2 - Carga Crescente 2-5,true,708075,157,25,25,780,0
1774965707968,783,GET Articles,200,Cenario 2 - Carga Crescente 2-19,true,708075,157,25,25,783,0
1774965707999,806,GET Articles,200,Cenario 2 - Carga Crescente 2-6,true,708074,157,25,25,806,0
1774965708014,796,GET Articles,200,Cenario 2 - Carga Crescente 2-25,true,708074,157,25,25,795,0
1774965708032,817,GET Articles,200,Cenario 2 - Carga Crescente 2-11,true,708075,157,25,25,816,0
1774965708095,788,GET Articles,200,Cenario 2 - Carga Crescente 2-23,true,708074,157,25,25,787,0
1774965708064,870,GET Articles,200,Cenario 2 - Carga Crescente 2-8,true,708075,157,25,25,869,0
1774965708126,813,GET Articles,200,Cenario 2 - Carga Crescente 2-1,true,708075,157,25,25,813,0
1774965708160,818,GET Articles,200,Cenario 2 - Carga Crescente 2-7,true,708074,157,25,25,818,0
1774965708191,824,GET Articles,200,Cenario 2 - Carga Crescente 2-2,true,708075,157,25,25,824,0
1774965708222,822,GET Articles,200,Cenario 2 - Carga Crescente 2-17,true,708075,157,25,25,821,0
1774965708259,819,GET Articles,200,Cenario 2 - Carga Crescente 2-10,true,708074,157,25,25,818,0
1774965708290,816,GET Articles,200,Cenario 2 - Carga Crescente 2-9,true,708075,157,25,25,815,0
1774965708314,821,GET Articles,200,Cenario 2 - Carga Crescente 2-22,true,708075,157,25,25,821,0
1774965708410,764,GET Articles,200,Cenario 2 - Carga Crescente 2-4,true,708074,157,25,25,763,0
1774965708435,764,GET Articles,200,Cenario 2 - Carga Crescente 2-18,true,708075,157,25,25,763,0
1774965708360,872,GET Articles,200,Cenario 2 - Carga Crescente 2-13,true,708075,157,25,25,871,0
1774965708475,799,GET Articles,200,Cenario 2 - Carga Crescente 2-24,true,708074,157,25,25,798,0
1774965708510,790,GET Articles,200,Cenario 2 - Carga Crescente 2-12,true,708074,157,25,25,790,0
1774965708540,792,GET Articles,200,Cenario 2 - Carga Crescente 2-14,true,708075,157,25,25,791,0
1774965708607,764,GET Articles,200,Cenario 2 - Carga Crescente 2-21,true,708074,157,25,25,763,0
1774965708574,853,GET Articles,200,Cenario 2 - Carga Crescente 2-3,true,708075,157,25,25,852,0
1774965708632,801,GET Articles,200,Cenario 2 - Carga Crescente 2-15,true,708075,157,25,25,800,0
1774965708655,820,GET Articles,200,Cenario 2 - Carga Crescente 2-16,true,708074,157,25,25,819,0
1774965708688,814,GET Articles,200,Cenario 2 - Carga Crescente 2-20,true,708075,157,25,25,814,0
1774965708717,809,GET Articles,200,Cenario 2 - Carga Crescente 2-5,true,708075,157,25,25,808,0
1774965708752,816,GET Articles,200,Cenario 2 - Carga Crescente 2-19,true,708074,157,25,25,815,0
1774965708805,788,GET Articles,200,Cenario 2 - Carga Crescente 2-6,true,708075,157,25,25,787,0
1774965708810,805,GET Articles,200,Cenario 2 - Carga Crescente 2-25,true,708075,157,25,25,804,0
1774965708849,808,GET Articles,200,Cenario 2 - Carga Crescente 2-11,true,708074,157,25,25,807,0
1774965708883,805,GET Articles,200,Cenario 2 - Carga Crescente 2-23,true,708075,157,25,25,804,0
1774965708934,784,GET Articles,200,Cenario 2 - Carga Crescente 2-8,true,708075,157,25,25,783,0
1774965708940,818,GET Articles,200,Cenario 2 - Carga Crescente 2-1,true,708074,157,25,25,818,0
1774965708978,807,GET Articles,200,Cenario 2 - Carga Crescente 2-7,true,708074,157,25,25,806,0
1774965709016,809,GET Articles,200,Cenario 2 - Carga Crescente 2-2,true,708075,157,26,26,808,0
1774965709044,819,GET Articles,200,Cenario 2 - Carga Crescente 2-17,true,708074,157,26,26,818,0
1774965709078,809,GET Articles,200,Cenario 2 - Carga Crescente 2-10,true,708074,157,26,26,808,0
1774965709106,807,GET Articles,200,Cenario 2 - Carga Crescente 2-9,true,708075,157,26,26,807,0
1774965709174,779,GET Articles,200,Cenario 2 - Carga Crescente 2-4,true,708074,157,26,26,778,0
1774965709135,839,GET Articles,200,Cenario 2 - Carga Crescente 2-22,true,708075,157,26,26,838,0
1774965709199,798,GET Articles,200,Cenario 2 - Carga Crescente 2-18,true,708075,157,26,26,797,0
1774965709274,781,GET Articles,200,Cenario 2 - Carga Crescente 2-24,true,708074,157,26,26,781,0
1774965709232,828,GET Articles,200,Cenario 2 - Carga Crescente 2-13,true,708074,157,26,26,827,0
1774965709301,784,GET Articles,200,Cenario 2 - Carga Crescente 2-12,true,708075,157,26,26,783,0
1774965709332,807,GET Articles,200,Cenario 2 - Carga Crescente 2-14,true,708074,157,26,26,806,0
1774965709371,773,GET Articles,200,Cenario 2 - Carga Crescente 2-21,true,708074,157,26,26,773,0
1774965709427,754,GET Articles,200,Cenario 2 - Carga Crescente 2-3,true,708075,157,26,26,753,0
1774965709503,717,GET Articles,200,Cenario 2 - Carga Crescente 2-20,true,708074,157,26,26,716,0
1774965709433,844,GET Articles,200,Cenario 2 - Carga Crescente 2-15,true,708074,157,26,26,843,0
1774965709475,807,GET Articles,200,Cenario 2 - Carga Crescente 2-16,true,708075,157,26,26,807,0
1774965709526,795,GET Articles,200,Cenario 2 - Carga Crescente 2-5,true,708074,157,26,26,795,0
1774965709568,778,GET Articles,200,Cenario 2 - Carga Crescente 2-19,true,708074,157,26,26,776,0
1774965709593,774,GET Articles,200,Cenario 2 - Carga Crescente 2-6,true,708075,157,26,26,773,0
1774965709657,742,GET Articles,200,Cenario 2 - Carga Crescente 2-11,true,708074,157,26,26,742,0
1774965709615,808,GET Articles,200,Cenario 2 - Carga Crescente 2-25,true,708075,157,26,26,808,0
1774965709688,765,GET Articles,200,Cenario 2 - Carga Crescente 2-23,true,708075,157,26,26,764,0
1774965709718,766,GET Articles,200,Cenario 2 - Carga Crescente 2-8,true,708074,157,26,26,765,0
1774965709758,747,GET Articles,200,Cenario 2 - Carga Crescente 2-1,true,708075,157,26,26,747,0
1774965709814,722,GET Articles,200,Cenario 2 - Carga Crescente 2-26,true,708075,157,26,26,721,0
1774965709785,791,GET Articles,200,Cenario 2 - Carga Crescente 2-7,true,708074,157,26,26,790,0
1774965709825,778,GET Articles,200,Cenario 2 - Carga Crescente 2-2,true,708075,157,26,26,777,0
1774965709863,763,GET Articles,200,Cenario 2 - Carga Crescente 2-17,true,708075,157,26,26,762,0
1774965709887,773,GET Articles,200,Cenario 2 - Carga Crescente 2-10,true,708074,157,26,26,773,0
1774965709913,774,GET Articles,200,Cenario 2 - Carga Crescente 2-9,true,708075,157,26,26,774,0
1774965709953,771,GET Articles,200,Cenario 2 - Carga Crescente 2-4,true,708075,157,26,26,770,0
1774965709974,798,GET Articles,200,Cenario 2 - Carga Crescente 2-22,true,708074,157,26,26,798,0
1774965709997,815,GET Articles,200,Cenario 2 - Carga Crescente 2-18,true,708074,157,26,26,815,0
1774965710056,781,GET Articles,200,Cenario 2 - Carga Crescente 2-24,true,708075,157,26,26,781,0
1774965710060,842,GET Articles,200,Cenario 2 - Carga Crescente 2-13,true,708074,157,26,26,841,0
1774965710085,821,GET Articles,200,Cenario 2 - Carga Crescente 2-12,true,708074,157,26,26,820,0
1774965710139,791,GET Articles,200,Cenario 2 - Carga Crescente 2-14,true,708075,157,26,26,791,0
1774965710181,786,GET Articles,200,Cenario 2 - Carga Crescente 2-3,true,708074,157,26,26,784,0
1774965710144,851,GET Articles,200,Cenario 2 - Carga Crescente 2-21,true,708075,157,26,26,851,0
1774965710220,814,GET Articles,200,Cenario 2 - Carga Crescente 2-20,true,708075,157,26,26,813,0
1774965710277,797,GET Articles,200,Cenario 2 - Carga Crescente 2-15,true,708074,157,26,26,796,0
1774965710283,820,GET Articles,200,Cenario 2 - Carga Crescente 2-16,true,708075,157,26,26,820,0
1774965710322,805,GET Articles,200,Cenario 2 - Carga Crescente 2-5,true,708075,157,26,26,804,0
1774965710346,817,GET Articles,200,Cenario 2 - Carga Crescente 2-19,true,708074,157,26,26,817,0
1774965710367,825,GET Articles,200,Cenario 2 - Carga Crescente 2-6,true,708075,157,26,26,824,0
1774965710400,817,GET Articles,200,Cenario 2 - Carga Crescente 2-11,true,708075,157,26,26,817,0
1774965710423,828,GET Articles,200,Cenario 2 - Carga Crescente 2-25,true,708074,157,26,26,828,0
1774965710453,820,GET Articles,200,Cenario 2 - Carga Crescente 2-23,true,708075,157,26,26,820,0
1774965710484,819,GET Articles,200,Cenario 2 - Carga Crescente 2-8,true,708075,157,26,26,818,0
1774965710506,842,GET Articles,200,Cenario 2 - Carga Crescente 2-1,true,708074,157,26,26,842,0
1774965710576,808,GET Articles,200,Cenario 2 - Carga Crescente 2-7,true,708075,157,26,26,807,0
1774965710536,875,GET Articles,200,Cenario 2 - Carga Crescente 2-26,true,708075,157,26,26,874,0
1774965710603,845,GET Articles,200,Cenario 2 - Carga Crescente 2-2,true,708074,157,26,26,844,0
1774965710661,823,GET Articles,200,Cenario 2 - Carga Crescente 2-10,true,708075,157,26,26,822,0
1774965710626,881,GET Articles,200,Cenario 2 - Carga Crescente 2-17,true,708075,157,26,26,880,0
1774965710688,854,GET Articles,200,Cenario 2 - Carga Crescente 2-9,true,708074,157,26,26,853,0
1774965710724,838,GET Articles,200,Cenario 2 - Carga Crescente 2-4,true,708074,157,26,26,837,0
1774965710773,820,GET Articles,200,Cenario 2 - Carga Crescente 2-22,true,708075,157,26,26,820,0
1774965710812,842,GET Articles,200,Cenario 2 - Carga Crescente 2-18,true,708074,157,27,27,841,0
1774965710837,824,GET Articles,200,Cenario 2 - Carga Crescente 2-24,true,708074,157,27,27,823,0
1774965710902,781,GET Articles,200,Cenario 2 - Carga Crescente 2-13,true,708075,157,27,27,780,0
1774965710906,825,GET Articles,200,Cenario 2 - Carga Crescente 2-12,true,708074,157,27,27,824,0
1774965710931,819,GET Articles,200,Cenario 2 - Carga Crescente 2-14,true,708074,157,27,27,819,0
1774965710967,809,GET Articles,200,Cenario 2 - Carga Crescente 2-3,true,708075,157,27,27,808,0
1774965710996,819,GET Articles,200,Cenario 2 - Carga Crescente 2-21,true,708074,157,27,27,818,0
1774965711034,801,GET Articles,200,Cenario 2 - Carga Crescente 2-20,true,708074,157,27,27,800,0
1774965711074,786,GET Articles,200,Cenario 2 - Carga Crescente 2-15,true,708075,157,27,27,786,0
1774965711104,796,GET Articles,200,Cenario 2 - Carga Crescente 2-16,true,708074,157,27,27,795,0
1774965711127,795,GET Articles,200,Cenario 2 - Carga Crescente 2-5,true,708075,157,27,27,794,0
1774965711164,787,GET Articles,200,Cenario 2 - Carga Crescente 2-19,true,708075,157,27,27,787,0
1774965711192,800,GET Articles,200,Cenario 2 - Carga Crescente 2-6,true,708074,157,27,27,799,0
1774965711218,798,GET Articles,200,Cenario 2 - Carga Crescente 2-11,true,708074,157,27,27,797,0
1774965711251,794,GET Articles,200,Cenario 2 - Carga Crescente 2-25,true,708075,157,27,27,793,0
1774965711274,822,GET Articles,200,Cenario 2 - Carga Crescente 2-23,true,708074,157,27,27,821,0
1774965711303,796,GET Articles,200,Cenario 2 - Carga Crescente 2-8,true,708074,157,27,27,796,0
1774965711348,784,GET Articles,200,Cenario 2 - Carga Crescente 2-1,true,708075,157,27,27,783,0
1774965711384,809,GET Articles,200,Cenario 2 - Carga Crescente 2-7,true,708074,157,27,27,808,0
1774965711411,786,GET Articles,200,Cenario 2 - Carga Crescente 2-26,true,708074,157,27,27,785,0
1774965711448,774,GET Articles,200,Cenario 2 - Carga Crescente 2-2,true,708075,157,27,27,773,0
1774965711507,758,GET Articles,200,Cenario 2 - Carga Crescente 2-17,true,708074,157,27,27,758,0
1774965711484,827,GET Articles,200,Cenario 2 - Carga Crescente 2-10,true,708075,157,27,27,826,0
1774965711542,773,GET Articles,200,Cenario 2 - Carga Crescente 2-9,true,708075,157,27,27,773,0
1774965711562,786,GET Articles,200,Cenario 2 - Carga Crescente 2-4,true,708074,157,27,27,786,0
1774965711593,782,GET Articles,200,Cenario 2 - Carga Crescente 2-22,true,708075,157,27,27,781,0
1774965711615,791,GET Articles,200,Cenario 2 - Carga Crescente 2-27,true,708075,157,27,27,790,1
1774965711654,789,GET Articles,200,Cenario 2 - Carga Crescente 2-18,true,708074,157,27,27,788,0
1774965711661,807,GET Articles,200,Cenario 2 - Carga Crescente 2-24,true,708075,157,27,27,806,0
1774965711683,809,GET Articles,200,Cenario 2 - Carga Crescente 2-13,true,708075,157,27,27,809,0
1774965711731,795,GET Articles,200,Cenario 2 - Carga Crescente 2-12,true,708074,157,27,27,794,0
1774965711751,802,GET Articles,200,Cenario 2 - Carga Crescente 2-14,true,708075,157,27,27,802,0
1774965711776,803,GET Articles,200,Cenario 2 - Carga Crescente 2-3,true,708075,157,27,27,803,0
1774965711815,820,GET Articles,200,Cenario 2 - Carga Crescente 2-21,true,708074,157,27,27,819,0
1774965711835,823,GET Articles,200,Cenario 2 - Carga Crescente 2-20,true,708074,157,27,27,822,0
1774965711860,820,GET Articles,200,Cenario 2 - Carga Crescente 2-15,true,708075,157,27,27,819,0
1774965711900,831,GET Articles,200,Cenario 2 - Carga Crescente 2-16,true,708074,157,27,27,831,0
1774965711922,813,GET Articles,200,Cenario 2 - Carga Crescente 2-5,true,708074,157,27,27,813,0
1774965711951,809,GET Articles,200,Cenario 2 - Carga Crescente 2-19,true,708075,157,27,27,809,0
1774965712016,779,GET Articles,200,Cenario 2 - Carga Crescente 2-11,true,708074,157,27,27,778,0
1774965711992,828,GET Articles,200,Cenario 2 - Carga Crescente 2-6,true,708075,157,27,27,827,0
1774965712045,799,GET Articles,200,Cenario 2 - Carga Crescente 2-25,true,708075,157,27,27,799,0
1774965712096,788,GET Articles,200,Cenario 2 - Carga Crescente 2-23,true,708074,157,27,27,787,0
1774965712099,811,GET Articles,200,Cenario 2 - Carga Crescente 2-8,true,708075,157,27,27,811,0
1774965712132,808,GET Articles,200,Cenario 2 - Carga Crescente 2-1,true,708075,157,27,27,807,0
1774965712193,783,GET Articles,200,Cenario 2 - Carga Crescente 2-7,true,708074,157,27,27,783,0
1774965712197,807,GET Articles,200,Cenario 2 - Carga Crescente 2-26,true,708075,157,27,27,806,0
1774965712222,813,GET Articles,200,Cenario 2 - Carga Crescente 2-2,true,708075,157,27,27,812,0
1774965712265,807,GET Articles,200,Cenario 2 - Carga Crescente 2-17,true,708074,157,27,27,806,0
1774965712311,786,GET Articles,200,Cenario 2 - Carga Crescente 2-10,true,708075,157,27,27,785,0
1774965712315,826,GET Articles,200,Cenario 2 - Carga Crescente 2-9,true,708075,157,27,27,825,0
1774965712349,826,GET Articles,200,Cenario 2 - Carga Crescente 2-4,true,708074,157,27,27,825,0
1774965712375,827,GET Articles,200,Cenario 2 - Carga Crescente 2-22,true,708075,157,27,27,826,0
1774965712406,831,GET Articles,200,Cenario 2 - Carga Crescente 2-27,true,708075,157,27,27,830,0
1774965712443,834,GET Articles,200,Cenario 2 - Carga Crescente 2-18,true,708074,157,27,27,833,0
1774965712468,836,GET Articles,200,Cenario 2 - Carga Crescente 2-24,true,708075,157,27,27,836,0
1774965712492,837,GET Articles,200,Cenario 2 - Carga Crescente 2-13,true,708075,157,27,27,836,0
1774965712526,847,GET Articles,200,Cenario 2 - Carga Crescente 2-12,true,708074,157,27,27,846,0
1774965712553,843,GET Articles,200,Cenario 2 - Carga Crescente 2-14,true,708075,157,27,27,842,0
1774965712580,845,GET Articles,200,Cenario 2 - Carga Crescente 2-3,true,708075,157,28,28,844,0
1774965712635,829,GET Articles,200,Cenario 2 - Carga Crescente 2-21,true,708074,157,28,28,828,0
1774965712658,828,GET Articles,200,Cenario 2 - Carga Crescente 2-20,true,708075,157,28,28,828,0
1774965712680,834,GET Articles,200,Cenario 2 - Carga Crescente 2-15,true,708075,157,28,28,831,0
1774965712732,822,GET Articles,200,Cenario 2 - Carga Crescente 2-16,true,708074,157,28,28,821,0
1774965712735,840,GET Articles,200,Cenario 2 - Carga Crescente 2-5,true,708075,157,28,28,839,0
1774965712761,844,GET Articles,200,Cenario 2 - Carga Crescente 2-19,true,708075,157,28,28,844,0
1774965712795,861,GET Articles,200,Cenario 2 - Carga Crescente 2-11,true,708074,157,28,28,860,0
1774965712820,862,GET Articles,200,Cenario 2 - Carga Crescente 2-6,true,708074,157,28,28,861,0
1774965712844,871,GET Articles,200,Cenario 2 - Carga Crescente 2-25,true,708075,157,28,28,870,0
1774965712910,839,GET Articles,200,Cenario 2 - Carga Crescente 2-8,true,708074,157,28,28,839,0
1774965712884,916,GET Articles,200,Cenario 2 - Carga Crescente 2-23,true,708075,157,28,28,915,0
1774965712940,893,GET Articles,200,Cenario 2 - Carga Crescente 2-1,true,708076,157,28,28,892,0
1774965712977,893,GET Articles,200,Cenario 2 - Carga Crescente 2-7,true,708074,157,28,28,893,0
1774965713004,895,GET Articles,200,Cenario 2 - Carga Crescente 2-26,true,708075,157,28,28,894,0
1774965713035,901,GET Articles,200,Cenario 2 - Carga Crescente 2-2,true,708075,157,28,28,901,0
1774965713097,871,GET Articles,200,Cenario 2 - Carga Crescente 2-10,true,708074,157,28,28,871,0
1774965713072,927,GET Articles,200,Cenario 2 - Carga Crescente 2-17,true,708075,157,28,28,926,0
1774965713141,885,GET Articles,200,Cenario 2 - Carga Crescente 2-9,true,708075,157,28,28,884,0
1774965713175,883,GET Articles,200,Cenario 2 - Carga Crescente 2-4,true,708074,157,28,28,883,0
1774965713202,885,GET Articles,200,Cenario 2 - Carga Crescente 2-22,true,708075,157,28,28,885,0
1774965713237,880,GET Articles,200,Cenario 2 - Carga Crescente 2-27,true,708075,157,28,28,880,0
1774965713277,875,GET Articles,200,Cenario 2 - Carga Crescente 2-18,true,708074,157,28,28,874,0
1774965713304,875,GET Articles,200,Cenario 2 - Carga Crescente 2-24,true,708075,157,28,28,874,0
1774965713329,878,GET Articles,200,Cenario 2 - Carga Crescente 2-13,true,708075,157,28,28,877,0
1774965713373,872,GET Articles,200,Cenario 2 - Carga Crescente 2-12,true,708074,157,28,28,871,0
1774965713396,874,GET Articles,200,Cenario 2 - Carga Crescente 2-14,true,708075,157,28,28,873,0
1774965713414,884,GET Articles,200,Cenario 2 - Carga Crescente 2-28,true,708075,157,28,28,883,1
1774965713425,906,GET Articles,200,Cenario 2 - Carga Crescente 2-3,true,708074,157,28,28,905,0
1774965713464,906,GET Articles,200,Cenario 2 - Carga Crescente 2-21,true,708075,157,28,28,905,0
1774965713486,908,GET Articles,200,Cenario 2 - Carga Crescente 2-20,true,708075,157,28,28,907,0
1774965713514,909,GET Articles,200,Cenario 2 - Carga Crescente 2-15,true,708074,157,28,28,909,0
1774965713554,896,GET Articles,200,Cenario 2 - Carga Crescente 2-16,true,708075,157,28,28,895,0
1774965713575,910,GET Articles,200,Cenario 2 - Carga Crescente 2-5,true,708075,157,28,28,910,0
1774965713606,907,GET Articles,200,Cenario 2 - Carga Crescente 2-19,true,708074,157,28,28,907,0
1774965713656,892,GET Articles,200,Cenario 2 - Carga Crescente 2-11,true,708075,157,28,28,891,0
1774965713683,894,GET Articles,200,Cenario 2 - Carga Crescente 2-6,true,708075,157,28,28,893,0
1774965713715,890,GET Articles,200,Cenario 2 - Carga Crescente 2-25,true,708074,157,28,28,890,0
1774965713750,884,GET Articles,200,Cenario 2 - Carga Crescente 2-8,true,708075,157,28,28,883,0
1774965713800,858,GET Articles,200,Cenario 2 - Carga Crescente 2-23,true,708075,157,28,28,857,0
1774965713833,853,GET Articles,200,Cenario 2 - Carga Crescente 2-1,true,708074,157,28,28,852,0
1774965713870,852,GET Articles,200,Cenario 2 - Carga Crescente 2-7,true,708075,157,28,28,851,0
1774965713899,847,GET Articles,200,Cenario 2 - Carga Crescente 2-26,true,708075,157,28,28,847,0
1774965713937,836,GET Articles,200,Cenario 2 - Carga Crescente 2-2,true,708074,157,28,28,836,0
1774965713969,837,GET Articles,200,Cenario 2 - Carga Crescente 2-10,true,708075,157,28,28,836,0
1774965713999,832,GET Articles,200,Cenario 2 - Carga Crescente 2-17,true,708075,157,28,28,832,0
1774965714026,832,GET Articles,200,Cenario 2 - Carga Crescente 2-9,true,708074,157,28,28,831,0
1774965714059,828,GET Articles,200,Cenario 2 - Carga Crescente 2-4,true,708075,157,28,28,828,0
1774965714088,827,GET Articles,200,Cenario 2 - Carga Crescente 2-22,true,708075,157,28,28,827,0
1774965714117,828,GET Articles,200,Cenario 2 - Carga Crescente 2-27,true,708075,157,28,28,827,0
1774965714152,821,GET Articles,200,Cenario 2 - Carga Crescente 2-18,true,708075,157,28,28,821,0
1774965714179,823,GET Articles,200,Cenario 2 - Carga Crescente 2-24,true,708075,157,28,28,822,0
1774965714207,823,GET Articles,200,Cenario 2 - Carga Crescente 2-13,true,708075,157,28,28,822,0
1774965714245,816,GET Articles,200,Cenario 2 - Carga Crescente 2-12,true,708075,157,28,28,815,0
1774965714270,827,GET Articles,200,Cenario 2 - Carga Crescente 2-14,true,708075,157,28,28,826,0
1774965714298,824,GET Articles,200,Cenario 2 - Carga Crescente 2-28,true,708075,157,28,28,823,0
1774965714331,823,GET Articles,200,Cenario 2 - Carga Crescente 2-3,true,708075,157,28,28,822,0
1774965714370,824,GET Articles,200,Cenario 2 - Carga Crescente 2-21,true,708075,157,28,28,823,0
1774965714394,824,GET Articles,200,Cenario 2 - Carga Crescente 2-20,true,708075,157,29,29,823,0
1774965714423,829,GET Articles,200,Cenario 2 - Carga Crescente 2-15,true,708075,157,29,29,829,0
1774965714450,835,GET Articles,200,Cenario 2 - Carga Crescente 2-16,true,708075,157,29,29,834,0
1774965714486,826,GET Articles,200,Cenario 2 - Carga Crescente 2-5,true,708075,157,29,29,825,0
1774965714514,827,GET Articles,200,Cenario 2 - Carga Crescente 2-19,true,708075,157,29,29,826,0
1774965714548,830,GET Articles,200,Cenario 2 - Carga Crescente 2-11,true,708075,157,29,29,829,0
1774965714577,832,GET Articles,200,Cenario 2 - Carga Crescente 2-6,true,708075,157,29,29,831,0
1774965714605,832,GET Articles,200,Cenario 2 - Carga Crescente 2-25,true,708075,157,29,29,832,0
1774965714634,837,GET Articles,200,Cenario 2 - Carga Crescente 2-8,true,708074,157,29,29,836,0
1774965714658,843,GET Articles,200,Cenario 2 - Carga Crescente 2-23,true,708075,157,29,29,842,0
1774965714686,847,GET Articles,200,Cenario 2 - Carga Crescente 2-1,true,708075,157,29,29,847,0
1774965714722,842,GET Articles,200,Cenario 2 - Carga Crescente 2-7,true,708074,157,29,29,841,0
1774965714747,845,GET Articles,200,Cenario 2 - Carga Crescente 2-26,true,708075,157,29,29,844,0
1774965714773,852,GET Articles,200,Cenario 2 - Carga Crescente 2-2,true,708075,157,29,29,852,0
1774965714806,866,GET Articles,200,Cenario 2 - Carga Crescente 2-10,true,708075,157,29,29,865,0
1774965714832,868,GET Articles,200,Cenario 2 - Carga Crescente 2-17,true,708075,157,29,29,868,0
1774965714858,874,GET Articles,200,Cenario 2 - Carga Crescente 2-9,true,708075,157,29,29,873,0
1774965714887,875,GET Articles,200,Cenario 2 - Carga Crescente 2-4,true,708075,157,29,29,874,0
1774965714915,877,GET Articles,200,Cenario 2 - Carga Crescente 2-22,true,708075,157,29,29,876,0
1774965714945,880,GET Articles,200,Cenario 2 - Carga Crescente 2-27,true,708075,157,29,29,879,0
1774965714974,878,GET Articles,200,Cenario 2 - Carga Crescente 2-18,true,708075,157,29,29,877,0
1774965715002,888,GET Articles,200,Cenario 2 - Carga Crescente 2-24,true,708075,157,29,29,887,0
1774965715030,889,GET Articles,200,Cenario 2 - Carga Crescente 2-13,true,708075,157,29,29,888,0
1774965715061,888,GET Articles,200,Cenario 2 - Carga Crescente 2-12,true,708075,157,29,29,887,0
1774965715097,878,GET Articles,200,Cenario 2 - Carga Crescente 2-14,true,708075,157,29,29,877,0
1774965715122,892,GET Articles,200,Cenario 2 - Carga Crescente 2-28,true,708075,157,29,29,891,0
1774965715154,898,GET Articles,200,Cenario 2 - Carga Crescente 2-3,true,708075,157,29,29,897,0
1774965715194,882,GET Articles,200,Cenario 2 - Carga Crescente 2-21,true,708075,157,29,29,881,0
1774965715215,889,GET Articles,200,Cenario 2 - Carga Crescente 2-29,true,708075,157,29,29,888,0
1774965715218,928,GET Articles,200,Cenario 2 - Carga Crescente 2-20,true,708074,157,29,29,927,0
1774965715252,918,GET Articles,200,Cenario 2 - Carga Crescente 2-15,true,708075,157,29,29,917,0
1774965715285,913,GET Articles,200,Cenario 2 - Carga Crescente 2-16,true,708075,157,29,29,912,0
1774965715312,913,GET Articles,200,Cenario 2 - Carga Crescente 2-5,true,708075,157,29,29,912,0
1774965715341,915,GET Articles,200,Cenario 2 - Carga Crescente 2-19,true,708075,157,29,29,914,0
1774965715378,917,GET Articles,200,Cenario 2 - Carga Crescente 2-11,true,708075,157,29,29,917,0
1774965715410,915,GET Articles,200,Cenario 2 - Carga Crescente 2-6,true,708075,157,29,29,914,0
1774965715438,913,GET Articles,200,Cenario 2 - Carga Crescente 2-25,true,708075,157,29,29,913,0
1774965715471,919,GET Articles,200,Cenario 2 - Carga Crescente 2-8,true,708075,157,29,29,918,0
1774965715501,916,GET Articles,200,Cenario 2 - Carga Crescente 2-23,true,708075,157,29,29,915,0
1774965715533,911,GET Articles,200,Cenario 2 - Carga Crescente 2-1,true,708075,157,29,29,910,0
1774965715564,912,GET Articles,200,Cenario 2 - Carga Crescente 2-7,true,708075,157,29,29,911,0
1774965715592,913,GET Articles,200,Cenario 2 - Carga Crescente 2-26,true,708075,157,29,29,913,0
1774965715626,905,GET Articles,200,Cenario 2 - Carga Crescente 2-2,true,708075,157,29,29,905,0
1774965715672,890,GET Articles,200,Cenario 2 - Carga Crescente 2-10,true,708075,157,29,29,889,0
1774965715701,886,GET Articles,200,Cenario 2 - Carga Crescente 2-17,true,708075,157,29,29,885,0
1774965715732,886,GET Articles,200,Cenario 2 - Carga Crescente 2-9,true,708075,157,29,29,885,0
1774965715762,889,GET Articles,200,Cenario 2 - Carga Crescente 2-4,true,708075,157,29,29,888,0
1774965715792,892,GET Articles,200,Cenario 2 - Carga Crescente 2-22,true,708075,157,29,29,890,0
1774965715825,892,GET Articles,200,Cenario 2 - Carga Crescente 2-27,true,708075,157,29,29,892,0
1774965715852,899,GET Articles,200,Cenario 2 - Carga Crescente 2-18,true,708075,157,29,29,898,0
1774965715890,886,GET Articles,200,Cenario 2 - Carga Crescente 2-24,true,708075,157,29,29,885,0
1774965715919,893,GET Articles,200,Cenario 2 - Carga Crescente 2-13,true,708074,157,29,29,892,0
1774965715949,892,GET Articles,200,Cenario 2 - Carga Crescente 2-12,true,708075,157,29,29,891,0
1774965715975,898,GET Articles,200,Cenario 2 - Carga Crescente 2-14,true,708075,157,29,29,897,0
1774965716014,885,GET Articles,200,Cenario 2 - Carga Crescente 2-28,true,708075,157,29,29,884,0
1774965716052,880,GET Articles,200,Cenario 2 - Carga Crescente 2-3,true,708074,157,29,29,879,0
1774965716076,883,GET Articles,200,Cenario 2 - Carga Crescente 2-21,true,708075,157,29,29,882,0
1774965716104,884,GET Articles,200,Cenario 2 - Carga Crescente 2-29,true,708075,157,29,29,883,0
1774965716146,881,GET Articles,200,Cenario 2 - Carga Crescente 2-20,true,708074,157,30,30,880,0
1774965716170,885,GET Articles,200,Cenario 2 - Carga Crescente 2-15,true,708075,157,30,30,885,0
1774965716198,883,GET Articles,200,Cenario 2 - Carga Crescente 2-16,true,708075,157,30,30,882,0
1774965716225,889,GET Articles,200,Cenario 2 - Carga Crescente 2-5,true,708074,157,30,30,888,0
1774965716256,885,GET Articles,200,Cenario 2 - Carga Crescente 2-19,true,708075,157,30,30,884,0
1774965716296,873,GET Articles,200,Cenario 2 - Carga Crescente 2-11,true,708075,157,30,30,873,0
1774965716325,876,GET Articles,200,Cenario 2 - Carga Crescente 2-6,true,708074,157,30,30,875,0
1774965716351,881,GET Articles,200,Cenario 2 - Carga Crescente 2-25,true,708075,157,30,30,880,0
1774965716390,870,GET Articles,200,Cenario 2 - Carga Crescente 2-8,true,708075,157,30,30,869,0
1774965716417,876,GET Articles,200,Cenario 2 - Carga Crescente 2-23,true,708074,157,30,30,875,0
1774965716444,879,GET Articles,200,Cenario 2 - Carga Crescente 2-1,true,708075,157,30,30,878,0
1774965716476,877,GET Articles,200,Cenario 2 - Carga Crescente 2-7,true,708075,157,30,30,876,0
1774965716506,886,GET Articles,200,Cenario 2 - Carga Crescente 2-26,true,708074,157,30,30,885,0
1774965716532,890,GET Articles,200,Cenario 2 - Carga Crescente 2-2,true,708075,157,30,30,889,0
1774965716562,890,GET Articles,200,Cenario 2 - Carga Crescente 2-10,true,708075,157,30,30,889,0
1774965716587,897,GET Articles,200,Cenario 2 - Carga Crescente 2-17,true,708075,157,30,30,897,0
1774965716618,897,GET Articles,200,Cenario 2 - Carga Crescente 2-9,true,708075,157,30,30,896,0
1774965716651,910,GET Articles,200,Cenario 2 - Carga Crescente 2-4,true,708075,157,30,30,909,0
1774965716684,916,GET Articles,200,Cenario 2 - Carga Crescente 2-22,true,708075,157,30,30,915,0
1774965716718,915,GET Articles,200,Cenario 2 - Carga Crescente 2-27,true,708075,157,30,30,914,0
1774965716751,905,GET Articles,200,Cenario 2 - Carga Crescente 2-18,true,708075,157,30,30,904,0
1774965716776,917,GET Articles,200,Cenario 2 - Carga Crescente 2-24,true,708075,157,30,30,917,0
1774965716812,918,GET Articles,200,Cenario 2 - Carga Crescente 2-13,true,708074,157,30,30,917,0
1774965716841,916,GET Articles,200,Cenario 2 - Carga Crescente 2-12,true,708075,157,30,30,916,0
1774965716873,915,GET Articles,200,Cenario 2 - Carga Crescente 2-14,true,708075,157,30,30,914,0
1774965716899,934,GET Articles,200,Cenario 2 - Carga Crescente 2-28,true,708074,157,30,30,934,0
1774965716932,908,GET Articles,200,Cenario 2 - Carga Crescente 2-3,true,708074,157,30,30,907,0
1774965716959,911,GET Articles,200,Cenario 2 - Carga Crescente 2-21,true,708074,157,30,30,910,0
1774965716988,914,GET Articles,200,Cenario 2 - Carga Crescente 2-29,true,708074,157,30,30,914,0
1774965717015,925,GET Articles,200,Cenario 2 - Carga Crescente 2-30,true,708075,157,30,30,925,1
1774965717027,944,GET Articles,200,Cenario 2 - Carga Crescente 2-20,true,708075,157,30,30,943,0
1774965717081,953,GET Articles,200,Cenario 2 - Carga Crescente 2-16,true,708075,157,30,30,952,0
1774965717055,1002,GET Articles,200,Cenario 2 - Carga Crescente 2-15,true,708075,157,30,30,1001,0
1774965717114,975,GET Articles,200,Cenario 2 - Carga Crescente 2-5,true,708074,157,30,30,974,0
1774965717141,982,GET Articles,200,Cenario 2 - Carga Crescente 2-19,true,708074,157,30,30,981,0
1774965717170,974,GET Articles,200,Cenario 2 - Carga Crescente 2-11,true,708075,157,30,30,974,0
1774965717201,972,GET Articles,200,Cenario 2 - Carga Crescente 2-6,true,708075,157,30,30,971,0
1774965717232,1004,GET Articles,200,Cenario 2 - Carga Crescente 2-25,true,708074,157,30,30,1004,0
1774965717260,981,GET Articles,200,Cenario 2 - Carga Crescente 2-8,true,708074,157,30,30,980,0
1774965717293,975,GET Articles,200,Cenario 2 - Carga Crescente 2-23,true,708075,157,30,30,975,0
1774965717323,988,GET Articles,200,Cenario 2 - Carga Crescente 2-1,true,708074,157,30,30,987,0
1774965717353,987,GET Articles,200,Cenario 2 - Carga Crescente 2-7,true,708075,157,30,30,987,0
1774965717392,976,GET Articles,200,Cenario 2 - Carga Crescente 2-26,true,708075,157,30,30,976,0
1774965717422,981,GET Articles,200,Cenario 2 - Carga Crescente 2-2,true,708074,157,30,30,980,0
1774965717452,978,GET Articles,200,Cenario 2 - Carga Crescente 2-10,true,708075,157,30,30,978,0
1774965717485,982,GET Articles,200,Cenario 2 - Carga Crescente 2-17,true,708075,157,30,30,981,0
1774965717561,939,GET Articles,200,Cenario 2 - Carga Crescente 2-4,true,708074,157,30,30,938,0
1774965717515,1020,GET Articles,200,Cenario 2 - Carga Crescente 2-9,true,708075,157,30,30,1019,0
1774965717600,965,GET Articles,200,Cenario 2 - Carga Crescente 2-22,true,708075,157,30,30,964,0
1774965717633,968,GET Articles,200,Cenario 2 - Carga Crescente 2-27,true,708074,157,30,30,967,0
1774965717656,968,GET Articles,200,Cenario 2 - Carga Crescente 2-18,true,708075,157,30,30,967,0
1774965717693,963,GET Articles,200,Cenario 2 - Carga Crescente 2-24,true,708075,157,30,30,962,0
1774965717730,960,GET Articles,200,Cenario 2 - Carga Crescente 2-13,true,708074,157,30,30,959,0
1774965717758,955,GET Articles,200,Cenario 2 - Carga Crescente 2-12,true,708075,157,30,30,954,0
1774965717788,953,GET Articles,200,Cenario 2 - Carga Crescente 2-14,true,708075,157,30,30,952,0
1774965717834,944,GET Articles,200,Cenario 2 - Carga Crescente 2-28,true,708074,157,30,30,943,0
1774965717840,972,GET Articles,200,Cenario 2 - Carga Crescente 2-3,true,708075,157,30,30,971,0
1774965717870,979,GET Articles,200,Cenario 2 - Carga Crescente 2-21,true,708075,157,31,31,979,0
1774965717903,979,GET Articles,200,Cenario 2 - Carga Crescente 2-29,true,708074,157,31,31,979,0
1774965717941,978,GET Articles,200,Cenario 2 - Carga Crescente 2-30,true,708075,157,31,31,977,0
1774965717971,981,GET Articles,200,Cenario 2 - Carga Crescente 2-20,true,708075,157,31,31,981,0
1774965718034,951,GET Articles,200,Cenario 2 - Carga Crescente 2-16,true,708074,157,31,31,950,0
1774965718057,956,GET Articles,200,Cenario 2 - Carga Crescente 2-15,true,708075,157,31,31,955,0
1774965718089,952,GET Articles,200,Cenario 2 - Carga Crescente 2-5,true,708075,157,31,31,951,0
1774965718123,951,GET Articles,200,Cenario 2 - Carga Crescente 2-19,true,708074,157,31,31,950,0
1774965718145,956,GET Articles,200,Cenario 2 - Carga Crescente 2-11,true,708075,157,31,31,956,0
1774965718173,955,GET Articles,200,Cenario 2 - Carga Crescente 2-6,true,708075,157,31,31,954,0
1774965718237,932,GET Articles,200,Cenario 2 - Carga Crescente 2-25,true,708074,157,31,31,931,0
1774965718241,957,GET Articles,200,Cenario 2 - Carga Crescente 2-8,true,708075,157,31,31,956,0
1774965718269,955,GET Articles,200,Cenario 2 - Carga Crescente 2-23,true,708075,157,31,31,954,0
1774965718311,959,GET Articles,200,Cenario 2 - Carga Crescente 2-1,true,708074,157,31,31,959,0
1774965718340,953,GET Articles,200,Cenario 2 - Carga Crescente 2-7,true,708075,157,31,31,953,0
1774965718368,953,GET Articles,200,Cenario 2 - Carga Crescente 2-26,true,708075,157,31,31,953,0
1774965718431,946,GET Articles,200,Cenario 2 - Carga Crescente 2-10,true,708074,157,31,31,945,0
1774965718403,978,GET Articles,200,Cenario 2 - Carga Crescente 2-2,true,708074,157,31,31,978,0
1774965718467,940,GET Articles,200,Cenario 2 - Carga Crescente 2-17,true,708075,157,31,31,939,0
1774965718500,941,GET Articles,200,Cenario 2 - Carga Crescente 2-4,true,708074,157,31,31,940,0
1774965718535,929,GET Articles,200,Cenario 2 - Carga Crescente 2-9,true,708075,157,31,31,929,0
1774965718565,930,GET Articles,200,Cenario 2 - Carga Crescente 2-22,true,708075,157,31,31,930,0
1774965718601,930,GET Articles,200,Cenario 2 - Carga Crescente 2-27,true,708074,157,31,31,929,0
1774965718624,928,GET Articles,200,Cenario 2 - Carga Crescente 2-18,true,708075,157,31,31,928,0
1774965718656,923,GET Articles,200,Cenario 2 - Carga Crescente 2-24,true,708075,157,31,31,922,0
1774965718690,938,GET Articles,200,Cenario 2 - Carga Crescente 2-13,true,708074,157,31,31,938,0
1774965718713,944,GET Articles,200,Cenario 2 - Carga Crescente 2-12,true,708075,157,31,31,943,0
1774965718741,946,GET Articles,200,Cenario 2 - Carga Crescente 2-14,true,708075,157,31,31,945,0
1774965718778,947,GET Articles,200,Cenario 2 - Carga Crescente 2-28,true,708074,157,31,31,947,0
1774965718812,963,GET Articles,200,Cenario 2 - Carga Crescente 2-3,true,708075,157,31,31,962,0
1774965718816,989,GET Articles,200,Cenario 2 - Carga Crescente 2-31,true,708076,157,31,31,988,0
1774965718883,995,GET Articles,200,Cenario 2 - Carga Crescente 2-29,true,708074,157,31,31,994,0
1774965718850,1032,GET Articles,200,Cenario 2 - Carga Crescente 2-21,true,708074,157,31,31,1031,0
1774965718919,989,GET Articles,200,Cenario 2 - Carga Crescente 2-30,true,708075,157,31,31,987,0
1774965718952,988,GET Articles,200,Cenario 2 - Carga Crescente 2-20,true,708074,157,31,31,988,0
1774965718985,1001,GET Articles,200,Cenario 2 - Carga Crescente 2-16,true,708075,157,31,31,1001,0
1774965719013,999,GET Articles,200,Cenario 2 - Carga Crescente 2-15,true,708075,157,31,31,998,0
1774965719041,1003,GET Articles,200,Cenario 2 - Carga Crescente 2-5,true,708074,157,31,31,1002,0
1774965719074,994,GET Articles,200,Cenario 2 - Carga Crescente 2-19,true,708075,157,31,31,994,0
1774965719101,998,GET Articles,200,Cenario 2 - Carga Crescente 2-11,true,708075,157,31,31,997,0
1774965719128,1004,GET Articles,200,Cenario 2 - Carga Crescente 2-6,true,708074,157,31,31,1003,0
1774965719169,988,GET Articles,200,Cenario 2 - Carga Crescente 2-25,true,708075,157,31,31,988,0
1774965719198,986,GET Articles,200,Cenario 2 - Carga Crescente 2-8,true,708075,157,31,31,985,0
1774965719224,994,GET Articles,200,Cenario 2 - Carga Crescente 2-23,true,708074,157,31,31,993,0
1774965719270,980,GET Articles,200,Cenario 2 - Carga Crescente 2-1,true,708075,157,31,31,979,0
1774965719294,982,GET Articles,200,Cenario 2 - Carga Crescente 2-7,true,708075,157,31,31,981,0
1774965719321,991,GET Articles,200,Cenario 2 - Carga Crescente 2-26,true,708074,157,31,31,990,0
1774965719377,974,GET Articles,200,Cenario 2 - Carga Crescente 2-10,true,708075,157,31,31,973,0
1774965719381,998,GET Articles,200,Cenario 2 - Carga Crescente 2-2,true,708075,157,31,31,998,0
1774965719407,1005,GET Articles,200,Cenario 2 - Carga Crescente 2-17,true,708074,157,31,31,1004,0
1774965719441,995,GET Articles,200,Cenario 2 - Carga Crescente 2-4,true,708075,157,31,31,994,0
1774965719465,1009,GET Articles,200,Cenario 2 - Carga Crescente 2-9,true,708075,157,31,31,1008,0
1774965719496,1026,GET Articles,200,Cenario 2 - Carga Crescente 2-22,true,708074,157,31,31,1025,0
1774965719531,1021,GET Articles,200,Cenario 2 - Carga Crescente 2-27,true,708075,157,31,31,1021,0
1774965719552,1027,GET Articles,200,Cenario 2 - Carga Crescente 2-18,true,708075,157,31,31,1027,0
1774965719578,1036,GET Articles,200,Cenario 2 - Carga Crescente 2-24,true,708074,157,32,32,1036,0
1774965719628,1014,GET Articles,200,Cenario 2 - Carga Crescente 2-13,true,708075,157,32,32,1013,0
1774965719656,1008,GET Articles,200,Cenario 2 - Carga Crescente 2-12,true,708075,157,32,32,1008,0
1774965719686,1009,GET Articles,200,Cenario 2 - Carga Crescente 2-14,true,708074,157,32,32,1008,0
1774965719724,994,GET Articles,200,Cenario 2 - Carga Crescente 2-28,true,708075,157,32,32,993,0
1774965719774,966,GET Articles,200,Cenario 2 - Carga Crescente 2-3,true,708075,157,32,32,965,0
1774965719804,977,GET Articles,200,Cenario 2 - Carga Crescente 2-31,true,708074,157,32,32,977,0
1774965719877,935,GET Articles,200,Cenario 2 - Carga Crescente 2-29,true,708075,157,32,32,935,0
1774965719881,959,GET Articles,200,Cenario 2 - Carga Crescente 2-21,true,708075,157,32,32,959,0
1774965719907,964,GET Articles,200,Cenario 2 - Carga Crescente 2-30,true,708074,157,32,32,963,0
1774965719939,959,GET Articles,200,Cenario 2 - Carga Crescente 2-20,true,708075,157,32,32,958,0
1774965719986,938,GET Articles,200,Cenario 2 - Carga Crescente 2-16,true,708075,157,32,32,937,0
1774965720012,947,GET Articles,200,Cenario 2 - Carga Crescente 2-15,true,708074,157,32,32,946,0
1774965720043,944,GET Articles,200,Cenario 2 - Carga Crescente 2-5,true,708075,157,32,32,943,0
1774965720068,941,GET Articles,200,Cenario 2 - Carga Crescente 2-19,true,708075,157,32,32,941,0
1774965720098,942,GET Articles,200,Cenario 2 - Carga Crescente 2-11,true,708074,157,32,32,941,0
1774965720131,939,GET Articles,200,Cenario 2 - Carga Crescente 2-6,true,708075,157,32,32,938,0
1774965720156,936,GET Articles,200,Cenario 2 - Carga Crescente 2-25,true,708075,157,32,32,935,0
1774965720183,948,GET Articles,200,Cenario 2 - Carga Crescente 2-8,true,708074,157,32,32,947,0
1774965720217,938,GET Articles,200,Cenario 2 - Carga Crescente 2-23,true,708075,157,32,32,937,0
1774965720249,929,GET Articles,200,Cenario 2 - Carga Crescente 2-1,true,708075,157,32,32,928,0
1774965720275,938,GET Articles,200,Cenario 2 - Carga Crescente 2-7,true,708074,157,32,32,937,0
1774965720311,924,GET Articles,200,Cenario 2 - Carga Crescente 2-26,true,708075,157,32,32,924,0
1774965720350,907,GET Articles,200,Cenario 2 - Carga Crescente 2-10,true,708075,157,32,32,907,0
1774965720411,909,GET Articles,200,Cenario 2 - Carga Crescente 2-17,true,708074,157,32,32,909,0
1774965720378,966,GET Articles,200,Cenario 2 - Carga Crescente 2-2,true,708074,157,32,32,965,0
1774965720435,914,GET Articles,200,Cenario 2 - Carga Crescente 2-4,true,708074,157,32,32,913,0
1774965720473,909,GET Articles,200,Cenario 2 - Carga Crescente 2-9,true,708074,157,32,32,909,0
1774965720551,861,GET Articles,200,Cenario 2 - Carga Crescente 2-27,true,708075,157,32,32,861,0
1774965720521,916,GET Articles,200,Cenario 2 - Carga Crescente 2-22,true,708075,157,32,32,915,0
1774965720578,896,GET Articles,200,Cenario 2 - Carga Crescente 2-18,true,708074,157,32,32,895,0
1774965720614,907,GET Articles,200,Cenario 2 - Carga Crescente 2-32,true,708075,157,32,32,906,0
1774965720615,910,GET Articles,200,Cenario 2 - Carga Crescente 2-24,true,708075,157,32,32,909,0
1774965720642,918,GET Articles,200,Cenario 2 - Carga Crescente 2-13,true,708074,157,32,32,917,0
1774965720665,941,GET Articles,200,Cenario 2 - Carga Crescente 2-12,true,708075,157,32,32,941,0
1774965720695,917,GET Articles,200,Cenario 2 - Carga Crescente 2-14,true,708075,157,32,32,916,0
1774965720740,909,GET Articles,200,Cenario 2 - Carga Crescente 2-3,true,708074,157,32,32,908,0
1774965720718,957,GET Articles,200,Cenario 2 - Carga Crescente 2-28,true,708075,157,32,32,956,0
1774965720782,926,GET Articles,200,Cenario 2 - Carga Crescente 2-31,true,708075,157,32,32,925,0
1774965720812,936,GET Articles,200,Cenario 2 - Carga Crescente 2-29,true,708074,157,32,32,936,0
1774965720841,942,GET Articles,200,Cenario 2 - Carga Crescente 2-21,true,708075,157,32,32,941,0
1774965720871,940,GET Articles,200,Cenario 2 - Carga Crescente 2-30,true,708075,157,32,32,939,0
1774965720898,953,GET Articles,200,Cenario 2 - Carga Crescente 2-20,true,708074,157,32,32,953,0
1774965720924,949,GET Articles,200,Cenario 2 - Carga Crescente 2-16,true,708074,157,32,32,948,0
1774965720959,941,GET Articles,200,Cenario 2 - Carga Crescente 2-15,true,708075,157,32,32,941,0
1774965721010,922,GET Articles,200,Cenario 2 - Carga Crescente 2-19,true,708074,157,32,32,921,0
1774965720987,978,GET Articles,200,Cenario 2 - Carga Crescente 2-5,true,708075,157,32,32,977,0
1774965721040,959,GET Articles,200,Cenario 2 - Carga Crescente 2-11,true,708075,157,32,32,959,0
1774965721070,970,GET Articles,200,Cenario 2 - Carga Crescente 2-6,true,708074,157,32,32,969,0
1774965721092,976,GET Articles,200,Cenario 2 - Carga Crescente 2-25,true,708075,157,32,32,975,0
1774965721131,959,GET Articles,200,Cenario 2 - Carga Crescente 2-8,true,708075,157,32,32,958,0
1774965721155,967,GET Articles,200,Cenario 2 - Carga Crescente 2-23,true,708074,157,32,32,966,0
1774965721178,969,GET Articles,200,Cenario 2 - Carga Crescente 2-1,true,708075,157,32,32,969,0
1774965721213,960,GET Articles,200,Cenario 2 - Carga Crescente 2-7,true,708075,157,32,32,959,0
1774965721235,973,GET Articles,200,Cenario 2 - Carga Crescente 2-26,true,708074,157,32,32,973,0
1774965721257,981,GET Articles,200,Cenario 2 - Carga Crescente 2-10,true,708075,157,32,32,980,0
1774965721321,941,GET Articles,200,Cenario 2 - Carga Crescente 2-17,true,708075,157,32,32,940,0
1774965721344,957,GET Articles,200,Cenario 2 - Carga Crescente 2-2,true,708074,157,32,32,956,0
1774965721349,979,GET Articles,200,Cenario 2 - Carga Crescente 2-4,true,708075,157,32,32,978,0
1774965721382,986,GET Articles,200,Cenario 2 - Carga Crescente 2-9,true,708075,157,32,32,985,0
1774965721413,990,GET Articles,200,Cenario 2 - Carga Crescente 2-27,true,708074,157,32,32,990,0
1774965721437,992,GET Articles,200,Cenario 2 - Carga Crescente 2-22,true,708075,157,33,33,991,0
1774965721474,976,GET Articles,200,Cenario 2 - Carga Crescente 2-18,true,708075,157,33,33,976,0
1774965721521,967,GET Articles,200,Cenario 2 - Carga Crescente 2-32,true,708074,157,33,33,966,0
1774965721525,989,GET Articles,200,Cenario 2 - Carga Crescente 2-24,true,708075,157,33,33,989,0
1774965721560,979,GET Articles,200,Cenario 2 - Carga Crescente 2-13,true,708075,157,33,33,978,0
1774965721607,976,GET Articles,200,Cenario 2 - Carga Crescente 2-12,true,708074,157,33,33,975,0
1774965721612,1001,GET Articles,200,Cenario 2 - Carga Crescente 2-14,true,708075,157,33,33,1000,0
1774965721649,990,GET Articles,200,Cenario 2 - Carga Crescente 2-3,true,708075,157,33,33,989,0
1774965721675,995,GET Articles,200,Cenario 2 - Carga Crescente 2-28,true,708074,157,33,33,994,0
1774965721708,1000,GET Articles,200,Cenario 2 - Carga Crescente 2-31,true,708075,157,33,33,999,0
1774965721748,987,GET Articles,200,Cenario 2 - Carga Crescente 2-29,true,708075,157,33,33,986,0
1774965721783,984,GET Articles,200,Cenario 2 - Carga Crescente 2-21,true,708074,157,33,33,984,0
1774965721811,979,GET Articles,200,Cenario 2 - Carga Crescente 2-30,true,708075,157,33,33,978,0
1774965721851,965,GET Articles,200,Cenario 2 - Carga Crescente 2-20,true,708075,157,33,33,964,0
1774965721873,982,GET Articles,200,Cenario 2 - Carga Crescente 2-16,true,708074,157,33,33,982,0
1774965721901,986,GET Articles,200,Cenario 2 - Carga Crescente 2-15,true,708075,157,33,33,985,0
1774965721932,984,GET Articles,200,Cenario 2 - Carga Crescente 2-19,true,708075,157,33,33,983,0
1774965721965,1007,GET Articles,200,Cenario 2 - Carga Crescente 2-5,true,708074,157,33,33,1006,0
1774965722000,998,GET Articles,200,Cenario 2 - Carga Crescente 2-11,true,708074,157,33,33,995,0
1774965722040,977,GET Articles,200,Cenario 2 - Carga Crescente 2-6,true,708075,157,33,33,976,0
1774965722122,964,GET Articles,200,Cenario 2 - Carga Crescente 2-23,true,708074,157,33,33,963,0
1774965722068,1024,GET Articles,200,Cenario 2 - Carga Crescente 2-25,true,708074,157,33,33,1023,0
1774965722090,1026,GET Articles,200,Cenario 2 - Carga Crescente 2-8,true,708075,157,33,33,1025,0
1774965722209,939,GET Articles,200,Cenario 2 - Carga Crescente 2-26,true,708074,157,33,33,938,0
1774965722148,1029,GET Articles,200,Cenario 2 - Carga Crescente 2-1,true,708075,157,33,33,1028,0
1774965722173,1026,GET Articles,200,Cenario 2 - Carga Crescente 2-7,true,708075,157,33,33,1025,0
1774965722238,996,GET Articles,200,Cenario 2 - Carga Crescente 2-10,true,708074,157,33,33,996,0
1774965722262,996,GET Articles,200,Cenario 2 - Carga Crescente 2-17,true,708075,157,33,33,995,0
1774965722301,981,GET Articles,200,Cenario 2 - Carga Crescente 2-2,true,708075,157,33,33,980,0
1774965722328,990,GET Articles,200,Cenario 2 - Carga Crescente 2-4,true,708074,157,33,33,989,0
1774965722368,985,GET Articles,200,Cenario 2 - Carga Crescente 2-9,true,708074,157,33,33,985,0
1774965722404,970,GET Articles,200,Cenario 2 - Carga Crescente 2-27,true,708075,157,33,33,969,0
1774965722429,1007,GET Articles,200,Cenario 2 - Carga Crescente 2-22,true,708074,157,33,33,1006,0
1774965722413,1028,GET Articles,200,Cenario 2 - Carga Crescente 2-33,true,708074,157,33,33,1027,0
1774965722451,1015,GET Articles,200,Cenario 2 - Carga Crescente 2-18,true,708075,157,33,33,1014,0
1774965722514,987,GET Articles,200,Cenario 2 - Carga Crescente 2-24,true,708074,157,33,33,986,0
1774965722488,1039,GET Articles,200,Cenario 2 - Carga Crescente 2-32,true,708074,157,33,33,1038,0
1774965722539,1023,GET Articles,200,Cenario 2 - Carga Crescente 2-13,true,708075,157,33,33,1022,0
1774965722583,1020,GET Articles,200,Cenario 2 - Carga Crescente 2-12,true,708074,157,33,33,1019,0
1774965722639,1007,GET Articles,200,Cenario 2 - Carga Crescente 2-3,true,708074,157,33,33,1006,0
1774965722613,1038,GET Articles,200,Cenario 2 - Carga Crescente 2-14,true,708074,157,33,33,1037,0
1774965722670,1014,GET Articles,200,Cenario 2 - Carga Crescente 2-28,true,708074,157,33,33,1013,0
1774965722708,1024,GET Articles,200,Cenario 2 - Carga Crescente 2-31,true,708075,157,33,33,1023,0
1774965722735,1024,GET Articles,200,Cenario 2 - Carga Crescente 2-29,true,708075,157,33,33,1024,0
1774965722767,1033,GET Articles,200,Cenario 2 - Carga Crescente 2-21,true,708074,157,33,33,1032,0
1774965722816,1015,GET Articles,200,Cenario 2 - Carga Crescente 2-20,true,708074,157,33,33,1014,0
1774965722790,1067,GET Articles,200,Cenario 2 - Carga Crescente 2-30,true,708075,157,33,33,1066,0
1774965722887,1016,GET Articles,200,Cenario 2 - Carga Crescente 2-15,true,708074,157,33,33,1015,0
1774965722855,1076,GET Articles,200,Cenario 2 - Carga Crescente 2-16,true,708075,157,33,33,1075,0
1774965722916,1042,GET Articles,200,Cenario 2 - Carga Crescente 2-19,true,708075,157,33,33,1041,0
1774965722972,1018,GET Articles,200,Cenario 2 - Carga Crescente 2-5,true,708074,157,33,33,1018,0
1774965722998,1023,GET Articles,200,Cenario 2 - Carga Crescente 2-11,true,708075,157,33,33,1022,0
1774965723017,1031,GET Articles,200,Cenario 2 - Carga Crescente 2-6,true,708075,157,33,33,1030,0
1774965723086,996,GET Articles,200,Cenario 2 - Carga Crescente 2-23,true,708074,157,33,33,996,0
1774965723092,1014,GET Articles,200,Cenario 2 - Carga Crescente 2-25,true,708075,157,33,33,1014,0
1774965723116,1018,GET Articles,200,Cenario 2 - Carga Crescente 2-8,true,708075,157,33,33,1018,0
1774965723148,1042,GET Articles,200,Cenario 2 - Carga Crescente 2-26,true,708074,157,33,33,1041,0
1774965723177,1017,GET Articles,200,Cenario 2 - Carga Crescente 2-1,true,708074,157,33,33,1016,0
1774965723199,1019,GET Articles,200,Cenario 2 - Carga Crescente 2-7,true,708075,157,34,34,1018,0
1774965723234,1016,GET Articles,200,Cenario 2 - Carga Crescente 2-10,true,708074,157,34,34,1015,0
1774965723258,1015,GET Articles,200,Cenario 2 - Carga Crescente 2-17,true,708075,157,34,34,1014,0
1774965723282,1016,GET Articles,200,Cenario 2 - Carga Crescente 2-2,true,708075,157,34,34,1015,0
1774965723318,1016,GET Articles,200,Cenario 2 - Carga Crescente 2-4,true,708074,157,34,34,1015,0
1774965723353,1009,GET Articles,200,Cenario 2 - Carga Crescente 2-9,true,708075,157,34,34,1009,0
1774965723374,1016,GET Articles,200,Cenario 2 - Carga Crescente 2-27,true,708075,157,34,34,1015,0
1774965723436,995,GET Articles,200,Cenario 2 - Carga Crescente 2-22,true,708074,157,34,34,994,0
1774965723441,1017,GET Articles,200,Cenario 2 - Carga Crescente 2-33,true,708074,157,34,34,1016,0
1774965723466,1014,GET Articles,200,Cenario 2 - Carga Crescente 2-18,true,708075,157,34,34,1013,0
1774965723501,1010,GET Articles,200,Cenario 2 - Carga Crescente 2-24,true,708074,157,34,34,1009,0
1774965723527,1017,GET Articles,200,Cenario 2 - Carga Crescente 2-32,true,708075,157,34,34,1016,0
1774965723562,1020,GET Articles,200,Cenario 2 - Carga Crescente 2-13,true,708075,157,34,34,1020,0
1774965723603,1014,GET Articles,200,Cenario 2 - Carga Crescente 2-12,true,708074,157,34,34,1014,0
1774965723646,1002,GET Articles,200,Cenario 2 - Carga Crescente 2-3,true,708075,157,34,34,1000,0
1774965723651,1031,GET Articles,200,Cenario 2 - Carga Crescente 2-14,true,708075,157,34,34,1030,0
1774965723684,1031,GET Articles,200,Cenario 2 - Carga Crescente 2-28,true,708074,157,34,34,1030,0
1774965723732,1011,GET Articles,200,Cenario 2 - Carga Crescente 2-31,true,708075,157,34,34,1011,0
1774965723759,1008,GET Articles,200,Cenario 2 - Carga Crescente 2-29,true,708075,157,34,34,1007,0
1774965723800,998,GET Articles,200,Cenario 2 - Carga Crescente 2-21,true,708074,157,34,34,997,0
1774965723831,998,GET Articles,200,Cenario 2 - Carga Crescente 2-20,true,708075,157,34,34,997,0
1774965723857,1000,GET Articles,200,Cenario 2 - Carga Crescente 2-30,true,708075,157,34,34,1000,0
1774965723903,995,GET Articles,200,Cenario 2 - Carga Crescente 2-15,true,708074,157,34,34,994,0
1774965723932,1012,GET Articles,200,Cenario 2 - Carga Crescente 2-16,true,708075,157,34,34,1011,0
1774965723958,991,GET Articles,200,Cenario 2 - Carga Crescente 2-19,true,708075,157,34,34,991,0
1774965723991,998,GET Articles,200,Cenario 2 - Carga Crescente 2-5,true,708074,157,34,34,997,0
1774965724021,997,GET Articles,200,Cenario 2 - Carga Crescente 2-11,true,708075,157,34,34,996,0
1774965724048,991,GET Articles,200,Cenario 2 - Carga Crescente 2-6,true,708075,157,34,34,990,0
1774965724083,1006,GET Articles,200,Cenario 2 - Carga Crescente 2-23,true,708074,157,34,34,1005,0
1774965724107,987,GET Articles,200,Cenario 2 - Carga Crescente 2-25,true,708074,157,34,34,987,0
1774965724134,989,GET Articles,200,Cenario 2 - Carga Crescente 2-8,true,708075,157,34,34,988,0
1774965724190,965,GET Articles,200,Cenario 2 - Carga Crescente 2-26,true,708074,157,34,34,964,0
1774965724194,988,GET Articles,200,Cenario 2 - Carga Crescente 2-1,true,708075,157,34,34,988,0
1774965724214,993,GET Articles,200,Cenario 2 - Carga Crescente 2-34,true,708075,157,34,34,993,1
1774965724218,1030,GET Articles,200,Cenario 2 - Carga Crescente 2-7,true,708074,157,34,34,1029,0
1774965724250,1025,GET Articles,200,Cenario 2 - Carga Crescente 2-10,true,708075,157,34,34,1024,0
1774965724273,1025,GET Articles,200,Cenario 2 - Carga Crescente 2-17,true,708075,157,34,34,1024,0
1774965724299,1038,GET Articles,200,Cenario 2 - Carga Crescente 2-2,true,708074,157,34,34,1037,0
1774965724334,1059,GET Articles,200,Cenario 2 - Carga Crescente 2-4,true,708075,157,34,34,1058,0
1774965724363,1035,GET Articles,200,Cenario 2 - Carga Crescente 2-9,true,708075,157,34,34,1034,0
1774965724390,1047,GET Articles,200,Cenario 2 - Carga Crescente 2-27,true,708074,157,34,34,1046,0
1774965724431,1035,GET Articles,200,Cenario 2 - Carga Crescente 2-22,true,708075,157,34,34,1034,0
1774965724458,1040,GET Articles,200,Cenario 2 - Carga Crescente 2-33,true,708075,157,34,34,1039,0
1774965724480,1055,GET Articles,200,Cenario 2 - Carga Crescente 2-18,true,708074,157,34,34,1055,0
1774965724511,1053,GET Articles,200,Cenario 2 - Carga Crescente 2-24,true,708075,157,34,34,1053,0
1774965724544,1046,GET Articles,200,Cenario 2 - Carga Crescente 2-32,true,708075,157,34,34,1045,0
1774965724583,1046,GET Articles,200,Cenario 2 - Carga Crescente 2-13,true,708074,157,34,34,1046,0
1774965724618,1039,GET Articles,200,Cenario 2 - Carga Crescente 2-12,true,708075,157,34,34,1038,0
1774965724648,1038,GET Articles,200,Cenario 2 - Carga Crescente 2-3,true,708075,157,34,34,1037,0
1774965724682,1062,GET Articles,200,Cenario 2 - Carga Crescente 2-14,true,708074,157,34,34,1062,0
1774965724715,1066,GET Articles,200,Cenario 2 - Carga Crescente 2-28,true,708075,157,34,34,1066,0
1774965724743,1065,GET Articles,200,Cenario 2 - Carga Crescente 2-31,true,708076,157,34,34,1065,0
1774965724767,1077,GET Articles,200,Cenario 2 - Carga Crescente 2-29,true,708074,157,34,34,1076,0
1774965724798,1080,GET Articles,200,Cenario 2 - Carga Crescente 2-21,true,708075,157,34,34,1079,0
1774965724829,1069,GET Articles,200,Cenario 2 - Carga Crescente 2-20,true,708075,157,34,34,1069,0
1774965724857,1083,GET Articles,200,Cenario 2 - Carga Crescente 2-30,true,708074,157,34,34,1082,0
1774965724898,1064,GET Articles,200,Cenario 2 - Carga Crescente 2-15,true,708075,157,34,34,1063,0
1774965724944,1047,GET Articles,200,Cenario 2 - Carga Crescente 2-16,true,708075,157,34,34,1046,0
1774965724950,1088,GET Articles,200,Cenario 2 - Carga Crescente 2-19,true,708074,157,35,35,1087,0
1774965724989,1070,GET Articles,200,Cenario 2 - Carga Crescente 2-5,true,708075,157,35,35,1070,0
1774965725018,1076,GET Articles,200,Cenario 2 - Carga Crescente 2-11,true,708075,157,35,35,1074,0
1774965725039,1087,GET Articles,200,Cenario 2 - Carga Crescente 2-6,true,708074,157,35,35,1087,0
1774965725089,1073,GET Articles,200,Cenario 2 - Carga Crescente 2-23,true,708075,157,35,35,1072,0
1774965725094,1090,GET Articles,200,Cenario 2 - Carga Crescente 2-25,true,708075,157,35,35,1089,0
1774965725123,1092,GET Articles,200,Cenario 2 - Carga Crescente 2-8,true,708074,157,35,35,1092,0
1774965725155,1083,GET Articles,200,Cenario 2 - Carga Crescente 2-26,true,708075,157,35,35,1083,0
1774965725182,1084,GET Articles,200,Cenario 2 - Carga Crescente 2-1,true,708075,157,35,35,1084,1
1774965725207,1098,GET Articles,200,Cenario 2 - Carga Crescente 2-34,true,708074,157,35,35,1097,0
1774965725248,1087,GET Articles,200,Cenario 2 - Carga Crescente 2-7,true,708075,157,35,35,1086,0
1774965725275,1085,GET Articles,200,Cenario 2 - Carga Crescente 2-10,true,708075,157,35,35,1084,0
1774965725298,1100,GET Articles,200,Cenario 2 - Carga Crescente 2-17,true,708074,157,35,35,1099,0
1774965725337,1097,GET Articles,200,Cenario 2 - Carga Crescente 2-2,true,708075,157,35,35,1096,0
1774965725393,1076,GET Articles,200,Cenario 2 - Carga Crescente 2-4,true,708075,157,35,35,1075,0
1774965725398,1114,GET Articles,200,Cenario 2 - Carga Crescente 2-9,true,708074,157,35,35,1113,0
1774965725437,1106,GET Articles,200,Cenario 2 - Carga Crescente 2-27,true,708074,157,35,35,1106,0
1774965725466,1096,GET Articles,200,Cenario 2 - Carga Crescente 2-22,true,708075,157,35,35,1096,0
1774965725536,1062,GET Articles,200,Cenario 2 - Carga Crescente 2-18,true,708074,157,35,35,1061,0
1774965725564,1070,GET Articles,200,Cenario 2 - Carga Crescente 2-24,true,708075,157,35,35,1070,0
1774965725498,1164,GET Articles,200,Cenario 2 - Carga Crescente 2-33,true,708075,157,35,35,1164,0
1774965725590,1119,GET Articles,200,Cenario 2 - Carga Crescente 2-32,true,708074,157,35,35,1118,0
1774965725630,1106,GET Articles,200,Cenario 2 - Carga Crescente 2-13,true,708074,157,35,35,1105,0
1774965725657,1103,GET Articles,200,Cenario 2 - Carga Crescente 2-12,true,708075,157,35,35,1103,0
1774965725686,1111,GET Articles,200,Cenario 2 - Carga Crescente 2-3,true,708074,157,35,35,1111,0
1774965725744,1103,GET Articles,200,Cenario 2 - Carga Crescente 2-14,true,708075,157,35,35,1102,0
1774965725781,1071,GET Articles,200,Cenario 2 - Carga Crescente 2-28,true,708075,157,35,35,1070,0
1774965725808,1079,GET Articles,200,Cenario 2 - Carga Crescente 2-31,true,708074,157,35,35,1079,0
1774965725844,1070,GET Articles,200,Cenario 2 - Carga Crescente 2-29,true,708075,157,35,35,1070,0
1774965725878,1067,GET Articles,200,Cenario 2 - Carga Crescente 2-21,true,708075,157,35,35,1066,0
1774965725898,1088,GET Articles,200,Cenario 2 - Carga Crescente 2-20,true,708074,157,35,35,1087,0
1774965725940,1068,GET Articles,200,Cenario 2 - Carga Crescente 2-30,true,708075,157,35,35,1068,0
1774965725962,1074,GET Articles,200,Cenario 2 - Carga Crescente 2-15,true,708075,157,35,35,1073,0
1774965725991,1079,GET Articles,200,Cenario 2 - Carga Crescente 2-16,true,708074,157,35,35,1078,0
1774965726013,1082,GET Articles,200,Cenario 2 - Carga Crescente 2-35,true,708075,157,35,35,1081,1
1774965726038,1079,GET Articles,200,Cenario 2 - Carga Crescente 2-19,true,708075,157,35,35,1078,0
1774965726060,1101,GET Articles,200,Cenario 2 - Carga Crescente 2-5,true,708074,157,35,35,1100,0
1774965726094,1098,GET Articles,200,Cenario 2 - Carga Crescente 2-11,true,708075,157,35,35,1097,0
1774965726127,1093,GET Articles,200,Cenario 2 - Carga Crescente 2-6,true,708075,157,35,35,1092,0
1774965726162,1099,GET Articles,200,Cenario 2 - Carga Crescente 2-23,true,708074,157,35,35,1098,0
1774965726184,1119,GET Articles,200,Cenario 2 - Carga Crescente 2-25,true,708075,157,35,35,1118,0
1774965726216,1091,GET Articles,200,Cenario 2 - Carga Crescente 2-8,true,708075,157,35,35,1091,0
1774965726238,1110,GET Articles,200,Cenario 2 - Carga Crescente 2-26,true,708074,157,35,35,1109,0
1774965726266,1118,GET Articles,200,Cenario 2 - Carga Crescente 2-1,true,708075,157,35,35,1117,0
1774965726305,1109,GET Articles,200,Cenario 2 - Carga Crescente 2-34,true,708075,157,35,35,1108,0
1774965726335,1123,GET Articles,200,Cenario 2 - Carga Crescente 2-7,true,708074,157,35,35,1122,0
1774965726360,1123,GET Articles,200,Cenario 2 - Carga Crescente 2-10,true,708075,157,35,35,1122,0
1774965726398,1105,GET Articles,200,Cenario 2 - Carga Crescente 2-17,true,708075,157,35,35,1105,0
1774965726434,1107,GET Articles,200,Cenario 2 - Carga Crescente 2-2,true,708074,157,35,35,1106,0
1774965726469,1100,GET Articles,200,Cenario 2 - Carga Crescente 2-4,true,708075,157,35,35,1099,0
1774965726512,1080,GET Articles,200,Cenario 2 - Carga Crescente 2-9,true,708075,157,35,35,1079,0
1774965726543,1086,GET Articles,200,Cenario 2 - Carga Crescente 2-27,true,708074,157,35,35,1085,0
1774965726563,1087,GET Articles,200,Cenario 2 - Carga Crescente 2-22,true,708075,157,35,35,1086,0
1774965726598,1080,GET Articles,200,Cenario 2 - Carga Crescente 2-18,true,708075,157,35,35,1079,0
1774965726634,1118,GET Articles,200,Cenario 2 - Carga Crescente 2-24,true,708074,157,35,35,1117,0
1774965726663,1094,GET Articles,200,Cenario 2 - Carga Crescente 2-33,true,708074,157,35,35,1094,0
1774965726709,1082,GET Articles,200,Cenario 2 - Carga Crescente 2-32,true,708075,157,35,35,1081,0
1774965726798,1028,GET Articles,200,Cenario 2 - Carga Crescente 2-3,true,708074,157,36,36,1027,0
1774965726736,1118,GET Articles,200,Cenario 2 - Carga Crescente 2-13,true,708075,157,36,36,1117,0
1774965726761,1120,GET Articles,200,Cenario 2 - Carga Crescente 2-12,true,708075,157,36,36,1119,0
1774965726847,1078,GET Articles,200,Cenario 2 - Carga Crescente 2-14,true,708074,157,36,36,1077,0
1774965726852,1096,GET Articles,200,Cenario 2 - Carga Crescente 2-28,true,708074,157,36,36,1096,0
1774965726888,1083,GET Articles,200,Cenario 2 - Carga Crescente 2-31,true,708075,157,36,36,1083,0
1774965726914,1108,GET Articles,200,Cenario 2 - Carga Crescente 2-29,true,708074,157,36,36,1107,0
1774965726945,1113,GET Articles,200,Cenario 2 - Carga Crescente 2-21,true,708075,157,36,36,1113,0
1774965726986,1095,GET Articles,200,Cenario 2 - Carga Crescente 2-20,true,708075,157,36,36,1095,0
1774965727009,1129,GET Articles,200,Cenario 2 - Carga Crescente 2-30,true,708074,157,36,36,1128,0
1774965727070,1074,GET Articles,200,Cenario 2 - Carga Crescente 2-16,true,708074,157,36,36,1073,0
1774965727036,1136,GET Articles,200,Cenario 2 - Carga Crescente 2-15,true,708074,157,36,36,1135,0
1774965727095,1116,GET Articles,200,Cenario 2 - Carga Crescente 2-35,true,708074,157,36,36,1116,0
1774965727117,1119,GET Articles,200,Cenario 2 - Carga Crescente 2-19,true,708075,157,36,36,1119,0
1774965727161,1109,GET Articles,200,Cenario 2 - Carga Crescente 2-5,true,708075,157,36,36,1108,0
1774965727192,1117,GET Articles,200,Cenario 2 - Carga Crescente 2-11,true,708074,157,36,36,1116,0
1774965727220,1109,GET Articles,200,Cenario 2 - Carga Crescente 2-6,true,708074,157,36,36,1108,0
1774965727261,1096,GET Articles,200,Cenario 2 - Carga Crescente 2-23,true,708075,157,36,36,1095,0
1774965727303,1088,GET Articles,200,Cenario 2 - Carga Crescente 2-25,true,708074,157,36,36,1087,0
1774965727308,1118,GET Articles,200,Cenario 2 - Carga Crescente 2-8,true,708075,157,36,36,1117,0
1774965727348,1122,GET Articles,200,Cenario 2 - Carga Crescente 2-26,true,708075,157,36,36,1122,0
1774965727384,1125,GET Articles,200,Cenario 2 - Carga Crescente 2-1,true,708074,157,36,36,1125,0
1774965727414,1117,GET Articles,200,Cenario 2 - Carga Crescente 2-34,true,708075,157,36,36,1117,0
1774965727458,1095,GET Articles,200,Cenario 2 - Carga Crescente 2-7,true,708075,157,36,36,1095,0
1774965727483,1112,GET Articles,200,Cenario 2 - Carga Crescente 2-10,true,708074,157,36,36,1111,0
1774965727504,1127,GET Articles,200,Cenario 2 - Carga Crescente 2-17,true,708075,157,36,36,1127,0
1774965727541,1120,GET Articles,200,Cenario 2 - Carga Crescente 2-2,true,708075,157,36,36,1119,0
1774965727569,1132,GET Articles,200,Cenario 2 - Carga Crescente 2-4,true,708074,157,36,36,1131,0
1774965727592,1137,GET Articles,200,Cenario 2 - Carga Crescente 2-9,true,708075,157,36,36,1136,0
1774965727629,1122,GET Articles,200,Cenario 2 - Carga Crescente 2-27,true,708075,157,36,36,1121,0
1774965727650,1145,GET Articles,200,Cenario 2 - Carga Crescente 2-22,true,708074,157,36,36,1144,0
1774965727678,1166,GET Articles,200,Cenario 2 - Carga Crescente 2-18,true,708075,157,36,36,1165,0
1774965727752,1097,GET Articles,200,Cenario 2 - Carga Crescente 2-24,true,708075,157,36,36,1096,0
1774965727757,1126,GET Articles,200,Cenario 2 - Carga Crescente 2-33,true,708074,157,36,36,1125,0
1774965727791,1115,GET Articles,200,Cenario 2 - Carga Crescente 2-32,true,708075,157,36,36,1114,0
1774965727813,1115,GET Articles,200,Cenario 2 - Carga Crescente 2-36,true,708075,157,36,36,1114,0
1774965727826,1155,GET Articles,200,Cenario 2 - Carga Crescente 2-3,true,708074,157,36,36,1154,0
1774965727854,1134,GET Articles,200,Cenario 2 - Carga Crescente 2-13,true,708074,157,36,36,1133,0
1774965727881,1128,GET Articles,200,Cenario 2 - Carga Crescente 2-12,true,708075,157,36,36,1128,0
1774965727925,1120,GET Articles,200,Cenario 2 - Carga Crescente 2-14,true,708074,157,36,36,1119,0
1774965727949,1119,GET Articles,200,Cenario 2 - Carga Crescente 2-28,true,708075,157,36,36,1118,0
1774965727972,1118,GET Articles,200,Cenario 2 - Carga Crescente 2-31,true,708075,157,36,36,1117,0
1774965728022,1104,GET Articles,200,Cenario 2 - Carga Crescente 2-29,true,708074,157,36,36,1103,0
1774965728059,1095,GET Articles,200,Cenario 2 - Carga Crescente 2-21,true,708075,157,36,36,1095,0
1774965728081,1098,GET Articles,200,Cenario 2 - Carga Crescente 2-20,true,708075,157,36,36,1097,0
1774965728138,1077,GET Articles,200,Cenario 2 - Carga Crescente 2-30,true,708074,157,36,36,1075,0
1774965728144,1093,GET Articles,200,Cenario 2 - Carga Crescente 2-16,true,708075,157,36,36,1093,0
1774965728172,1094,GET Articles,200,Cenario 2 - Carga Crescente 2-15,true,708075,157,36,36,1093,0
1774965728212,1088,GET Articles,200,Cenario 2 - Carga Crescente 2-35,true,708074,157,36,36,1087,0
1774965728237,1107,GET Articles,200,Cenario 2 - Carga Crescente 2-19,true,708075,157,36,36,1106,0
1774965728270,1099,GET Articles,200,Cenario 2 - Carga Crescente 2-5,true,708075,157,36,36,1098,0
1774965728309,1100,GET Articles,200,Cenario 2 - Carga Crescente 2-11,true,708074,157,36,36,1099,0
1774965728329,1104,GET Articles,200,Cenario 2 - Carga Crescente 2-6,true,708075,157,36,36,1104,0
1774965728357,1103,GET Articles,200,Cenario 2 - Carga Crescente 2-23,true,708075,157,36,36,1103,0
1774965728391,1109,GET Articles,200,Cenario 2 - Carga Crescente 2-25,true,708074,157,36,36,1108,0
1774965728426,1102,GET Articles,200,Cenario 2 - Carga Crescente 2-8,true,708075,157,36,36,1101,0
1774965728471,1092,GET Articles,200,Cenario 2 - Carga Crescente 2-26,true,708075,157,36,36,1092,0
1774965728509,1091,GET Articles,200,Cenario 2 - Carga Crescente 2-1,true,708074,157,36,36,1090,0
1774965728532,1109,GET Articles,200,Cenario 2 - Carga Crescente 2-34,true,708075,157,37,37,1108,0
1774965728553,1112,GET Articles,200,Cenario 2 - Carga Crescente 2-7,true,708075,157,37,37,1112,0
1774965728595,1106,GET Articles,200,Cenario 2 - Carga Crescente 2-10,true,708074,157,37,37,1106,0
1774965728631,1100,GET Articles,200,Cenario 2 - Carga Crescente 2-17,true,708075,157,37,37,1099,0
1774965728661,1090,GET Articles,200,Cenario 2 - Carga Crescente 2-2,true,708075,157,37,37,1090,0
1774965728701,1090,GET Articles,200,Cenario 2 - Carga Crescente 2-4,true,708074,157,37,37,1089,0
1774965728729,1093,GET Articles,200,Cenario 2 - Carga Crescente 2-9,true,708075,157,37,37,1093,0
1774965728751,1094,GET Articles,200,Cenario 2 - Carga Crescente 2-27,true,708075,157,37,37,1094,0
1774965728795,1106,GET Articles,200,Cenario 2 - Carga Crescente 2-22,true,708074,157,37,37,1105,0
1774965728844,1061,GET Articles,200,Cenario 2 - Carga Crescente 2-18,true,708074,157,37,37,1060,0
1774965728849,1080,GET Articles,200,Cenario 2 - Carga Crescente 2-24,true,708075,157,37,37,1079,0
1774965728883,1100,GET Articles,200,Cenario 2 - Carga Crescente 2-33,true,708074,157,37,37,1099,0
1774965728906,1082,GET Articles,200,Cenario 2 - Carga Crescente 2-32,true,708074,157,37,37,1082,0
1774965728928,1085,GET Articles,200,Cenario 2 - Carga Crescente 2-36,true,708075,157,37,37,1084,0
1774965728988,1063,GET Articles,200,Cenario 2 - Carga Crescente 2-13,true,708074,157,37,37,1063,0
1774965728982,1097,GET Articles,200,Cenario 2 - Carga Crescente 2-3,true,708075,157,37,37,1096,1
1774965729010,1104,GET Articles,200,Cenario 2 - Carga Crescente 2-12,true,708075,157,37,37,1103,0
1774965729045,1111,GET Articles,200,Cenario 2 - Carga Crescente 2-14,true,708074,157,37,37,1110,0
1774965729068,1116,GET Articles,200,Cenario 2 - Carga Crescente 2-28,true,708075,157,37,37,1115,0
1774965729090,1119,GET Articles,200,Cenario 2 - Carga Crescente 2-31,true,708075,157,37,37,1118,0
1774965729126,1123,GET Articles,200,Cenario 2 - Carga Crescente 2-29,true,708074,157,37,37,1122,0
1774965729155,1117,GET Articles,200,Cenario 2 - Carga Crescente 2-21,true,708075,157,37,37,1116,0
1774965729179,1129,GET Articles,200,Cenario 2 - Carga Crescente 2-20,true,708075,157,37,37,1128,0
1774965729215,1135,GET Articles,200,Cenario 2 - Carga Crescente 2-30,true,708074,157,37,37,1135,0
1774965729238,1137,GET Articles,200,Cenario 2 - Carga Crescente 2-16,true,708075,157,37,37,1136,0
1774965729266,1146,GET Articles,200,Cenario 2 - Carga Crescente 2-15,true,708075,157,37,37,1146,0
1774965729300,1153,GET Articles,200,Cenario 2 - Carga Crescente 2-35,true,708074,157,37,37,1153,0
1774965729344,1137,GET Articles,200,Cenario 2 - Carga Crescente 2-19,true,708075,157,37,37,1137,0
1774965729369,1133,GET Articles,200,Cenario 2 - Carga Crescente 2-5,true,708075,157,37,37,1133,0
1774965729409,1129,GET Articles,200,Cenario 2 - Carga Crescente 2-11,true,708074,157,37,37,1128,0
1774965729433,1132,GET Articles,200,Cenario 2 - Carga Crescente 2-6,true,708075,157,37,37,1132,0
1774965729461,1127,GET Articles,200,Cenario 2 - Carga Crescente 2-23,true,708075,157,37,37,1126,0
1774965729500,1122,GET Articles,200,Cenario 2 - Carga Crescente 2-25,true,708074,157,37,37,1121,0
1774965729528,1122,GET Articles,200,Cenario 2 - Carga Crescente 2-8,true,708075,157,37,37,1121,0
1774965729563,1113,GET Articles,200,Cenario 2 - Carga Crescente 2-26,true,708075,157,37,37,1113,0
1774965729600,1118,GET Articles,200,Cenario 2 - Carga Crescente 2-1,true,708074,157,37,37,1117,0
1774965729614,1126,GET Articles,200,Cenario 2 - Carga Crescente 2-37,true,708075,157,37,37,1125,1
1774965729641,1128,GET Articles,200,Cenario 2 - Carga Crescente 2-34,true,708075,157,37,37,1127,0
1774965729665,1145,GET Articles,200,Cenario 2 - Carga Crescente 2-7,true,708074,157,37,37,1145,0
1774965729702,1135,GET Articles,200,Cenario 2 - Carga Crescente 2-10,true,708075,157,37,37,1134,0
1774965729731,1126,GET Articles,200,Cenario 2 - Carga Crescente 2-17,true,708075,157,37,37,1125,0
1774965729752,1154,GET Articles,200,Cenario 2 - Carga Crescente 2-2,true,708074,157,37,37,1153,0
1774965729791,1142,GET Articles,200,Cenario 2 - Carga Crescente 2-4,true,708074,157,37,37,1141,0
1774965729822,1138,GET Articles,200,Cenario 2 - Carga Crescente 2-9,true,708075,157,37,37,1137,0
1774965729846,1157,GET Articles,200,Cenario 2 - Carga Crescente 2-27,true,708074,157,37,37,1156,0
1774965729901,1125,GET Articles,200,Cenario 2 - Carga Crescente 2-22,true,708075,157,37,37,1124,0
1774965729905,1156,GET Articles,200,Cenario 2 - Carga Crescente 2-18,true,708075,157,37,37,1155,0
1774965729929,1188,GET Articles,200,Cenario 2 - Carga Crescente 2-24,true,708074,157,37,37,1187,0
1774965729983,1140,GET Articles,200,Cenario 2 - Carga Crescente 2-33,true,708074,157,37,37,1139,0
1774965729989,1161,GET Articles,200,Cenario 2 - Carga Crescente 2-32,true,708075,157,37,37,1160,0
1774965730013,1180,GET Articles,200,Cenario 2 - Carga Crescente 2-36,true,708074,157,37,37,1180,0
1774965730051,1163,GET Articles,200,Cenario 2 - Carga Crescente 2-13,true,708074,157,37,37,1163,0
1774965730079,1164,GET Articles,200,Cenario 2 - Carga Crescente 2-3,true,708075,157,37,37,1163,0
1774965730114,1169,GET Articles,200,Cenario 2 - Carga Crescente 2-12,true,708074,157,37,37,1168,0
1774965730156,1154,GET Articles,200,Cenario 2 - Carga Crescente 2-14,true,708074,157,37,37,1154,0
1774965730184,1153,GET Articles,200,Cenario 2 - Carga Crescente 2-28,true,708075,157,37,37,1152,0
1774965730249,1123,GET Articles,200,Cenario 2 - Carga Crescente 2-29,true,708074,157,37,37,1122,0
1774965730209,1190,GET Articles,200,Cenario 2 - Carga Crescente 2-31,true,708075,157,37,37,1189,0
1774965730272,1152,GET Articles,200,Cenario 2 - Carga Crescente 2-21,true,708075,157,38,38,1151,0
1774965730308,1157,GET Articles,200,Cenario 2 - Carga Crescente 2-20,true,708074,157,38,38,1156,0
1774965730350,1144,GET Articles,200,Cenario 2 - Carga Crescente 2-30,true,708075,157,38,38,1143,0
1774965730375,1143,GET Articles,200,Cenario 2 - Carga Crescente 2-16,true,708075,157,38,38,1143,0
1774965730412,1144,GET Articles,200,Cenario 2 - Carga Crescente 2-15,true,708074,157,38,38,1143,0
1774965730454,1129,GET Articles,200,Cenario 2 - Carga Crescente 2-35,true,708075,157,38,38,1128,0
1774965730481,1128,GET Articles,200,Cenario 2 - Carga Crescente 2-19,true,708075,157,38,38,1127,0
1774965730503,1147,GET Articles,200,Cenario 2 - Carga Crescente 2-5,true,708074,157,38,38,1146,0
1774965730538,1139,GET Articles,200,Cenario 2 - Carga Crescente 2-11,true,708074,157,38,38,1138,0
1774965730566,1169,GET Articles,200,Cenario 2 - Carga Crescente 2-6,true,708076,157,38,38,1168,0
1774965730588,1204,GET Articles,200,Cenario 2 - Carga Crescente 2-23,true,708074,157,38,38,1203,0
1774965730622,1176,GET Articles,200,Cenario 2 - Carga Crescente 2-25,true,708074,157,38,38,1175,0
1774965730650,1167,GET Articles,200,Cenario 2 - Carga Crescente 2-8,true,708075,157,38,38,1167,0
1774965730740,1114,GET Articles,200,Cenario 2 - Carga Crescente 2-37,true,708074,157,38,38,1114,0
1774965730677,1208,GET Articles,200,Cenario 2 - Carga Crescente 2-26,true,708074,157,38,38,1208,0
1774965730718,1187,GET Articles,200,Cenario 2 - Carga Crescente 2-1,true,708075,157,38,38,1186,0
1774965730769,1170,GET Articles,200,Cenario 2 - Carga Crescente 2-34,true,708074,157,38,38,1170,0
1774965730811,1158,GET Articles,200,Cenario 2 - Carga Crescente 2-7,true,708075,157,38,38,1157,0
1774965730837,1164,GET Articles,200,Cenario 2 - Carga Crescente 2-10,true,708075,157,38,38,1163,0
1774965730857,1192,GET Articles,200,Cenario 2 - Carga Crescente 2-17,true,708074,157,38,38,1191,0
1774965730906,1178,GET Articles,200,Cenario 2 - Carga Crescente 2-2,true,708075,157,38,38,1177,0
1774965730933,1179,GET Articles,200,Cenario 2 - Carga Crescente 2-4,true,708075,157,38,38,1178,1
1774965730960,1187,GET Articles,200,Cenario 2 - Carga Crescente 2-9,true,708074,157,38,38,1186,0
1774965731003,1170,GET Articles,200,Cenario 2 - Carga Crescente 2-27,true,708075,157,38,38,1169,0
1774965731026,1170,GET Articles,200,Cenario 2 - Carga Crescente 2-22,true,708075,157,38,38,1169,0
1774965731061,1177,GET Articles,200,Cenario 2 - Carga Crescente 2-18,true,708074,157,38,38,1176,0
1774965731117,1141,GET Articles,200,Cenario 2 - Carga Crescente 2-24,true,708074,157,38,38,1140,0
1774965731123,1163,GET Articles,200,Cenario 2 - Carga Crescente 2-33,true,708075,157,38,38,1162,0
1774965731150,1186,GET Articles,200,Cenario 2 - Carga Crescente 2-32,true,708074,157,38,38,1184,0
1774965731193,1164,GET Articles,200,Cenario 2 - Carga Crescente 2-36,true,708075,157,38,38,1164,0
1774965731215,1168,GET Articles,200,Cenario 2 - Carga Crescente 2-13,true,708075,157,38,38,1167,0
1774965731243,1179,GET Articles,200,Cenario 2 - Carga Crescente 2-3,true,708074,157,38,38,1179,0
1774965731283,1168,GET Articles,200,Cenario 2 - Carga Crescente 2-12,true,708075,157,38,38,1167,0
1774965731311,1166,GET Articles,200,Cenario 2 - Carga Crescente 2-14,true,708075,157,38,38,1166,0
1774965731337,1181,GET Articles,200,Cenario 2 - Carga Crescente 2-28,true,708074,157,38,38,1181,0
1774965731372,1175,GET Articles,200,Cenario 2 - Carga Crescente 2-29,true,708075,157,38,38,1174,0
1774965731399,1174,GET Articles,200,Cenario 2 - Carga Crescente 2-31,true,708075,157,38,38,1173,0
1774965731414,1196,GET Articles,200,Cenario 2 - Carga Crescente 2-38,true,708074,157,38,38,1195,1
1774965731424,1213,GET Articles,200,Cenario 2 - Carga Crescente 2-21,true,708075,157,38,38,1212,0
1774965731465,1194,GET Articles,200,Cenario 2 - Carga Crescente 2-20,true,708075,157,38,38,1193,0
1774965731494,1199,GET Articles,200,Cenario 2 - Carga Crescente 2-30,true,708074,157,38,38,1198,0
1774965731519,1201,GET Articles,200,Cenario 2 - Carga Crescente 2-16,true,708075,157,38,38,1200,0
1774965731556,1192,GET Articles,200,Cenario 2 - Carga Crescente 2-15,true,708075,157,38,38,1191,0
1774965731583,1207,GET Articles,200,Cenario 2 - Carga Crescente 2-35,true,708074,157,38,38,1206,0
1774965731609,1212,GET Articles,200,Cenario 2 - Carga Crescente 2-19,true,708075,157,38,38,1211,0
1774965731650,1200,GET Articles,200,Cenario 2 - Carga Crescente 2-5,true,708075,157,38,38,1199,0
1774965731677,1213,GET Articles,200,Cenario 2 - Carga Crescente 2-11,true,708074,157,38,38,1212,0
1774965731735,1179,GET Articles,200,Cenario 2 - Carga Crescente 2-6,true,708075,157,38,38,1178,0
1774965731792,1151,GET Articles,200,Cenario 2 - Carga Crescente 2-23,true,708075,157,38,38,1150,0
1774965731798,1182,GET Articles,200,Cenario 2 - Carga Crescente 2-25,true,708074,157,38,38,1181,0
1774965731817,1186,GET Articles,200,Cenario 2 - Carga Crescente 2-8,true,708075,157,38,38,1185,0
1774965731855,1171,GET Articles,200,Cenario 2 - Carga Crescente 2-37,true,708075,157,38,38,1170,0
1774965731886,1175,GET Articles,200,Cenario 2 - Carga Crescente 2-26,true,708074,157,38,38,1174,0
1774965731905,1192,GET Articles,200,Cenario 2 - Carga Crescente 2-1,true,708075,157,38,38,1191,0
1774965731940,1182,GET Articles,200,Cenario 2 - Carga Crescente 2-34,true,708075,157,38,38,1181,0
1774965731969,1190,GET Articles,200,Cenario 2 - Carga Crescente 2-7,true,708074,157,38,38,1189,0
1774965732001,1184,GET Articles,200,Cenario 2 - Carga Crescente 2-10,true,708075,157,38,38,1183,0
1774965732049,1160,GET Articles,200,Cenario 2 - Carga Crescente 2-17,true,708075,157,38,38,1160,0
1774965732084,1170,GET Articles,200,Cenario 2 - Carga Crescente 2-2,true,708074,157,39,39,1170,0
1774965732112,1164,GET Articles,200,Cenario 2 - Carga Crescente 2-4,true,708074,157,39,39,1163,0
1774965732147,1153,GET Articles,200,Cenario 2 - Carga Crescente 2-9,true,708075,157,39,39,1153,0
1774965732173,1164,GET Articles,200,Cenario 2 - Carga Crescente 2-27,true,708074,157,39,39,1163,0
1774965732196,1167,GET Articles,200,Cenario 2 - Carga Crescente 2-22,true,708075,157,39,39,1167,0
1774965732238,1154,GET Articles,200,Cenario 2 - Carga Crescente 2-18,true,708075,157,39,39,1153,0
1774965732258,1176,GET Articles,200,Cenario 2 - Carga Crescente 2-24,true,708074,157,39,39,1176,0
1774965732336,1158,GET Articles,200,Cenario 2 - Carga Crescente 2-32,true,708075,157,39,39,1157,0
1774965732286,1214,GET Articles,200,Cenario 2 - Carga Crescente 2-33,true,708075,157,39,39,1213,0
1774965732357,1198,GET Articles,200,Cenario 2 - Carga Crescente 2-36,true,708074,157,39,39,1198,0
1774965732383,1196,GET Articles,200,Cenario 2 - Carga Crescente 2-13,true,708075,157,39,39,1195,0
1774965732423,1179,GET Articles,200,Cenario 2 - Carga Crescente 2-3,true,708075,157,39,39,1178,0
1774965732451,1194,GET Articles,200,Cenario 2 - Carga Crescente 2-12,true,708074,157,39,39,1193,0
1774965732478,1187,GET Articles,200,Cenario 2 - Carga Crescente 2-14,true,708074,157,39,39,1187,0
1774965732518,1182,GET Articles,200,Cenario 2 - Carga Crescente 2-28,true,708075,157,39,39,1182,0
1774965732573,1187,GET Articles,200,Cenario 2 - Carga Crescente 2-31,true,708074,157,39,39,1187,0
1774965732547,1241,GET Articles,200,Cenario 2 - Carga Crescente 2-29,true,708074,157,39,39,1241,0
1774965732610,1184,GET Articles,200,Cenario 2 - Carga Crescente 2-38,true,708074,157,39,39,1184,0
1774965732637,1210,GET Articles,200,Cenario 2 - Carga Crescente 2-21,true,708074,157,39,39,1209,0
1774965732659,1193,GET Articles,200,Cenario 2 - Carga Crescente 2-20,true,708074,157,39,39,1192,0
1774965732693,1195,GET Articles,200,Cenario 2 - Carga Crescente 2-30,true,708075,157,39,39,1194,0
1774965732720,1208,GET Articles,200,Cenario 2 - Carga Crescente 2-16,true,708074,157,39,39,1207,0
1774965732748,1208,GET Articles,200,Cenario 2 - Carga Crescente 2-15,true,708075,157,39,39,1207,0
1774965732790,1201,GET Articles,200,Cenario 2 - Carga Crescente 2-35,true,708075,157,39,39,1200,0
1774965732821,1208,GET Articles,200,Cenario 2 - Carga Crescente 2-19,true,708074,157,39,39,1207,0
1774965732850,1206,GET Articles,200,Cenario 2 - Carga Crescente 2-5,true,708075,157,39,39,1205,0
1774965732890,1192,GET Articles,200,Cenario 2 - Carga Crescente 2-11,true,708075,157,39,39,1191,0
1774965732914,1204,GET Articles,200,Cenario 2 - Carga Crescente 2-6,true,708074,157,39,39,1203,0
1774965732943,1197,GET Articles,200,Cenario 2 - Carga Crescente 2-23,true,708075,157,39,39,1196,0
1774965732980,1183,GET Articles,200,Cenario 2 - Carga Crescente 2-25,true,708075,157,39,39,1183,0
1774965733003,1217,GET Articles,200,Cenario 2 - Carga Crescente 2-8,true,708074,157,39,39,1217,0
1774965733026,1199,GET Articles,200,Cenario 2 - Carga Crescente 2-37,true,708074,157,39,39,1198,0
1774965733061,1192,GET Articles,200,Cenario 2 - Carga Crescente 2-26,true,708075,157,39,39,1191,0
1774965733122,1163,GET Articles,200,Cenario 2 - Carga Crescente 2-34,true,708074,157,39,39,1163,0
1774965733097,1211,GET Articles,200,Cenario 2 - Carga Crescente 2-1,true,708075,157,39,39,1210,0
1774965733159,1184,GET Articles,200,Cenario 2 - Carga Crescente 2-7,true,708075,157,39,39,1183,0
1774965733185,1200,GET Articles,200,Cenario 2 - Carga Crescente 2-10,true,708074,157,39,39,1199,0
1774965733210,1201,GET Articles,200,Cenario 2 - Carga Crescente 2-17,true,708075,157,39,39,1200,0
1774965733213,1223,GET Articles,200,Cenario 2 - Carga Crescente 2-39,true,708075,157,39,39,1222,0
1774965733255,1222,GET Articles,200,Cenario 2 - Carga Crescente 2-2,true,708074,157,39,39,1221,0
1774965733276,1228,GET Articles,200,Cenario 2 - Carga Crescente 2-4,true,708075,157,39,39,1227,0
1774965733300,1232,GET Articles,200,Cenario 2 - Carga Crescente 2-9,true,708075,157,39,39,1231,0
1774965733337,1239,GET Articles,200,Cenario 2 - Carga Crescente 2-27,true,708074,157,39,39,1238,0
1774965733363,1233,GET Articles,200,Cenario 2 - Carga Crescente 2-22,true,708074,157,39,39,1233,0
1774965733392,1233,GET Articles,200,Cenario 2 - Carga Crescente 2-18,true,708075,157,39,39,1232,0
1774965733435,1228,GET Articles,200,Cenario 2 - Carga Crescente 2-24,true,708074,157,39,39,1227,0
1774965733494,1209,GET Articles,200,Cenario 2 - Carga Crescente 2-32,true,708074,157,39,39,1208,0
1774965733500,1208,GET Articles,200,Cenario 2 - Carga Crescente 2-33,true,708075,157,39,39,1207,0
1774965733556,1195,GET Articles,200,Cenario 2 - Carga Crescente 2-36,true,708074,157,39,39,1195,0
1774965733579,1206,GET Articles,200,Cenario 2 - Carga Crescente 2-13,true,708075,157,39,39,1205,0
1774965733602,1209,GET Articles,200,Cenario 2 - Carga Crescente 2-3,true,708075,157,39,39,1208,0
1774965733645,1208,GET Articles,200,Cenario 2 - Carga Crescente 2-12,true,708074,157,39,39,1208,0
1774965733701,1198,GET Articles,200,Cenario 2 - Carga Crescente 2-28,true,708075,157,39,39,1198,0
1774965733665,1239,GET Articles,200,Cenario 2 - Carga Crescente 2-14,true,708075,157,39,39,1238,0
1774965733760,1180,GET Articles,200,Cenario 2 - Carga Crescente 2-31,true,708074,157,39,39,1179,0
1774965733788,1184,GET Articles,200,Cenario 2 - Carga Crescente 2-29,true,708075,157,39,39,1183,0
1774965733794,1203,GET Articles,200,Cenario 2 - Carga Crescente 2-38,true,708075,157,39,39,1202,0
1774965733847,1224,GET Articles,200,Cenario 2 - Carga Crescente 2-21,true,708074,157,40,40,1223,0
1774965733852,1223,GET Articles,200,Cenario 2 - Carga Crescente 2-20,true,708074,157,40,40,1222,0
1774965733888,1216,GET Articles,200,Cenario 2 - Carga Crescente 2-30,true,708075,157,40,40,1216,0
1774965733956,1202,GET Articles,200,Cenario 2 - Carga Crescente 2-15,true,708074,157,40,40,1201,0
1774965733928,1234,GET Articles,200,Cenario 2 - Carga Crescente 2-16,true,708074,157,40,40,1233,0
1774965733991,1193,GET Articles,200,Cenario 2 - Carga Crescente 2-35,true,708075,157,40,40,1192,0
1774965734029,1197,GET Articles,200,Cenario 2 - Carga Crescente 2-19,true,708074,157,40,40,1196,0
1774965734056,1204,GET Articles,200,Cenario 2 - Carga Crescente 2-5,true,708074,157,40,40,1203,0
1774965734082,1201,GET Articles,200,Cenario 2 - Carga Crescente 2-11,true,708075,157,40,40,1201,0
1774965734140,1184,GET Articles,200,Cenario 2 - Carga Crescente 2-23,true,708074,157,40,40,1183,0
1774965734118,1227,GET Articles,200,Cenario 2 - Carga Crescente 2-6,true,708074,157,40,40,1226,0
1774965734164,1216,GET Articles,200,Cenario 2 - Carga Crescente 2-25,true,708075,157,40,40,1215,0
1774965734221,1196,GET Articles,200,Cenario 2 - Carga Crescente 2-8,true,708074,157,40,40,1194,0
1774965734225,1212,GET Articles,200,Cenario 2 - Carga Crescente 2-37,true,708075,157,40,40,1211,0
1774965734253,1215,GET Articles,200,Cenario 2 - Carga Crescente 2-26,true,708075,157,40,40,1214,0
1774965734286,1219,GET Articles,200,Cenario 2 - Carga Crescente 2-34,true,708074,157,40,40,1219,0
1774965734308,1227,GET Articles,200,Cenario 2 - Carga Crescente 2-1,true,708075,157,40,40,1226,0
1774965734343,1212,GET Articles,200,Cenario 2 - Carga Crescente 2-7,true,708075,157,40,40,1211,0
1774965734385,1208,GET Articles,200,Cenario 2 - Carga Crescente 2-10,true,708074,157,40,40,1208,0
1774965734411,1224,GET Articles,200,Cenario 2 - Carga Crescente 2-17,true,708075,157,40,40,1223,0
1774965734436,1205,GET Articles,200,Cenario 2 - Carga Crescente 2-39,true,708075,157,40,40,1204,0
1774965734477,1203,GET Articles,200,Cenario 2 - Carga Crescente 2-2,true,708074,157,40,40,1202,0
1774965734504,1198,GET Articles,200,Cenario 2 - Carga Crescente 2-4,true,708074,157,40,40,1197,0
1774965734532,1194,GET Articles,200,Cenario 2 - Carga Crescente 2-9,true,708075,157,40,40,1193,0
1774965734577,1194,GET Articles,200,Cenario 2 - Carga Crescente 2-27,true,708074,157,40,40,1193,0
1774965734598,1195,GET Articles,200,Cenario 2 - Carga Crescente 2-22,true,708075,157,40,40,1194,0
1774965734626,1188,GET Articles,200,Cenario 2 - Carga Crescente 2-18,true,708075,157,40,40,1188,0
1774965734664,1206,GET Articles,200,Cenario 2 - Carga Crescente 2-24,true,708074,157,40,40,1205,0
1774965734704,1170,GET Articles,200,Cenario 2 - Carga Crescente 2-32,true,708074,157,40,40,1169,0
1774965734709,1188,GET Articles,200,Cenario 2 - Carga Crescente 2-33,true,708075,157,40,40,1187,0
1774965734786,1169,GET Articles,200,Cenario 2 - Carga Crescente 2-13,true,708074,157,40,40,1168,0
1774965734753,1237,GET Articles,200,Cenario 2 - Carga Crescente 2-36,true,708075,157,40,40,1236,0
1774965734812,1207,GET Articles,200,Cenario 2 - Carga Crescente 2-3,true,708076,157,40,40,1206,0
1774965734854,1211,GET Articles,200,Cenario 2 - Carga Crescente 2-12,true,708074,157,40,40,1210,0
1774965734901,1185,GET Articles,200,Cenario 2 - Carga Crescente 2-28,true,708075,157,40,40,1184,0
1774965734905,1215,GET Articles,200,Cenario 2 - Carga Crescente 2-14,true,708075,157,40,40,1215,0
1774965734941,1214,GET Articles,200,Cenario 2 - Carga Crescente 2-31,true,708074,157,40,40,1214,0
1774965734973,1210,GET Articles,200,Cenario 2 - Carga Crescente 2-29,true,708075,157,40,40,1209,0
1774965734998,1212,GET Articles,200,Cenario 2 - Carga Crescente 2-38,true,708075,157,40,40,1211,0
1774965735014,1229,GET Articles,200,Cenario 2 - Carga Crescente 2-40,true,708074,157,40,40,1229,0
1774965735072,1199,GET Articles,200,Cenario 2 - Carga Crescente 2-21,true,708075,157,40,40,1198,0
1774965735076,1223,GET Articles,200,Cenario 2 - Carga Crescente 2-20,true,708075,157,40,40,1223,0
1774965735106,1246,GET Articles,200,Cenario 2 - Carga Crescente 2-30,true,708074,157,40,40,1246,0
1774965735159,1197,GET Articles,200,Cenario 2 - Carga Crescente 2-15,true,708074,157,40,40,1197,0
1774965735163,1222,GET Articles,200,Cenario 2 - Carga Crescente 2-16,true,708075,157,40,40,1221,0
1774965735227,1213,GET Articles,200,Cenario 2 - Carga Crescente 2-19,true,708074,157,40,40,1212,0
1774965735185,1260,GET Articles,200,Cenario 2 - Carga Crescente 2-35,true,708074,157,40,40,1260,0
1774965735261,1214,GET Articles,200,Cenario 2 - Carga Crescente 2-5,true,708075,157,40,40,1213,0
1774965735285,1226,GET Articles,200,Cenario 2 - Carga Crescente 2-11,true,708074,157,40,40,1226,0
1774965735325,1216,GET Articles,200,Cenario 2 - Carga Crescente 2-23,true,708074,157,40,40,1215,0
1774965735346,1223,GET Articles,200,Cenario 2 - Carga Crescente 2-6,true,708075,157,40,40,1222,0
1774965735419,1191,GET Articles,200,Cenario 2 - Carga Crescente 2-8,true,708074,157,40,40,1191,0
1774965735381,1251,GET Articles,200,Cenario 2 - Carga Crescente 2-25,true,708074,157,40,40,1251,0
1774965735438,1220,GET Articles,200,Cenario 2 - Carga Crescente 2-37,true,708075,157,40,40,1219,0
1774965735469,1233,GET Articles,200,Cenario 2 - Carga Crescente 2-26,true,708074,157,40,40,1232,0
1774965735507,1217,GET Articles,200,Cenario 2 - Carga Crescente 2-34,true,708075,157,40,40,1217,0
1774965735536,1216,GET Articles,200,Cenario 2 - Carga Crescente 2-1,true,708075,157,40,40,1215,0
1774965735556,1232,GET Articles,200,Cenario 2 - Carga Crescente 2-7,true,708074,157,40,40,1231,0
1774965735595,1222,GET Articles,200,Cenario 2 - Carga Crescente 2-10,true,708075,157,41,41,1221,0
1774965735636,1202,GET Articles,200,Cenario 2 - Carga Crescente 2-17,true,708075,157,41,41,1201,0
1774965735642,1231,GET Articles,200,Cenario 2 - Carga Crescente 2-39,true,708074,157,41,41,1230,0
1774965735681,1218,GET Articles,200,Cenario 2 - Carga Crescente 2-2,true,708075,157,41,41,1217,0
1774965735703,1238,GET Articles,200,Cenario 2 - Carga Crescente 2-4,true,708075,157,41,41,1237,0
1774965735727,1253,GET Articles,200,Cenario 2 - Carga Crescente 2-9,true,708074,157,41,41,1252,0
1774965735771,1233,GET Articles,200,Cenario 2 - Carga Crescente 2-27,true,708075,157,41,41,1232,0
1774965735793,1238,GET Articles,200,Cenario 2 - Carga Crescente 2-22,true,708075,157,41,41,1238,0
1774965735870,1198,GET Articles,200,Cenario 2 - Carga Crescente 2-24,true,708074,157,41,41,1197,0
1774965735815,1275,GET Articles,200,Cenario 2 - Carga Crescente 2-18,true,708075,157,41,41,1275,0
1774965735874,1245,GET Articles,200,Cenario 2 - Carga Crescente 2-32,true,708075,157,41,41,1244,0
1774965735897,1266,GET Articles,200,Cenario 2 - Carga Crescente 2-33,true,708074,157,41,41,1265,0
1774965735955,1232,GET Articles,200,Cenario 2 - Carga Crescente 2-13,true,708075,157,41,41,1231,0
1774965735990,1220,GET Articles,200,Cenario 2 - Carga Crescente 2-36,true,708075,157,41,41,1219,0
1774965736019,1230,GET Articles,200,Cenario 2 - Carga Crescente 2-3,true,708074,157,41,41,1229,0
1774965736065,1209,GET Articles,200,Cenario 2 - Carga Crescente 2-12,true,708075,157,41,41,1208,0
1774965736086,1213,GET Articles,200,Cenario 2 - Carga Crescente 2-28,true,708075,157,41,41,1212,0
1774965736121,1218,GET Articles,200,Cenario 2 - Carga Crescente 2-14,true,708074,157,41,41,1217,0
1774965736155,1215,GET Articles,200,Cenario 2 - Carga Crescente 2-31,true,708075,157,41,41,1214,0
1774965736183,1207,GET Articles,200,Cenario 2 - Carga Crescente 2-29,true,708075,157,41,41,1206,0
1774965736210,1219,GET Articles,200,Cenario 2 - Carga Crescente 2-38,true,708074,157,41,41,1218,0
1774965736244,1208,GET Articles,200,Cenario 2 - Carga Crescente 2-40,true,708075,157,41,41,1207,0
1774965736271,1208,GET Articles,200,Cenario 2 - Carga Crescente 2-21,true,708075,157,41,41,1207,0
1774965736299,1241,GET Articles,200,Cenario 2 - Carga Crescente 2-20,true,708074,157,41,41,1240,0
1774965736352,1192,GET Articles,200,Cenario 2 - Carga Crescente 2-30,true,708074,157,41,41,1191,0
1774965736356,1211,GET Articles,200,Cenario 2 - Carga Crescente 2-15,true,708075,157,41,41,1211,0
1774965736385,1218,GET Articles,200,Cenario 2 - Carga Crescente 2-16,true,708074,157,41,41,1218,0
1774965736440,1188,GET Articles,200,Cenario 2 - Carga Crescente 2-19,true,708075,157,41,41,1187,0
1774965736445,1203,GET Articles,200,Cenario 2 - Carga Crescente 2-35,true,708075,157,41,41,1203,0
1774965736475,1209,GET Articles,200,Cenario 2 - Carga Crescente 2-5,true,708074,157,41,41,1208,0
1774965736511,1243,GET Articles,200,Cenario 2 - Carga Crescente 2-11,true,708075,157,41,41,1243,0
1774965736541,1218,GET Articles,200,Cenario 2 - Carga Crescente 2-23,true,708075,157,41,41,1218,0
1774965736569,1232,GET Articles,200,Cenario 2 - Carga Crescente 2-6,true,708074,157,41,41,1231,0
1774965736611,1211,GET Articles,200,Cenario 2 - Carga Crescente 2-8,true,708075,157,41,41,1211,0
1774965736633,1219,GET Articles,200,Cenario 2 - Carga Crescente 2-25,true,708075,157,41,41,1218,0
1774965736658,1228,GET Articles,200,Cenario 2 - Carga Crescente 2-37,true,708074,157,41,41,1227,0
1774965736702,1211,GET Articles,200,Cenario 2 - Carga Crescente 2-26,true,708075,157,41,41,1211,0
1774965736725,1218,GET Articles,200,Cenario 2 - Carga Crescente 2-34,true,708075,157,41,41,1217,0
1774965736752,1230,GET Articles,200,Cenario 2 - Carga Crescente 2-1,true,708074,157,41,41,1229,0
1774965736788,1222,GET Articles,200,Cenario 2 - Carga Crescente 2-7,true,708075,157,41,41,1221,1
1774965736816,1223,GET Articles,200,Cenario 2 - Carga Crescente 2-41,true,708075,157,41,41,1223,0
1774965736817,1262,GET Articles,200,Cenario 2 - Carga Crescente 2-10,true,708074,157,41,41,1261,0
1774965736838,1278,GET Articles,200,Cenario 2 - Carga Crescente 2-17,true,708075,157,41,41,1277,0
1774965736873,1272,GET Articles,200,Cenario 2 - Carga Crescente 2-39,true,708075,157,41,41,1271,0
1774965736899,1285,GET Articles,200,Cenario 2 - Carga Crescente 2-2,true,708074,157,41,41,1284,0
1774965736941,1266,GET Articles,200,Cenario 2 - Carga Crescente 2-4,true,708075,157,41,41,1265,0
1774965736980,1257,GET Articles,200,Cenario 2 - Carga Crescente 2-9,true,708075,157,41,41,1257,0
1774965737004,1267,GET Articles,200,Cenario 2 - Carga Crescente 2-27,true,708074,157,41,41,1266,0
1774965737031,1265,GET Articles,200,Cenario 2 - Carga Crescente 2-22,true,708075,157,41,41,1264,0
1774965737068,1257,GET Articles,200,Cenario 2 - Carga Crescente 2-24,true,708075,157,41,41,1257,0
1774965737091,1269,GET Articles,200,Cenario 2 - Carga Crescente 2-18,true,708074,157,41,41,1269,0
1774965737119,1267,GET Articles,200,Cenario 2 - Carga Crescente 2-32,true,708075,157,41,41,1266,0
1774965737163,1252,GET Articles,200,Cenario 2 - Carga Crescente 2-33,true,708075,157,41,41,1251,0
1774965737187,1264,GET Articles,200,Cenario 2 - Carga Crescente 2-13,true,708074,157,41,41,1261,0
1774965737210,1262,GET Articles,200,Cenario 2 - Carga Crescente 2-36,true,708075,157,41,41,1262,0
1774965737249,1248,GET Articles,200,Cenario 2 - Carga Crescente 2-3,true,708075,157,41,41,1248,0
1774965737274,1262,GET Articles,200,Cenario 2 - Carga Crescente 2-12,true,708074,157,41,41,1261,0
1774965737299,1261,GET Articles,200,Cenario 2 - Carga Crescente 2-28,true,708074,157,41,41,1260,0
1774965737339,1246,GET Articles,200,Cenario 2 - Carga Crescente 2-14,true,708075,157,41,41,1246,0
1774965737370,1252,GET Articles,200,Cenario 2 - Carga Crescente 2-31,true,708074,157,42,42,1251,0
1774965737390,1260,GET Articles,200,Cenario 2 - Carga Crescente 2-29,true,708075,157,42,42,1259,0
1774965737429,1245,GET Articles,200,Cenario 2 - Carga Crescente 2-38,true,708075,157,42,42,1244,0
1774965737452,1263,GET Articles,200,Cenario 2 - Carga Crescente 2-40,true,708074,157,42,42,1262,0
1774965737479,1270,GET Articles,200,Cenario 2 - Carga Crescente 2-21,true,708075,157,42,42,1269,0
1774965737540,1237,GET Articles,200,Cenario 2 - Carga Crescente 2-20,true,708075,157,42,42,1236,0
1774965737544,1266,GET Articles,200,Cenario 2 - Carga Crescente 2-30,true,708074,157,42,42,1266,0
1774965737567,1268,GET Articles,200,Cenario 2 - Carga Crescente 2-15,true,708075,157,42,42,1267,0
1774965737604,1260,GET Articles,200,Cenario 2 - Carga Crescente 2-16,true,708075,157,42,42,1260,0
1774965737628,1272,GET Articles,200,Cenario 2 - Carga Crescente 2-19,true,708074,157,42,42,1272,0
1774965737648,1275,GET Articles,200,Cenario 2 - Carga Crescente 2-35,true,708075,157,42,42,1275,0
1774965737684,1270,GET Articles,200,Cenario 2 - Carga Crescente 2-5,true,708075,157,42,42,1269,0
1774965737755,1243,GET Articles,200,Cenario 2 - Carga Crescente 2-11,true,708074,157,42,42,1242,0
1774965737759,1263,GET Articles,200,Cenario 2 - Carga Crescente 2-23,true,708075,157,42,42,1262,0
1774965737801,1249,GET Articles,200,Cenario 2 - Carga Crescente 2-6,true,708075,157,42,42,1248,0
1774965737823,1261,GET Articles,200,Cenario 2 - Carga Crescente 2-8,true,708074,157,42,42,1261,0
1774965737852,1267,GET Articles,200,Cenario 2 - Carga Crescente 2-25,true,708075,157,42,42,1266,0
1774965737886,1257,GET Articles,200,Cenario 2 - Carga Crescente 2-37,true,708075,157,42,42,1257,0
1774965737914,1263,GET Articles,200,Cenario 2 - Carga Crescente 2-26,true,708074,157,42,42,1263,0
1774965737943,1260,GET Articles,200,Cenario 2 - Carga Crescente 2-34,true,708075,157,42,42,1260,0
1774965737982,1261,GET Articles,200,Cenario 2 - Carga Crescente 2-1,true,708075,157,42,42,1260,0
1774965738040,1253,GET Articles,200,Cenario 2 - Carga Crescente 2-41,true,708074,157,42,42,1252,0
1774965738010,1309,GET Articles,200,Cenario 2 - Carga Crescente 2-7,true,708074,157,42,42,1309,0
1774965738079,1266,GET Articles,200,Cenario 2 - Carga Crescente 2-10,true,708075,157,42,42,1265,0
1774965738116,1307,GET Articles,200,Cenario 2 - Carga Crescente 2-17,true,708074,157,42,42,1306,0
1774965738145,1284,GET Articles,200,Cenario 2 - Carga Crescente 2-39,true,708074,157,42,42,1283,0
1774965738184,1269,GET Articles,200,Cenario 2 - Carga Crescente 2-2,true,708075,157,42,42,1269,0
1774965738207,1284,GET Articles,200,Cenario 2 - Carga Crescente 2-4,true,708074,157,42,42,1284,0
1774965738237,1282,GET Articles,200,Cenario 2 - Carga Crescente 2-9,true,708075,157,42,42,1282,0
1774965738271,1278,GET Articles,200,Cenario 2 - Carga Crescente 2-27,true,708075,157,42,42,1277,0
1774965738326,1287,GET Articles,200,Cenario 2 - Carga Crescente 2-24,true,708074,157,42,42,1286,0
1774965738296,1321,GET Articles,200,Cenario 2 - Carga Crescente 2-22,true,708074,157,42,42,1320,0
1774965738360,1281,GET Articles,200,Cenario 2 - Carga Crescente 2-18,true,708075,157,42,42,1281,0
1774965738386,1291,GET Articles,200,Cenario 2 - Carga Crescente 2-32,true,708074,157,42,42,1290,0
1774965738451,1252,GET Articles,200,Cenario 2 - Carga Crescente 2-13,true,708075,157,42,42,1252,0
1774965738415,1317,GET Articles,200,Cenario 2 - Carga Crescente 2-33,true,708075,157,42,42,1316,0
1774965738473,1304,GET Articles,200,Cenario 2 - Carga Crescente 2-36,true,708074,157,42,42,1304,0
1774965738498,1302,GET Articles,200,Cenario 2 - Carga Crescente 2-3,true,708075,157,42,42,1301,0
1774965738536,1295,GET Articles,200,Cenario 2 - Carga Crescente 2-12,true,708075,157,42,42,1294,0
1774965738560,1312,GET Articles,200,Cenario 2 - Carga Crescente 2-28,true,708074,157,42,42,1312,0
1774965738586,1312,GET Articles,200,Cenario 2 - Carga Crescente 2-14,true,708074,157,42,42,1311,0
1774965738616,1312,GET Articles,200,Cenario 2 - Carga Crescente 2-42,true,708075,157,42,42,1312,0
1774965738622,1366,GET Articles,200,Cenario 2 - Carga Crescente 2-31,true,708074,157,42,42,1365,0
1774965738650,1344,GET Articles,200,Cenario 2 - Carga Crescente 2-29,true,708074,157,42,42,1343,0
1774965738674,1342,GET Articles,200,Cenario 2 - Carga Crescente 2-38,true,708075,157,42,42,1342,0
1774965738715,1358,GET Articles,200,Cenario 2 - Carga Crescente 2-40,true,708074,157,42,42,1358,0
1774965738749,1329,GET Articles,200,Cenario 2 - Carga Crescente 2-21,true,708074,157,42,42,1328,0
1774965738777,1325,GET Articles,200,Cenario 2 - Carga Crescente 2-20,true,708075,157,42,42,1324,0
1774965738810,1328,GET Articles,200,Cenario 2 - Carga Crescente 2-30,true,708074,157,42,42,1327,0
1774965738835,1328,GET Articles,200,Cenario 2 - Carga Crescente 2-15,true,708075,157,42,42,1328,0
1774965738865,1336,GET Articles,200,Cenario 2 - Carga Crescente 2-16,true,708075,157,42,42,1336,0
1774965738923,1314,GET Articles,200,Cenario 2 - Carga Crescente 2-35,true,708074,157,42,42,1313,0
1774965738901,1358,GET Articles,200,Cenario 2 - Carga Crescente 2-19,true,708075,157,42,42,1357,0
1774965738954,1332,GET Articles,200,Cenario 2 - Carga Crescente 2-5,true,708075,157,42,42,1331,0
1774965738998,1323,GET Articles,200,Cenario 2 - Carga Crescente 2-11,true,708074,157,42,42,1322,0
1774965739022,1321,GET Articles,200,Cenario 2 - Carga Crescente 2-23,true,708075,157,42,42,1320,0
1774965739050,1330,GET Articles,200,Cenario 2 - Carga Crescente 2-6,true,708075,157,42,42,1329,0
1774965739085,1331,GET Articles,200,Cenario 2 - Carga Crescente 2-8,true,708074,157,43,43,1330,0
1774965739119,1344,GET Articles,200,Cenario 2 - Carga Crescente 2-25,true,708074,157,43,43,1343,0
1774965739143,1323,GET Articles,200,Cenario 2 - Carga Crescente 2-37,true,708075,157,43,43,1323,0
1774965739203,1300,GET Articles,200,Cenario 2 - Carga Crescente 2-34,true,708074,157,43,43,1299,0
1774965739178,1353,GET Articles,200,Cenario 2 - Carga Crescente 2-26,true,708074,157,43,43,1352,0
1774965739243,1312,GET Articles,200,Cenario 2 - Carga Crescente 2-1,true,708075,157,43,43,1312,0
1774965739293,1300,GET Articles,200,Cenario 2 - Carga Crescente 2-41,true,708074,157,43,43,1299,0
1774965739319,1314,GET Articles,200,Cenario 2 - Carga Crescente 2-7,true,708074,157,43,43,1313,0
1774965739345,1334,GET Articles,200,Cenario 2 - Carga Crescente 2-10,true,708076,157,43,43,1333,0
1774965739423,1300,GET Articles,200,Cenario 2 - Carga Crescente 2-17,true,708074,157,43,43,1299,0
1774965739429,1325,GET Articles,200,Cenario 2 - Carga Crescente 2-39,true,708075,157,43,43,1324,0
1774965739454,1337,GET Articles,200,Cenario 2 - Carga Crescente 2-2,true,708075,157,43,43,1336,0
1774965739492,1331,GET Articles,200,Cenario 2 - Carga Crescente 2-4,true,708074,157,43,43,1330,0
1774965739520,1336,GET Articles,200,Cenario 2 - Carga Crescente 2-9,true,708075,157,43,43,1335,0
1774965739549,1348,GET Articles,200,Cenario 2 - Carga Crescente 2-27,true,708075,157,43,43,1347,0
1774965739613,1330,GET Articles,200,Cenario 2 - Carga Crescente 2-24,true,708074,157,43,43,1329,0
1774965739642,1322,GET Articles,200,Cenario 2 - Carga Crescente 2-18,true,708075,157,43,43,1321,0
1774965739617,1377,GET Articles,200,Cenario 2 - Carga Crescente 2-22,true,708075,157,43,43,1376,0
1774965739677,1348,GET Articles,200,Cenario 2 - Carga Crescente 2-32,true,708074,157,43,43,1347,0
1774965739703,1342,GET Articles,200,Cenario 2 - Carga Crescente 2-13,true,708075,157,43,43,1341,0
1774965739732,1342,GET Articles,200,Cenario 2 - Carga Crescente 2-33,true,708075,157,43,43,1342,0
1774965739778,1330,GET Articles,200,Cenario 2 - Carga Crescente 2-36,true,708074,157,43,43,1329,0
1774965739800,1331,GET Articles,200,Cenario 2 - Carga Crescente 2-3,true,708075,157,43,43,1330,0
1774965739831,1325,GET Articles,200,Cenario 2 - Carga Crescente 2-12,true,708075,157,43,43,1324,0
1774965739873,1323,GET Articles,200,Cenario 2 - Carga Crescente 2-28,true,708074,157,43,43,1322,0
1774965739898,1325,GET Articles,200,Cenario 2 - Carga Crescente 2-14,true,708075,157,43,43,1324,0
1774965739929,1324,GET Articles,200,Cenario 2 - Carga Crescente 2-42,true,708075,157,43,43,1323,0
1774965739988,1297,GET Articles,200,Cenario 2 - Carga Crescente 2-31,true,708074,157,43,43,1296,0
1774965739994,1318,GET Articles,200,Cenario 2 - Carga Crescente 2-29,true,708075,157,43,43,1317,0
1774965740017,1326,GET Articles,200,Cenario 2 - Carga Crescente 2-38,true,708075,157,43,43,1325,0
1774965740073,1301,GET Articles,200,Cenario 2 - Carga Crescente 2-40,true,708074,157,43,43,1300,0
1774965740078,1331,GET Articles,200,Cenario 2 - Carga Crescente 2-21,true,708075,157,43,43,1330,0
1774965740102,1332,GET Articles,200,Cenario 2 - Carga Crescente 2-20,true,708075,157,43,43,1331,0
1774965740138,1335,GET Articles,200,Cenario 2 - Carga Crescente 2-30,true,708074,157,43,43,1334,0
1774965740164,1335,GET Articles,200,Cenario 2 - Carga Crescente 2-15,true,708075,157,43,43,1335,0
1774965740202,1327,GET Articles,200,Cenario 2 - Carga Crescente 2-16,true,708075,157,43,43,1324,0
1774965740237,1326,GET Articles,200,Cenario 2 - Carga Crescente 2-35,true,708074,157,43,43,1325,0
1774965740259,1330,GET Articles,200,Cenario 2 - Carga Crescente 2-19,true,708075,157,43,43,1330,0
1774965740286,1332,GET Articles,200,Cenario 2 - Carga Crescente 2-5,true,708075,157,43,43,1331,0
1774965740321,1333,GET Articles,200,Cenario 2 - Carga Crescente 2-11,true,708074,157,43,43,1332,0
1774965740343,1339,GET Articles,200,Cenario 2 - Carga Crescente 2-23,true,708075,157,43,43,1338,0
1774965740380,1333,GET Articles,200,Cenario 2 - Carga Crescente 2-6,true,708075,157,43,43,1332,0
1774965740415,1346,GET Articles,200,Cenario 2 - Carga Crescente 2-43,true,708074,157,43,43,1345,0
1774965740416,1372,GET Articles,200,Cenario 2 - Carga Crescente 2-8,true,708075,157,43,43,1372,0
1774965740463,1358,GET Articles,200,Cenario 2 - Carga Crescente 2-25,true,708075,157,43,43,1357,0
1774965740466,1391,GET Articles,200,Cenario 2 - Carga Crescente 2-37,true,708074,157,43,43,1390,0
1774965740503,1381,GET Articles,200,Cenario 2 - Carga Crescente 2-34,true,708075,157,43,43,1380,0
1774965740531,1384,GET Articles,200,Cenario 2 - Carga Crescente 2-26,true,708075,157,43,43,1383,0
1774965740555,1399,GET Articles,200,Cenario 2 - Carga Crescente 2-1,true,708074,157,43,43,1398,0
1774965740593,1386,GET Articles,200,Cenario 2 - Carga Crescente 2-41,true,708075,157,43,43,1385,0
1774965740633,1376,GET Articles,200,Cenario 2 - Carga Crescente 2-7,true,708075,157,43,43,1375,0
1774965740679,1363,GET Articles,200,Cenario 2 - Carga Crescente 2-10,true,708074,157,43,43,1363,0
1774965740723,1348,GET Articles,200,Cenario 2 - Carga Crescente 2-17,true,708075,157,43,43,1347,0
1774965740754,1342,GET Articles,200,Cenario 2 - Carga Crescente 2-39,true,708075,157,43,43,1342,0
1774965740791,1337,GET Articles,200,Cenario 2 - Carga Crescente 2-2,true,708074,157,43,43,1337,0
1774965740823,1333,GET Articles,200,Cenario 2 - Carga Crescente 2-4,true,708075,157,43,43,1332,0
1774965740856,1327,GET Articles,200,Cenario 2 - Carga Crescente 2-9,true,708075,157,43,43,1327,0
1774965740897,1321,GET Articles,200,Cenario 2 - Carga Crescente 2-27,true,708074,157,44,44,1320,0
1774965740943,1295,GET Articles,200,Cenario 2 - Carga Crescente 2-24,true,708075,157,44,44,1295,0
1774965740964,1303,GET Articles,200,Cenario 2 - Carga Crescente 2-18,true,708075,157,44,44,1302,0
1774965740994,1320,GET Articles,200,Cenario 2 - Carga Crescente 2-22,true,708074,157,44,44,1319,0
1774965741025,1293,GET Articles,200,Cenario 2 - Carga Crescente 2-32,true,708074,157,44,44,1292,0
1774965741045,1299,GET Articles,200,Cenario 2 - Carga Crescente 2-13,true,708075,157,44,44,1298,0
1774965741075,1341,GET Articles,200,Cenario 2 - Carga Crescente 2-33,true,708074,157,44,44,1340,0
1774965741108,1313,GET Articles,200,Cenario 2 - Carga Crescente 2-36,true,708074,157,44,44,1313,0
1774965741131,1312,GET Articles,200,Cenario 2 - Carga Crescente 2-3,true,708074,157,44,44,1312,0
1774965741156,1320,GET Articles,200,Cenario 2 - Carga Crescente 2-12,true,708074,157,44,44,1319,0
1774965741223,1272,GET Articles,200,Cenario 2 - Carga Crescente 2-14,true,708075,157,44,44,1271,0
1774965741196,1335,GET Articles,200,Cenario 2 - Carga Crescente 2-28,true,708075,157,44,44,1335,0
1774965741285,1281,GET Articles,200,Cenario 2 - Carga Crescente 2-31,true,708074,157,44,44,1280,0
1774965741253,1341,GET Articles,200,Cenario 2 - Carga Crescente 2-42,true,708075,157,44,44,1340,0
1774965741312,1311,GET Articles,200,Cenario 2 - Carga Crescente 2-29,true,708075,157,44,44,1311,0
1774965741343,1311,GET Articles,200,Cenario 2 - Carga Crescente 2-38,true,708074,157,44,44,1311,0
1774965741374,1303,GET Articles,200,Cenario 2 - Carga Crescente 2-40,true,708075,157,44,44,1302,0
1774965741409,1298,GET Articles,200,Cenario 2 - Carga Crescente 2-21,true,708075,157,44,44,1297,0
1774965741434,1312,GET Articles,200,Cenario 2 - Carga Crescente 2-20,true,708074,157,44,44,1312,0
1774965741473,1302,GET Articles,200,Cenario 2 - Carga Crescente 2-30,true,708075,157,44,44,1301,0
1774965741500,1301,GET Articles,200,Cenario 2 - Carga Crescente 2-15,true,708075,157,44,44,1301,0
1774965741529,1309,GET Articles,200,Cenario 2 - Carga Crescente 2-16,true,708074,157,44,44,1308,0
1774965741563,1321,GET Articles,200,Cenario 2 - Carga Crescente 2-35,true,708074,157,44,44,1320,0
1774965741589,1299,GET Articles,200,Cenario 2 - Carga Crescente 2-19,true,708075,157,44,44,1298,0
1774965741618,1323,GET Articles,200,Cenario 2 - Carga Crescente 2-5,true,708074,157,44,44,1322,0
1774965741654,1332,GET Articles,200,Cenario 2 - Carga Crescente 2-11,true,708075,157,44,44,1331,0
1774965741682,1308,GET Articles,200,Cenario 2 - Carga Crescente 2-23,true,708075,157,44,44,1307,0
1774965741713,1316,GET Articles,200,Cenario 2 - Carga Crescente 2-6,true,708074,157,44,44,1315,0
1774965741788,1282,GET Articles,200,Cenario 2 - Carga Crescente 2-8,true,708075,157,44,44,1281,0
1774965741761,1344,GET Articles,200,Cenario 2 - Carga Crescente 2-43,true,708075,157,44,44,1343,0
1774965741821,1318,GET Articles,200,Cenario 2 - Carga Crescente 2-25,true,708074,157,44,44,1317,0
1774965741857,1306,GET Articles,200,Cenario 2 - Carga Crescente 2-37,true,708075,157,44,44,1306,0
1774965741884,1309,GET Articles,200,Cenario 2 - Carga Crescente 2-34,true,708075,157,44,44,1308,0
1774965741915,1318,GET Articles,200,Cenario 2 - Carga Crescente 2-26,true,708074,157,44,44,1317,0
1774965741954,1307,GET Articles,200,Cenario 2 - Carga Crescente 2-1,true,708075,157,44,44,1306,0
1774965741979,1306,GET Articles,200,Cenario 2 - Carga Crescente 2-41,true,708075,157,44,44,1305,0
1774965742009,1316,GET Articles,200,Cenario 2 - Carga Crescente 2-7,true,708074,157,44,44,1315,0
1774965742042,1307,GET Articles,200,Cenario 2 - Carga Crescente 2-10,true,708075,157,44,44,1307,1
1774965742071,1307,GET Articles,200,Cenario 2 - Carga Crescente 2-17,true,708075,157,44,44,1307,0
1774965742128,1284,GET Articles,200,Cenario 2 - Carga Crescente 2-2,true,708074,157,44,44,1283,0
1774965742096,1343,GET Articles,200,Cenario 2 - Carga Crescente 2-39,true,708075,157,44,44,1342,0
1774965742156,1314,GET Articles,200,Cenario 2 - Carga Crescente 2-4,true,708075,157,44,44,1313,0
1774965742183,1334,GET Articles,200,Cenario 2 - Carga Crescente 2-9,true,708074,157,44,44,1333,0
1774965742214,1327,GET Articles,200,Cenario 2 - Carga Crescente 2-44,true,708075,157,44,44,1326,1
1774965742218,1348,GET Articles,200,Cenario 2 - Carga Crescente 2-27,true,708075,157,44,44,1347,0
1774965742239,1358,GET Articles,200,Cenario 2 - Carga Crescente 2-24,true,708074,157,44,44,1357,0
1774965742267,1357,GET Articles,200,Cenario 2 - Carga Crescente 2-18,true,708075,157,44,44,1357,0
1774965742314,1339,GET Articles,200,Cenario 2 - Carga Crescente 2-22,true,708075,157,44,44,1338,0
1774965742318,1369,GET Articles,200,Cenario 2 - Carga Crescente 2-32,true,708074,157,44,44,1368,0
1774965742344,1369,GET Articles,200,Cenario 2 - Carga Crescente 2-13,true,708075,157,44,44,1368,0
1774965742416,1330,GET Articles,200,Cenario 2 - Carga Crescente 2-33,true,708075,157,44,44,1329,0
1774965742421,1358,GET Articles,200,Cenario 2 - Carga Crescente 2-36,true,708074,157,44,44,1357,0
1774965742444,1385,GET Articles,200,Cenario 2 - Carga Crescente 2-3,true,708075,157,44,44,1384,0
1774965742476,1393,GET Articles,200,Cenario 2 - Carga Crescente 2-12,true,708076,157,44,44,1392,0
1774965742495,1413,GET Articles,200,Cenario 2 - Carga Crescente 2-14,true,708074,157,44,44,1412,0
1774965742532,1398,GET Articles,200,Cenario 2 - Carga Crescente 2-28,true,708075,157,44,44,1397,0
1774965742566,1394,GET Articles,200,Cenario 2 - Carga Crescente 2-31,true,708075,157,44,44,1393,0
1774965742594,1405,GET Articles,200,Cenario 2 - Carga Crescente 2-42,true,708074,157,44,44,1404,0
1774965742623,1433,GET Articles,200,Cenario 2 - Carga Crescente 2-29,true,708075,157,45,45,1432,0
1774965742654,1406,GET Articles,200,Cenario 2 - Carga Crescente 2-38,true,708075,157,45,45,1406,0
1774965742677,1418,GET Articles,200,Cenario 2 - Carga Crescente 2-40,true,708074,157,45,45,1417,0
1774965742707,1432,GET Articles,200,Cenario 2 - Carga Crescente 2-21,true,708075,157,45,45,1431,0
1774965742747,1422,GET Articles,200,Cenario 2 - Carga Crescente 2-20,true,708075,157,45,45,1421,0
1774965742775,1433,GET Articles,200,Cenario 2 - Carga Crescente 2-30,true,708074,157,45,45,1432,0
1774965742802,1431,GET Articles,200,Cenario 2 - Carga Crescente 2-15,true,708075,157,45,45,1431,0
1774965742838,1422,GET Articles,200,Cenario 2 - Carga Crescente 2-16,true,708075,157,45,45,1422,0
1774965742884,1413,GET Articles,200,Cenario 2 - Carga Crescente 2-35,true,708074,157,45,45,1413,0
1774965742888,1436,GET Articles,200,Cenario 2 - Carga Crescente 2-19,true,708075,157,45,45,1436,0
1774965742941,1407,GET Articles,200,Cenario 2 - Carga Crescente 2-5,true,708075,157,45,45,1407,0
1774965742986,1411,GET Articles,200,Cenario 2 - Carga Crescente 2-11,true,708074,157,45,45,1410,0
1774965742990,1426,GET Articles,200,Cenario 2 - Carga Crescente 2-23,true,708074,157,45,45,1425,0
1774965743029,1409,GET Articles,200,Cenario 2 - Carga Crescente 2-6,true,708075,157,45,45,1409,0
1774965743070,1423,GET Articles,200,Cenario 2 - Carga Crescente 2-8,true,708074,157,45,45,1423,0
1774965743105,1392,GET Articles,200,Cenario 2 - Carga Crescente 2-43,true,708074,157,45,45,1392,0
1774965743139,1382,GET Articles,200,Cenario 2 - Carga Crescente 2-25,true,708075,157,45,45,1381,0
1774965743193,1364,GET Articles,200,Cenario 2 - Carga Crescente 2-34,true,708074,157,45,45,1364,0
1774965743163,1446,GET Articles,200,Cenario 2 - Carga Crescente 2-37,true,708074,157,45,45,1443,0
1774965743233,1379,GET Articles,200,Cenario 2 - Carga Crescente 2-26,true,708075,157,45,45,1379,0
1774965743261,1399,GET Articles,200,Cenario 2 - Carga Crescente 2-1,true,708074,157,45,45,1399,0
1774965743285,1399,GET Articles,200,Cenario 2 - Carga Crescente 2-41,true,708075,157,45,45,1398,0
1774965743325,1383,GET Articles,200,Cenario 2 - Carga Crescente 2-7,true,708075,157,45,45,1383,0
1774965743350,1434,GET Articles,200,Cenario 2 - Carga Crescente 2-10,true,708074,157,45,45,1434,0
1774965743379,1410,GET Articles,200,Cenario 2 - Carga Crescente 2-17,true,708074,157,45,45,1409,0
1774965743412,1409,GET Articles,200,Cenario 2 - Carga Crescente 2-2,true,708075,157,45,45,1408,0
1774965743439,1453,GET Articles,200,Cenario 2 - Carga Crescente 2-39,true,708074,157,45,45,1453,0
1774965743517,1381,GET Articles,200,Cenario 2 - Carga Crescente 2-9,true,708074,157,45,45,1380,0
1774965743470,1433,GET Articles,200,Cenario 2 - Carga Crescente 2-4,true,708074,157,45,45,1432,0
1774965743541,1402,GET Articles,200,Cenario 2 - Carga Crescente 2-44,true,708074,157,45,45,1401,0
1774965743566,1396,GET Articles,200,Cenario 2 - Carga Crescente 2-27,true,708075,157,45,45,1396,0
1774965743597,1394,GET Articles,200,Cenario 2 - Carga Crescente 2-24,true,708075,157,45,45,1393,0
1774965743624,1397,GET Articles,200,Cenario 2 - Carga Crescente 2-18,true,708074,157,45,45,1397,0
1774965743653,1399,GET Articles,200,Cenario 2 - Carga Crescente 2-22,true,708075,157,45,45,1398,0
1774965743687,1402,GET Articles,200,Cenario 2 - Carga Crescente 2-32,true,708075,157,45,45,1401,0
1774965743713,1407,GET Articles,200,Cenario 2 - Carga Crescente 2-13,true,708074,157,45,45,1406,0
1774965743746,1398,GET Articles,200,Cenario 2 - Carga Crescente 2-33,true,708075,157,45,45,1397,0
1774965743779,1391,GET Articles,200,Cenario 2 - Carga Crescente 2-36,true,708075,157,45,45,1390,0
1774965743829,1374,GET Articles,200,Cenario 2 - Carga Crescente 2-3,true,708074,157,45,45,1373,0
1774965743869,1363,GET Articles,200,Cenario 2 - Carga Crescente 2-12,true,708075,157,45,45,1362,0
1774965743908,1352,GET Articles,200,Cenario 2 - Carga Crescente 2-14,true,708075,157,45,45,1351,0
1774965743930,1363,GET Articles,200,Cenario 2 - Carga Crescente 2-28,true,708074,157,45,45,1363,0
1774965743960,1361,GET Articles,200,Cenario 2 - Carga Crescente 2-31,true,708075,157,45,45,1360,0
1774965743999,1349,GET Articles,200,Cenario 2 - Carga Crescente 2-42,true,708075,157,45,45,1348,0
1774965744015,1362,GET Articles,200,Cenario 2 - Carga Crescente 2-45,true,708074,157,45,45,1362,1
1774965744056,1360,GET Articles,200,Cenario 2 - Carga Crescente 2-29,true,708075,157,45,45,1359,0
1774965744060,1393,GET Articles,200,Cenario 2 - Carga Crescente 2-38,true,708075,157,45,45,1393,0
1774965744095,1407,GET Articles,200,Cenario 2 - Carga Crescente 2-40,true,708074,157,45,45,1407,0
1774965744139,1400,GET Articles,200,Cenario 2 - Carga Crescente 2-21,true,708075,157,45,45,1400,0
1774965744169,1393,GET Articles,200,Cenario 2 - Carga Crescente 2-20,true,708075,157,45,45,1393,0
1774965744208,1392,GET Articles,200,Cenario 2 - Carga Crescente 2-30,true,708074,157,45,45,1391,0
1774965744233,1412,GET Articles,200,Cenario 2 - Carga Crescente 2-15,true,708075,157,45,45,1411,0
1774965744260,1390,GET Articles,200,Cenario 2 - Carga Crescente 2-16,true,708075,157,45,45,1390,0
1774965744297,1394,GET Articles,200,Cenario 2 - Carga Crescente 2-35,true,708074,157,45,45,1394,0
1774965744348,1363,GET Articles,200,Cenario 2 - Carga Crescente 2-5,true,708074,157,45,45,1362,0
1774965744324,1411,GET Articles,200,Cenario 2 - Carga Crescente 2-19,true,708075,157,45,45,1411,0
1774965744416,1356,GET Articles,200,Cenario 2 - Carga Crescente 2-23,true,708074,157,45,45,1355,0
1774965744397,1398,GET Articles,200,Cenario 2 - Carga Crescente 2-11,true,708075,157,45,45,1397,0
1774965744438,1381,GET Articles,200,Cenario 2 - Carga Crescente 2-6,true,708075,157,46,46,1380,0
1774965744494,1359,GET Articles,200,Cenario 2 - Carga Crescente 2-8,true,708074,157,46,46,1359,0
1774965744498,1382,GET Articles,200,Cenario 2 - Carga Crescente 2-43,true,708075,157,46,46,1381,0
1774965744521,1386,GET Articles,200,Cenario 2 - Carga Crescente 2-25,true,708075,157,46,46,1386,0
1774965744558,1402,GET Articles,200,Cenario 2 - Carga Crescente 2-34,true,708074,157,46,46,1401,0
1774965744609,1356,GET Articles,200,Cenario 2 - Carga Crescente 2-37,true,708074,157,46,46,1356,0
1774965744612,1374,GET Articles,200,Cenario 2 - Carga Crescente 2-26,true,708074,157,46,46,1374,0
1774965744660,1374,GET Articles,200,Cenario 2 - Carga Crescente 2-1,true,708074,157,46,46,1373,0
1774965744684,1402,GET Articles,200,Cenario 2 - Carga Crescente 2-41,true,708074,157,46,46,1401,0
1774965744708,1382,GET Articles,200,Cenario 2 - Carga Crescente 2-7,true,708075,157,46,46,1381,0
1774965744785,1348,GET Articles,200,Cenario 2 - Carga Crescente 2-10,true,708074,157,46,46,1348,0
1774965744789,1378,GET Articles,200,Cenario 2 - Carga Crescente 2-17,true,708075,157,46,46,1377,0
1774965744821,1375,GET Articles,200,Cenario 2 - Carga Crescente 2-2,true,708075,157,46,46,1374,0
1774965744892,1335,GET Articles,200,Cenario 2 - Carga Crescente 2-39,true,708074,157,46,46,1334,0
1774965744898,1354,GET Articles,200,Cenario 2 - Carga Crescente 2-9,true,708075,157,46,46,1353,0
1774965744903,1385,GET Articles,200,Cenario 2 - Carga Crescente 2-4,true,708075,157,46,46,1384,0
1774965744943,1375,GET Articles,200,Cenario 2 - Carga Crescente 2-44,true,708074,157,46,46,1374,0
1774965744962,1379,GET Articles,200,Cenario 2 - Carga Crescente 2-27,true,708075,157,46,46,1379,0
1774965744991,1380,GET Articles,200,Cenario 2 - Carga Crescente 2-24,true,708075,157,46,46,1380,0
1774965745021,1386,GET Articles,200,Cenario 2 - Carga Crescente 2-18,true,708074,157,46,46,1385,0
1774965745052,1380,GET Articles,200,Cenario 2 - Carga Crescente 2-22,true,708075,157,46,46,1379,0
1774965745089,1376,GET Articles,200,Cenario 2 - Carga Crescente 2-32,true,708075,157,46,46,1375,0
1774965745120,1384,GET Articles,200,Cenario 2 - Carga Crescente 2-13,true,708074,157,46,46,1383,0
1774965745170,1391,GET Articles,200,Cenario 2 - Carga Crescente 2-36,true,708075,157,46,46,1390,0
1774965745144,1423,GET Articles,200,Cenario 2 - Carga Crescente 2-33,true,708075,157,46,46,1422,0
1774965745203,1397,GET Articles,200,Cenario 2 - Carga Crescente 2-3,true,708074,157,46,46,1397,0
1774965745260,1370,GET Articles,200,Cenario 2 - Carga Crescente 2-14,true,708075,157,46,46,1369,0
1774965745232,1423,GET Articles,200,Cenario 2 - Carga Crescente 2-12,true,708075,157,46,46,1422,1
1774965745294,1404,GET Articles,200,Cenario 2 - Carga Crescente 2-28,true,708074,157,46,46,1404,0
1774965745321,1407,GET Articles,200,Cenario 2 - Carga Crescente 2-31,true,708075,157,46,46,1406,0
1774965745348,1406,GET Articles,200,Cenario 2 - Carga Crescente 2-42,true,708075,157,46,46,1405,0
1774965745377,1431,GET Articles,200,Cenario 2 - Carga Crescente 2-45,true,708074,157,46,46,1430,0
1774965745416,1416,GET Articles,200,Cenario 2 - Carga Crescente 2-29,true,708075,157,46,46,1415,0
1774965745453,1404,GET Articles,200,Cenario 2 - Carga Crescente 2-38,true,708075,157,46,46,1404,0
1774965745502,1391,GET Articles,200,Cenario 2 - Carga Crescente 2-40,true,708074,157,46,46,1390,0
1774965745540,1381,GET Articles,200,Cenario 2 - Carga Crescente 2-21,true,708075,157,46,46,1380,0
1774965745563,1387,GET Articles,200,Cenario 2 - Carga Crescente 2-20,true,708075,157,46,46,1387,0
1774965745600,1390,GET Articles,200,Cenario 2 - Carga Crescente 2-30,true,708074,157,46,46,1390,0
1774965745645,1387,GET Articles,200,Cenario 2 - Carga Crescente 2-15,true,708075,157,46,46,1386,0
1774965745651,1408,GET Articles,200,Cenario 2 - Carga Crescente 2-16,true,708075,157,46,46,1407,0
1774965745691,1405,GET Articles,200,Cenario 2 - Carga Crescente 2-35,true,708074,157,46,46,1404,0
1774965745711,1412,GET Articles,200,Cenario 2 - Carga Crescente 2-5,true,708075,157,46,46,1411,0
1774965745735,1416,GET Articles,200,Cenario 2 - Carga Crescente 2-19,true,708075,157,46,46,1416,0
1774965745772,1413,GET Articles,200,Cenario 2 - Carga Crescente 2-23,true,708074,157,46,46,1412,0
1774965745795,1423,GET Articles,200,Cenario 2 - Carga Crescente 2-11,true,708075,157,46,46,1423,0
1774965745815,1427,GET Articles,200,Cenario 2 - Carga Crescente 2-46,true,708075,157,46,46,1426,0
1774965745819,1462,GET Articles,200,Cenario 2 - Carga Crescente 2-6,true,708074,157,46,46,1462,0
1774965745854,1449,GET Articles,200,Cenario 2 - Carga Crescente 2-8,true,708075,157,46,46,1449,0
1774965745880,1452,GET Articles,200,Cenario 2 - Carga Crescente 2-43,true,708075,157,46,46,1451,0
1774965745908,1456,GET Articles,200,Cenario 2 - Carga Crescente 2-25,true,708074,157,46,46,1455,0
1774965745960,1447,GET Articles,200,Cenario 2 - Carga Crescente 2-34,true,708075,157,46,46,1446,0
1774965745965,1446,GET Articles,200,Cenario 2 - Carga Crescente 2-37,true,708075,157,46,46,1445,0
1774965745986,1465,GET Articles,200,Cenario 2 - Carga Crescente 2-26,true,708074,157,46,46,1464,0
1774965746034,1440,GET Articles,200,Cenario 2 - Carga Crescente 2-1,true,708075,157,46,46,1440,0
1774965746086,1416,GET Articles,200,Cenario 2 - Carga Crescente 2-41,true,708075,157,46,46,1415,0
1774965746090,1454,GET Articles,200,Cenario 2 - Carga Crescente 2-7,true,708074,157,46,46,1453,0
1774965746134,1449,GET Articles,200,Cenario 2 - Carga Crescente 2-10,true,708075,157,46,46,1448,0
1774965746167,1447,GET Articles,200,Cenario 2 - Carga Crescente 2-17,true,708075,157,46,46,1444,0
1774965746196,1456,GET Articles,200,Cenario 2 - Carga Crescente 2-2,true,708074,157,47,47,1456,0
1774965746227,1455,GET Articles,200,Cenario 2 - Carga Crescente 2-39,true,708075,157,47,47,1455,0
1774965746252,1461,GET Articles,200,Cenario 2 - Carga Crescente 2-9,true,708075,157,47,47,1461,0
1774965746288,1458,GET Articles,200,Cenario 2 - Carga Crescente 2-4,true,708074,157,47,47,1457,0
1774965746318,1460,GET Articles,200,Cenario 2 - Carga Crescente 2-44,true,708075,157,47,47,1459,0
1774965746341,1463,GET Articles,200,Cenario 2 - Carga Crescente 2-27,true,708075,157,47,47,1462,0
1774965746371,1469,GET Articles,200,Cenario 2 - Carga Crescente 2-24,true,708074,157,47,47,1468,0
1774965746407,1455,GET Articles,200,Cenario 2 - Carga Crescente 2-18,true,708075,157,47,47,1455,0
1774965746432,1464,GET Articles,200,Cenario 2 - Carga Crescente 2-22,true,708075,157,47,47,1463,0
1774965746465,1467,GET Articles,200,Cenario 2 - Carga Crescente 2-32,true,708074,157,47,47,1466,0
1774965746504,1461,GET Articles,200,Cenario 2 - Carga Crescente 2-13,true,708075,157,47,47,1460,0
1774965746561,1432,GET Articles,200,Cenario 2 - Carga Crescente 2-36,true,708075,157,47,47,1431,0
1774965746567,1466,GET Articles,200,Cenario 2 - Carga Crescente 2-33,true,708074,157,47,47,1466,0
1774965746601,1474,GET Articles,200,Cenario 2 - Carga Crescente 2-3,true,708075,157,47,47,1474,0
1774965746630,1449,GET Articles,200,Cenario 2 - Carga Crescente 2-14,true,708075,157,47,47,1449,0
1774965746655,1470,GET Articles,200,Cenario 2 - Carga Crescente 2-12,true,708074,157,47,47,1469,0
1774965746699,1465,GET Articles,200,Cenario 2 - Carga Crescente 2-28,true,708075,157,47,47,1464,0
1774965746728,1440,GET Articles,200,Cenario 2 - Carga Crescente 2-31,true,708075,157,47,47,1439,0
1774965746808,1395,GET Articles,200,Cenario 2 - Carga Crescente 2-45,true,708074,157,47,47,1394,0
1774965746754,1469,GET Articles,200,Cenario 2 - Carga Crescente 2-42,true,708075,157,47,47,1468,0
1774965746832,1421,GET Articles,200,Cenario 2 - Carga Crescente 2-29,true,708075,157,47,47,1421,0
1774965746921,1365,GET Articles,200,Cenario 2 - Carga Crescente 2-21,true,708074,157,47,47,1364,0
1774965746893,1427,GET Articles,200,Cenario 2 - Carga Crescente 2-40,true,708075,157,47,47,1426,0
1774965746858,1493,GET Articles,200,Cenario 2 - Carga Crescente 2-38,true,708075,157,47,47,1493,0
1774965746990,1398,GET Articles,200,Cenario 2 - Carga Crescente 2-30,true,708074,157,47,47,1398,0
1774965746951,1462,GET Articles,200,Cenario 2 - Carga Crescente 2-20,true,708075,157,47,47,1461,0
1774965747032,1409,GET Articles,200,Cenario 2 - Carga Crescente 2-15,true,708075,157,47,47,1408,0
1774965747059,1416,GET Articles,200,Cenario 2 - Carga Crescente 2-16,true,708074,157,47,47,1415,0
1774965747096,1406,GET Articles,200,Cenario 2 - Carga Crescente 2-35,true,708075,157,47,47,1405,0
1774965747123,1410,GET Articles,200,Cenario 2 - Carga Crescente 2-5,true,708075,157,47,47,1409,0
1774965747152,1418,GET Articles,200,Cenario 2 - Carga Crescente 2-19,true,708074,157,47,47,1417,0
1774965747185,1409,GET Articles,200,Cenario 2 - Carga Crescente 2-23,true,708075,157,47,47,1408,0
1774965747219,1411,GET Articles,200,Cenario 2 - Carga Crescente 2-11,true,708075,157,47,47,1410,0
1774965747242,1428,GET Articles,200,Cenario 2 - Carga Crescente 2-46,true,708074,157,47,47,1428,0
1774965747282,1418,GET Articles,200,Cenario 2 - Carga Crescente 2-6,true,708075,157,47,47,1417,0
1774965747303,1427,GET Articles,200,Cenario 2 - Carga Crescente 2-8,true,708075,157,47,47,1427,0
1774965747332,1433,GET Articles,200,Cenario 2 - Carga Crescente 2-43,true,708074,157,47,47,1432,0
1774965747364,1422,GET Articles,200,Cenario 2 - Carga Crescente 2-25,true,708075,157,47,47,1421,0
1774965747407,1414,GET Articles,200,Cenario 2 - Carga Crescente 2-34,true,708075,157,47,47,1414,0
1774965747411,1451,GET Articles,200,Cenario 2 - Carga Crescente 2-37,true,708074,157,47,47,1451,0
1774965747451,1437,GET Articles,200,Cenario 2 - Carga Crescente 2-26,true,708075,157,47,47,1436,0
1774965747475,1441,GET Articles,200,Cenario 2 - Carga Crescente 2-1,true,708075,157,47,47,1440,0
1774965747502,1447,GET Articles,200,Cenario 2 - Carga Crescente 2-41,true,708074,157,47,47,1447,0
1774965747544,1440,GET Articles,200,Cenario 2 - Carga Crescente 2-7,true,708075,157,47,47,1439,0
1774965747583,1434,GET Articles,200,Cenario 2 - Carga Crescente 2-10,true,708075,157,47,47,1433,0
1774965747614,1439,GET Articles,200,Cenario 2 - Carga Crescente 2-17,true,708074,157,47,47,1438,0
1774965747615,1474,GET Articles,200,Cenario 2 - Carga Crescente 2-47,true,708075,157,47,47,1474,0
1774965747652,1463,GET Articles,200,Cenario 2 - Carga Crescente 2-2,true,708075,157,47,47,1461,0
1774965747682,1472,GET Articles,200,Cenario 2 - Carga Crescente 2-39,true,708074,157,47,47,1471,0
1774965747713,1478,GET Articles,200,Cenario 2 - Carga Crescente 2-9,true,708075,157,47,47,1477,0
1774965747746,1474,GET Articles,200,Cenario 2 - Carga Crescente 2-4,true,708075,157,47,47,1473,0
1774965747778,1478,GET Articles,200,Cenario 2 - Carga Crescente 2-44,true,708074,157,47,47,1477,0
1774965747804,1493,GET Articles,200,Cenario 2 - Carga Crescente 2-27,true,708075,157,47,47,1492,0
1774965747840,1463,GET Articles,200,Cenario 2 - Carga Crescente 2-24,true,708075,157,47,47,1462,0
1774965747862,1484,GET Articles,200,Cenario 2 - Carga Crescente 2-18,true,708074,157,47,47,1483,0
1774965747896,1475,GET Articles,200,Cenario 2 - Carga Crescente 2-22,true,708075,157,47,47,1475,0
1774965747932,1462,GET Articles,200,Cenario 2 - Carga Crescente 2-32,true,708075,157,47,47,1461,0
1774965747965,1466,GET Articles,200,Cenario 2 - Carga Crescente 2-13,true,708074,157,48,48,1465,0
1774965747993,1489,GET Articles,200,Cenario 2 - Carga Crescente 2-36,true,708075,157,48,48,1488,0
1774965748033,1456,GET Articles,200,Cenario 2 - Carga Crescente 2-33,true,708075,157,48,48,1455,0
1774965748075,1454,GET Articles,200,Cenario 2 - Carga Crescente 2-3,true,708074,157,48,48,1453,0
1774965748079,1472,GET Articles,200,Cenario 2 - Carga Crescente 2-14,true,708075,157,48,48,1471,0
1774965748125,1455,GET Articles,200,Cenario 2 - Carga Crescente 2-12,true,708075,157,48,48,1454,0
1774965748164,1449,GET Articles,200,Cenario 2 - Carga Crescente 2-28,true,708074,157,48,48,1448,0
1774965748169,1503,GET Articles,200,Cenario 2 - Carga Crescente 2-31,true,708075,157,48,48,1502,0
1774965748203,1473,GET Articles,200,Cenario 2 - Carga Crescente 2-45,true,708075,157,48,48,1473,0
1774965748223,1497,GET Articles,200,Cenario 2 - Carga Crescente 2-42,true,708074,157,48,48,1497,0
1774965748254,1494,GET Articles,200,Cenario 2 - Carga Crescente 2-29,true,708075,157,48,48,1493,0
1774965748286,1490,GET Articles,200,Cenario 2 - Carga Crescente 2-21,true,708075,157,48,48,1489,0
1774965748320,1500,GET Articles,200,Cenario 2 - Carga Crescente 2-40,true,708074,157,48,48,1499,0
1774965748351,1515,GET Articles,200,Cenario 2 - Carga Crescente 2-38,true,708075,157,48,48,1514,0
1774965748388,1514,GET Articles,200,Cenario 2 - Carga Crescente 2-30,true,708076,157,48,48,1514,0
1774965748413,1525,GET Articles,200,Cenario 2 - Carga Crescente 2-20,true,708074,157,48,48,1524,0
1774965748441,1524,GET Articles,200,Cenario 2 - Carga Crescente 2-15,true,708075,157,48,48,1523,0
1774965748475,1520,GET Articles,200,Cenario 2 - Carga Crescente 2-16,true,708075,157,48,48,1520,0
1774965748502,1534,GET Articles,200,Cenario 2 - Carga Crescente 2-35,true,708074,157,48,48,1534,0
1774965748533,1530,GET Articles,200,Cenario 2 - Carga Crescente 2-5,true,708075,157,48,48,1530,0
1774965748570,1523,GET Articles,200,Cenario 2 - Carga Crescente 2-19,true,708075,157,48,48,1522,0
1774965748630,1504,GET Articles,200,Cenario 2 - Carga Crescente 2-11,true,708074,157,48,48,1503,0
1774965748594,1570,GET Articles,200,Cenario 2 - Carga Crescente 2-23,true,708075,157,48,48,1569,0
1774965748670,1523,GET Articles,200,Cenario 2 - Carga Crescente 2-46,true,708075,157,48,48,1522,0
1774965748700,1529,GET Articles,200,Cenario 2 - Carga Crescente 2-6,true,708074,157,48,48,1528,0
1774965748730,1534,GET Articles,200,Cenario 2 - Carga Crescente 2-8,true,708075,157,48,48,1533,0
1774965748765,1529,GET Articles,200,Cenario 2 - Carga Crescente 2-43,true,708075,157,48,48,1529,0
1774965748786,1548,GET Articles,200,Cenario 2 - Carga Crescente 2-25,true,708074,157,48,48,1548,0
1774965748821,1535,GET Articles,200,Cenario 2 - Carga Crescente 2-34,true,708075,157,48,48,1535,0
1774965748863,1522,GET Articles,200,Cenario 2 - Carga Crescente 2-37,true,708075,157,48,48,1521,0
1774965748888,1534,GET Articles,200,Cenario 2 - Carga Crescente 2-26,true,708074,157,48,48,1534,0
1774965748916,1531,GET Articles,200,Cenario 2 - Carga Crescente 2-1,true,708075,157,48,48,1531,0
1774965748949,1522,GET Articles,200,Cenario 2 - Carga Crescente 2-41,true,708075,157,48,48,1521,0
1774965748984,1524,GET Articles,200,Cenario 2 - Carga Crescente 2-7,true,708074,157,48,48,1524,0
1774965749017,1518,GET Articles,200,Cenario 2 - Carga Crescente 2-10,true,708075,157,48,48,1517,0
1774965749053,1512,GET Articles,200,Cenario 2 - Carga Crescente 2-17,true,708075,157,48,48,1512,0
1774965749115,1514,GET Articles,200,Cenario 2 - Carga Crescente 2-2,true,708074,157,48,48,1513,0
1774965749090,1546,GET Articles,200,Cenario 2 - Carga Crescente 2-47,true,708074,157,48,48,1545,0
1774965749154,1506,GET Articles,200,Cenario 2 - Carga Crescente 2-39,true,708075,157,48,48,1506,0
1774965749191,1513,GET Articles,200,Cenario 2 - Carga Crescente 2-9,true,708074,157,48,48,1510,0
1774965749220,1504,GET Articles,200,Cenario 2 - Carga Crescente 2-4,true,708074,157,48,48,1503,0
1774965749256,1492,GET Articles,200,Cenario 2 - Carga Crescente 2-44,true,708075,157,48,48,1491,0
1774965749303,1481,GET Articles,200,Cenario 2 - Carga Crescente 2-24,true,708074,157,48,48,1480,0
1774965749297,1513,GET Articles,200,Cenario 2 - Carga Crescente 2-27,true,708074,157,48,48,1512,0
1774965749346,1499,GET Articles,200,Cenario 2 - Carga Crescente 2-18,true,708075,157,48,48,1498,0
1774965749371,1522,GET Articles,200,Cenario 2 - Carga Crescente 2-22,true,708074,157,48,48,1521,0
1774965749394,1503,GET Articles,200,Cenario 2 - Carga Crescente 2-32,true,708074,157,48,48,1502,0
1774965749415,1508,GET Articles,200,Cenario 2 - Carga Crescente 2-48,true,708075,157,48,48,1507,1
1774965749482,1473,GET Articles,200,Cenario 2 - Carga Crescente 2-36,true,708074,157,48,48,1472,0
1774965749431,1553,GET Articles,200,Cenario 2 - Carga Crescente 2-13,true,708075,157,48,48,1553,0
1774965749489,1519,GET Articles,200,Cenario 2 - Carga Crescente 2-33,true,708075,157,48,48,1518,0
1774965749529,1518,GET Articles,200,Cenario 2 - Carga Crescente 2-3,true,708074,157,48,48,1517,0
1774965749551,1519,GET Articles,200,Cenario 2 - Carga Crescente 2-14,true,708075,157,48,48,1518,0
1774965749580,1524,GET Articles,200,Cenario 2 - Carga Crescente 2-12,true,708075,157,48,48,1523,0
1774965749613,1535,GET Articles,200,Cenario 2 - Carga Crescente 2-28,true,708074,157,48,48,1534,0
1774965749672,1513,GET Articles,200,Cenario 2 - Carga Crescente 2-31,true,708075,157,48,48,1513,0
1774965749676,1538,GET Articles,200,Cenario 2 - Carga Crescente 2-45,true,708075,157,48,48,1537,0
1774965749720,1544,GET Articles,200,Cenario 2 - Carga Crescente 2-42,true,708074,157,49,49,1544,0
1774965749748,1538,GET Articles,200,Cenario 2 - Carga Crescente 2-29,true,708074,157,49,49,1537,0
1774965749776,1538,GET Articles,200,Cenario 2 - Carga Crescente 2-21,true,708075,157,49,49,1537,0
1774965749820,1545,GET Articles,200,Cenario 2 - Carga Crescente 2-40,true,708074,157,49,49,1544,0
1774965749866,1524,GET Articles,200,Cenario 2 - Carga Crescente 2-38,true,708074,157,49,49,1524,0
1774965749902,1519,GET Articles,200,Cenario 2 - Carga Crescente 2-30,true,708075,157,49,49,1519,0
1774965749938,1545,GET Articles,200,Cenario 2 - Carga Crescente 2-20,true,708074,157,49,49,1544,0
1774965749965,1522,GET Articles,200,Cenario 2 - Carga Crescente 2-15,true,708074,157,49,49,1521,0
1774965749996,1515,GET Articles,200,Cenario 2 - Carga Crescente 2-16,true,708075,157,49,49,1514,0
1774965750038,1529,GET Articles,200,Cenario 2 - Carga Crescente 2-35,true,708074,157,49,49,1528,0
1774965750063,1507,GET Articles,200,Cenario 2 - Carga Crescente 2-5,true,708074,157,49,49,1507,0
1774965750093,1502,GET Articles,200,Cenario 2 - Carga Crescente 2-19,true,708075,157,49,49,1501,0
1774965750134,1495,GET Articles,200,Cenario 2 - Carga Crescente 2-11,true,708074,157,49,49,1494,0
1774965750164,1496,GET Articles,200,Cenario 2 - Carga Crescente 2-23,true,708075,157,49,49,1496,0
1774965750193,1498,GET Articles,200,Cenario 2 - Carga Crescente 2-46,true,708075,157,49,49,1497,0
1774965750229,1496,GET Articles,200,Cenario 2 - Carga Crescente 2-6,true,708074,157,49,49,1495,0
1774965750264,1489,GET Articles,200,Cenario 2 - Carga Crescente 2-8,true,708075,157,49,49,1488,0
1774965750294,1487,GET Articles,200,Cenario 2 - Carga Crescente 2-43,true,708075,157,49,49,1486,0
1774965750335,1485,GET Articles,200,Cenario 2 - Carga Crescente 2-25,true,708074,157,49,49,1485,0
1774965750356,1492,GET Articles,200,Cenario 2 - Carga Crescente 2-34,true,708075,157,49,49,1491,0
1774965750385,1499,GET Articles,200,Cenario 2 - Carga Crescente 2-37,true,708075,157,49,49,1499,0
1774965750422,1496,GET Articles,200,Cenario 2 - Carga Crescente 2-26,true,708074,157,49,49,1495,0
1774965750448,1491,GET Articles,200,Cenario 2 - Carga Crescente 2-1,true,708075,157,49,49,1490,0
1774965750471,1494,GET Articles,200,Cenario 2 - Carga Crescente 2-41,true,708075,157,49,49,1493,0
1774965750508,1493,GET Articles,200,Cenario 2 - Carga Crescente 2-7,true,708074,157,49,49,1492,0
1774965750535,1506,GET Articles,200,Cenario 2 - Carga Crescente 2-10,true,708075,157,49,49,1505,0
1774965750566,1502,GET Articles,200,Cenario 2 - Carga Crescente 2-17,true,708075,157,49,49,1501,0
1774965750629,1471,GET Articles,200,Cenario 2 - Carga Crescente 2-2,true,708074,157,49,49,1471,0
1774965750636,1494,GET Articles,200,Cenario 2 - Carga Crescente 2-47,true,708075,157,49,49,1492,0
1774965750660,1497,GET Articles,200,Cenario 2 - Carga Crescente 2-39,true,708075,157,49,49,1496,0
1774965750704,1491,GET Articles,200,Cenario 2 - Carga Crescente 2-9,true,708074,157,49,49,1490,0
1774965750724,1515,GET Articles,200,Cenario 2 - Carga Crescente 2-4,true,708075,157,49,49,1515,0
1774965750748,1495,GET Articles,200,Cenario 2 - Carga Crescente 2-44,true,708075,157,49,49,1495,0
1774965750784,1498,GET Articles,200,Cenario 2 - Carga Crescente 2-24,true,708074,157,49,49,1497,0
1774965750845,1458,GET Articles,200,Cenario 2 - Carga Crescente 2-18,true,708074,157,49,49,1458,0
1774965750810,1516,GET Articles,200,Cenario 2 - Carga Crescente 2-27,true,708075,157,49,49,1515,0
1774965750893,1465,GET Articles,200,Cenario 2 - Carga Crescente 2-22,true,708074,157,49,49,1464,0
1774965750923,1460,GET Articles,200,Cenario 2 - Carga Crescente 2-48,true,708074,157,49,49,1460,0
1774965750897,1514,GET Articles,200,Cenario 2 - Carga Crescente 2-32,true,708075,157,49,49,1513,0
1774965750955,1489,GET Articles,200,Cenario 2 - Carga Crescente 2-36,true,708074,157,49,49,1488,0
1774965750984,1482,GET Articles,200,Cenario 2 - Carga Crescente 2-13,true,708075,157,49,49,1481,0
1774965751008,1490,GET Articles,200,Cenario 2 - Carga Crescente 2-33,true,708075,157,49,49,1489,0
1774965751047,1485,GET Articles,200,Cenario 2 - Carga Crescente 2-3,true,708074,157,49,49,1484,0
1774965751070,1489,GET Articles,200,Cenario 2 - Carga Crescente 2-14,true,708075,157,49,49,1488,0
1774965751104,1484,GET Articles,200,Cenario 2 - Carga Crescente 2-12,true,708075,157,49,49,1483,0
1774965751148,1472,GET Articles,200,Cenario 2 - Carga Crescente 2-28,true,708074,157,49,49,1471,0
1774965751185,1462,GET Articles,200,Cenario 2 - Carga Crescente 2-31,true,708075,157,49,49,1461,0
1774965751214,1460,GET Articles,200,Cenario 2 - Carga Crescente 2-45,true,708075,157,49,49,1459,0
1774965751216,1492,GET Articles,200,Cenario 2 - Carga Crescente 2-49,true,708074,157,49,49,1491,0
1774965751264,1478,GET Articles,200,Cenario 2 - Carga Crescente 2-42,true,708075,157,49,49,1477,0
1774965751286,1486,GET Articles,200,Cenario 2 - Carga Crescente 2-29,true,708075,157,49,49,1486,0
1774965751314,1492,GET Articles,200,Cenario 2 - Carga Crescente 2-21,true,708074,157,49,49,1492,0
1774965751365,1469,GET Articles,200,Cenario 2 - Carga Crescente 2-40,true,708075,157,49,49,1468,0
1774965751391,1470,GET Articles,200,Cenario 2 - Carga Crescente 2-38,true,708075,157,49,49,1469,0
1774965751421,1487,GET Articles,200,Cenario 2 - Carga Crescente 2-30,true,708074,157,49,49,1486,0
1774965751483,1449,GET Articles,200,Cenario 2 - Carga Crescente 2-20,true,708075,157,49,49,1448,0
1774965751487,1472,GET Articles,200,Cenario 2 - Carga Crescente 2-15,true,708075,157,49,49,1471,0
1774965751511,1495,GET Articles,200,Cenario 2 - Carga Crescente 2-16,true,708074,157,49,49,1494,0
1774965751567,1468,GET Articles,200,Cenario 2 - Carga Crescente 2-35,true,708075,157,50,50,1467,0
1774965751571,1494,GET Articles,200,Cenario 2 - Carga Crescente 2-5,true,708075,157,50,50,1493,0
1774965751595,1515,GET Articles,200,Cenario 2 - Carga Crescente 2-19,true,708074,157,50,50,1514,0
1774965751629,1508,GET Articles,200,Cenario 2 - Carga Crescente 2-11,true,708075,157,50,50,1507,0
1774965751661,1512,GET Articles,200,Cenario 2 - Carga Crescente 2-23,true,708075,157,50,50,1511,0
1774965751691,1514,GET Articles,200,Cenario 2 - Carga Crescente 2-46,true,708074,157,50,50,1514,0
1774965751725,1514,GET Articles,200,Cenario 2 - Carga Crescente 2-6,true,708075,157,50,50,1513,0
1774965751753,1515,GET Articles,200,Cenario 2 - Carga Crescente 2-8,true,708075,157,50,50,1515,0
1774965751781,1520,GET Articles,200,Cenario 2 - Carga Crescente 2-43,true,708074,157,50,50,1519,0
1774965751821,1510,GET Articles,200,Cenario 2 - Carga Crescente 2-25,true,708075,157,50,50,1509,0
1774965751848,1514,GET Articles,200,Cenario 2 - Carga Crescente 2-34,true,708075,157,50,50,1513,0
1774965751884,1511,GET Articles,200,Cenario 2 - Carga Crescente 2-37,true,708074,157,50,50,1510,0
1774965751918,1499,GET Articles,200,Cenario 2 - Carga Crescente 2-26,true,708075,157,50,50,1499,0
1774965751939,1513,GET Articles,200,Cenario 2 - Carga Crescente 2-1,true,708075,157,50,50,1511,0
1774965751965,1518,GET Articles,200,Cenario 2 - Carga Crescente 2-41,true,708074,157,50,50,1517,0
1774965752001,1513,GET Articles,200,Cenario 2 - Carga Crescente 2-7,true,708075,157,50,50,1512,0
1774965752041,1503,GET Articles,200,Cenario 2 - Carga Crescente 2-10,true,708075,157,50,50,1503,0
1774965752068,1518,GET Articles,200,Cenario 2 - Carga Crescente 2-17,true,708074,157,50,50,1518,0
1774965752101,1513,GET Articles,200,Cenario 2 - Carga Crescente 2-2,true,708075,157,50,50,1512,0
1774965752130,1509,GET Articles,200,Cenario 2 - Carga Crescente 2-47,true,708075,157,50,50,1509,0
1774965752157,1528,GET Articles,200,Cenario 2 - Carga Crescente 2-39,true,708074,157,50,50,1528,0
1774965752195,1521,GET Articles,200,Cenario 2 - Carga Crescente 2-9,true,708075,157,50,50,1518,0
1774965752240,1512,GET Articles,200,Cenario 2 - Carga Crescente 2-4,true,708075,157,50,50,1511,0
1774965752243,1559,GET Articles,200,Cenario 2 - Carga Crescente 2-44,true,708074,157,50,50,1558,0
1774965752282,1557,GET Articles,200,Cenario 2 - Carga Crescente 2-24,true,708075,157,50,50,1557,0
1774965752304,1573,GET Articles,200,Cenario 2 - Carga Crescente 2-18,true,708076,157,50,50,1572,0
1774965752326,1591,GET Articles,200,Cenario 2 - Carga Crescente 2-27,true,708074,157,50,50,1590,0
1774965752358,1582,GET Articles,200,Cenario 2 - Carga Crescente 2-22,true,708075,157,50,50,1582,0
1774965752384,1587,GET Articles,200,Cenario 2 - Carga Crescente 2-48,true,708075,157,50,50,1586,0
1774965752411,1600,GET Articles,200,Cenario 2 - Carga Crescente 2-32,true,708074,157,50,50,1599,0
1774965752444,1599,GET Articles,200,Cenario 2 - Carga Crescente 2-36,true,708075,157,50,50,1599,0
1774965752466,1616,GET Articles,200,Cenario 2 - Carga Crescente 2-13,true,708075,157,50,50,1615,0
1774965752498,1613,GET Articles,200,Cenario 2 - Carga Crescente 2-33,true,708074,157,50,50,1613,0
1774965752532,1603,GET Articles,200,Cenario 2 - Carga Crescente 2-3,true,708075,157,50,50,1603,0
1774965752559,1606,GET Articles,200,Cenario 2 - Carga Crescente 2-14,true,708075,157,50,50,1605,0
1774965752588,1606,GET Articles,200,Cenario 2 - Carga Crescente 2-12,true,708074,157,50,50,1605,0
1774965752620,1601,GET Articles,200,Cenario 2 - Carga Crescente 2-28,true,708075,157,50,50,1600,0
1774965752647,1603,GET Articles,200,Cenario 2 - Carga Crescente 2-31,true,708075,157,50,50,1602,0
1774965752674,1604,GET Articles,200,Cenario 2 - Carga Crescente 2-45,true,708074,157,50,50,1603,0
1774965752708,1598,GET Articles,200,Cenario 2 - Carga Crescente 2-49,true,708074,157,50,50,1598,0
1774965752742,1589,GET Articles,200,Cenario 2 - Carga Crescente 2-42,true,708075,157,50,50,1588,0
1774965752773,1595,GET Articles,200,Cenario 2 - Carga Crescente 2-29,true,708074,157,50,50,1595,0
1774965752806,1592,GET Articles,200,Cenario 2 - Carga Crescente 2-21,true,708074,157,50,50,1592,0
1774965752834,1594,GET Articles,200,Cenario 2 - Carga Crescente 2-40,true,708075,157,50,50,1593,0
1774965752861,1606,GET Articles,200,Cenario 2 - Carga Crescente 2-38,true,708074,157,50,50,1606,0
1774965752908,1588,GET Articles,200,Cenario 2 - Carga Crescente 2-30,true,708074,157,50,50,1587,0
1774965752932,1595,GET Articles,200,Cenario 2 - Carga Crescente 2-20,true,708075,157,50,50,1594,0
1774965752959,1600,GET Articles,200,Cenario 2 - Carga Crescente 2-15,true,708074,157,50,50,1599,0
1774965753006,1586,GET Articles,200,Cenario 2 - Carga Crescente 2-16,true,708074,157,50,50,1585,1
1774965753014,1606,GET Articles,200,Cenario 2 - Carga Crescente 2-50,true,708075,157,50,50,1606,1
1774965753035,1618,GET Articles,200,Cenario 2 - Carga Crescente 2-35,true,708074,157,50,50,1618,0
1774965753065,1626,GET Articles,200,Cenario 2 - Carga Crescente 2-5,true,708074,157,50,50,1625,0
1774965753110,1609,GET Articles,200,Cenario 2 - Carga Crescente 2-19,true,708075,157,50,50,1608,0
1774965753137,1611,GET Articles,200,Cenario 2 - Carga Crescente 2-11,true,708074,157,50,50,1611,0
1774965753173,1614,GET Articles,200,Cenario 2 - Carga Crescente 2-23,true,708074,157,50,50,1613,0
1774965753206,1606,GET Articles,200,Cenario 2 - Carga Crescente 2-46,true,708075,157,50,50,1605,0
1774965753239,1604,GET Articles,200,Cenario 2 - Carga Crescente 2-6,true,708074,157,50,50,1603,0
1774965753268,1611,GET Articles,200,Cenario 2 - Carga Crescente 2-8,true,708074,157,49,49,1610,0
1774965753301,1615,GET Articles,200,Cenario 2 - Carga Crescente 2-43,true,708075,157,48,48,1614,0
1774965753331,1611,GET Articles,200,Cenario 2 - Carga Crescente 2-25,true,708074,157,47,47,1610,0
1774965753362,1620,GET Articles,200,Cenario 2 - Carga Crescente 2-34,true,708074,157,46,46,1619,0
1774965753395,1617,GET Articles,200,Cenario 2 - Carga Crescente 2-37,true,708075,157,45,45,1616,0
1774965753418,1618,GET Articles,200,Cenario 2 - Carga Crescente 2-26,true,708075,157,44,44,1617,0
1774965753452,1619,GET Articles,200,Cenario 2 - Carga Crescente 2-1,true,708074,157,43,43,1618,0
1774965753483,1617,GET Articles,200,Cenario 2 - Carga Crescente 2-41,true,708075,157,42,42,1616,0
1774965753514,1610,GET Articles,200,Cenario 2 - Carga Crescente 2-7,true,708075,157,41,41,1609,0
1774965753545,1617,GET Articles,200,Cenario 2 - Carga Crescente 2-10,true,708074,157,40,40,1617,0
1774965753587,1601,GET Articles,200,Cenario 2 - Carga Crescente 2-17,true,708075,157,39,39,1601,0
1774965753614,1607,GET Articles,200,Cenario 2 - Carga Crescente 2-2,true,708075,157,38,38,1606,0
1774965753640,1614,GET Articles,200,Cenario 2 - Carga Crescente 2-47,true,708074,157,37,37,1613,0
1774965753686,1597,GET Articles,200,Cenario 2 - Carga Crescente 2-39,true,708075,157,36,36,1597,0
1774965753716,1591,GET Articles,200,Cenario 2 - Carga Crescente 2-9,true,708075,157,35,35,1590,0
1774965753752,1595,GET Articles,200,Cenario 2 - Carga Crescente 2-4,true,708074,157,34,34,1594,0
1774965753802,1576,GET Articles,200,Cenario 2 - Carga Crescente 2-44,true,708075,157,33,33,1575,0
1774965753839,1562,GET Articles,200,Cenario 2 - Carga Crescente 2-24,true,708075,157,32,32,1561,0
1774965753877,1556,GET Articles,200,Cenario 2 - Carga Crescente 2-18,true,708074,157,31,31,1555,0
1774965753917,1547,GET Articles,200,Cenario 2 - Carga Crescente 2-27,true,708075,157,30,30,1546,0
1774965753941,1554,GET Articles,200,Cenario 2 - Carga Crescente 2-22,true,708075,157,29,29,1554,0
1774965753971,1554,GET Articles,200,Cenario 2 - Carga Crescente 2-48,true,708074,157,28,28,1553,0
1774965754011,1540,GET Articles,200,Cenario 2 - Carga Crescente 2-32,true,708075,157,27,27,1540,0
1774965754043,1539,GET Articles,200,Cenario 2 - Carga Crescente 2-36,true,708075,157,26,26,1538,0
1774965754082,1537,GET Articles,200,Cenario 2 - Carga Crescente 2-13,true,708074,157,25,25,1536,0
1774965754111,1538,GET Articles,200,Cenario 2 - Carga Crescente 2-33,true,708075,157,24,24,1537,0
1774965754136,1541,GET Articles,200,Cenario 2 - Carga Crescente 2-3,true,708075,157,23,23,1540,0
1774965754165,1551,GET Articles,200,Cenario 2 - Carga Crescente 2-14,true,708074,157,22,22,1550,0
1774965754194,1559,GET Articles,200,Cenario 2 - Carga Crescente 2-12,true,708075,157,21,21,1558,0
1774965754221,1557,GET Articles,200,Cenario 2 - Carga Crescente 2-28,true,708075,157,20,20,1556,0
1774965754250,1563,GET Articles,200,Cenario 2 - Carga Crescente 2-31,true,708074,157,19,19,1563,0
1774965754278,1565,GET Articles,200,Cenario 2 - Carga Crescente 2-45,true,708075,157,18,18,1564,0
1774965754307,1571,GET Articles,200,Cenario 2 - Carga Crescente 2-49,true,708075,157,17,17,1570,0
1774965754331,1603,GET Articles,200,Cenario 2 - Carga Crescente 2-42,true,708074,157,16,16,1603,0
1774965754369,1595,GET Articles,200,Cenario 2 - Carga Crescente 2-29,true,708075,157,15,15,1595,0
1774965754398,1596,GET Articles,200,Cenario 2 - Carga Crescente 2-21,true,708076,157,14,14,1595,0
1774965754428,1598,GET Articles,200,Cenario 2 - Carga Crescente 2-40,true,708074,157,13,13,1598,0
1774965754467,1596,GET Articles,200,Cenario 2 - Carga Crescente 2-38,true,708075,157,12,12,1595,0
1774965754496,1610,GET Articles,200,Cenario 2 - Carga Crescente 2-30,true,708075,157,11,11,1609,0
1774965754527,1615,GET Articles,200,Cenario 2 - Carga Crescente 2-20,true,708074,157,10,10,1614,0
1774965754559,1607,GET Articles,200,Cenario 2 - Carga Crescente 2-15,true,708075,157,9,9,1607,0
1774965754592,1596,GET Articles,200,Cenario 2 - Carga Crescente 2-16,true,708075,157,8,8,1596,0
1774965754621,1602,GET Articles,200,Cenario 2 - Carga Crescente 2-50,true,708074,157,7,7,1601,0
1774965754654,1606,GET Articles,200,Cenario 2 - Carga Crescente 2-35,true,708075,157,6,6,1605,0
1774965754691,1604,GET Articles,200,Cenario 2 - Carga Crescente 2-5,true,708075,157,5,5,1603,0
1774965754719,1614,GET Articles,200,Cenario 2 - Carga Crescente 2-19,true,708074,157,4,4,1613,0
1774965754749,1636,GET Articles,200,Cenario 2 - Carga Crescente 2-11,true,708075,157,3,3,1635,0
1774965754787,1601,GET Articles,200,Cenario 2 - Carga Crescente 2-23,true,708075,157,2,2,1601,0
1774965754812,1601,GET Articles,200,Cenario 2 - Carga Crescente 2-46,true,708074,157,1,1,1601,0
1774965756416,29,GET Articles,200,Cenario 3 - Pico de Requisicoes 3-1,true,708074,157,1,1,28,1
1774965756445,26,GET Articles,200,Cenario 3 - Pico de Requisicoes 3-1,true,708074,157,2,2,25,0
1774965756466,36,GET Articles,200,Cenario 3 - Pico de Requisicoes 3-2,true,708074,157,2,2,35,0
1774965756471,62,GET Articles,200,Cenario 3 - Pico de Requisicoes 3-1,true,708075,157,3,3,62,0
1774965756502,66,GET Articles,200,Cenario 3 - Pico de Requisicoes 3-2,true,708074,157,4,4,65,0
1774965756516,96,GET Articles,200,Cenario 3 - Pico de Requisicoes 3-3,true,708075,157,4,4,95,0
1774965756534,104,GET Articles,200,Cenario 3 - Pico de Requisicoes 3-1,true,708075,157,5,5,103,0
1774965756566,113,GET Articles,200,Cenario 3 - Pico de Requisicoes 3-4,true,708074,157,6,6,112,1
1774965756568,147,GET Articles,200,Cenario 3 - Pico de Requisicoes 3-2,true,708075,157,6,6,146,0
1774965756612,132,GET Articles,200,Cenario 3 - Pico de Requisicoes 3-3,true,708075,157,7,7,132,0
1774965756615,163,GET Articles,200,Cenario 3 - Pico de Requisicoes 3-5,true,708074,157,8,8,163,1
1774965756638,168,GET Articles,200,Cenario 3 - Pico de Requisicoes 3-1,true,708075,157,8,8,165,0
1774965756666,170,GET Articles,200,Cenario 3 - Pico de Requisicoes 3-6,true,708075,157,9,9,169,0
1774965756679,196,GET Articles,200,Cenario 3 - Pico de Requisicoes 3-4,true,708074,157,10,10,195,0
1774965756715,184,GET Articles,200,Cenario 3 - Pico de Requisicoes 3-2,true,708075,157,10,10,183,0
1774965756716,213,GET Articles,200,Cenario 3 - Pico de Requisicoes 3-7,true,708075,157,11,11,212,0
1774965756745,218,GET Articles,200,Cenario 3 - Pico de Requisicoes 3-3,true,708074,157,11,11,217,0
1774965756765,222,GET Articles,200,Cenario 3 - Pico de Requisicoes 3-8,true,708074,157,12,12,221,1
1774965756779,232,GET Articles,200,Cenario 3 - Pico de Requisicoes 3-5,true,708075,157,12,12,232,0
1774965756806,246,GET Articles,200,Cenario 3 - Pico de Requisicoes 3-1,true,708074,157,13,13,245,0
1774965756816,269,GET Articles,200,Cenario 3 - Pico de Requisicoes 3-9,true,708074,157,14,14,268,0
1774965756836,278,GET Articles,200,Cenario 3 - Pico de Requisicoes 3-6,true,708075,157,14,14,278,0
1774965756875,276,GET Articles,200,Cenario 3 - Pico de Requisicoes 3-4,true,708074,157,15,15,275,0
1774965756866,316,GET Articles,200,Cenario 3 - Pico de Requisicoes 3-10,true,708075,157,16,16,315,0
1774965756899,307,GET Articles,200,Cenario 3 - Pico de Requisicoes 3-2,true,708075,157,16,16,306,0
1774965756915,331,GET Articles,200,Cenario 3 - Pico de Requisicoes 3-11,true,708074,157,17,17,330,0
1774965756929,346,GET Articles,200,Cenario 3 - Pico de Requisicoes 3-7,true,708075,157,18,18,345,0
1774965756965,334,GET Articles,200,Cenario 3 - Pico de Requisicoes 3-12,true,708075,157,18,18,333,1
1774965756963,370,GET Articles,200,Cenario 3 - Pico de Requisicoes 3-3,true,708074,157,19,19,370,0
1774965756988,373,GET Articles,200,Cenario 3 - Pico de Requisicoes 3-8,true,708075,157,19,19,372,0
1774965757012,386,GET Articles,200,Cenario 3 - Pico de Requisicoes 3-5,true,708075,157,20,20,385,0
1774965757015,417,GET Articles,200,Cenario 3 - Pico de Requisicoes 3-13,true,708074,157,21,21,416,1
1774965757066,394,GET Articles,200,Cenario 3 - Pico de Requisicoes 3-14,true,708075,157,21,21,394,0
1774965757052,444,GET Articles,200,Cenario 3 - Pico de Requisicoes 3-1,true,708075,157,22,22,444,0
1774965757085,446,GET Articles,200,Cenario 3 - Pico de Requisicoes 3-9,true,708074,157,23,23,445,0
1774965757115,454,GET Articles,200,Cenario 3 - Pico de Requisicoes 3-6,true,708075,157,24,24,453,0
1774965757116,480,GET Articles,200,Cenario 3 - Pico de Requisicoes 3-15,true,708075,157,24,24,479,0
1774965757151,479,GET Articles,200,Cenario 3 - Pico de Requisicoes 3-4,true,708074,157,25,25,479,0
1774965757165,496,GET Articles,200,Cenario 3 - Pico de Requisicoes 3-16,true,708075,157,25,25,496,0
1774965757182,515,GET Articles,200,Cenario 3 - Pico de Requisicoes 3-10,true,708075,157,26,26,514,0
1774965757206,537,GET Articles,200,Cenario 3 - Pico de Requisicoes 3-2,true,708074,157,27,27,536,0
1774965757215,558,GET Articles,200,Cenario 3 - Pico de Requisicoes 3-17,true,708075,157,28,28,557,1
1774965757246,553,GET Articles,200,Cenario 3 - Pico de Requisicoes 3-11,true,708075,157,28,28,553,0
1774965757265,575,GET Articles,200,Cenario 3 - Pico de Requisicoes 3-18,true,708074,157,29,29,574,1
1774965757275,608,GET Articles,200,Cenario 3 - Pico de Requisicoes 3-7,true,708075,157,30,30,607,0
1774965757299,608,GET Articles,200,Cenario 3 - Pico de Requisicoes 3-12,true,708075,157,30,30,607,0
1774965757316,639,GET Articles,200,Cenario 3 - Pico de Requisicoes 3-19,true,708074,157,31,31,638,0
1774965757334,644,GET Articles,200,Cenario 3 - Pico de Requisicoes 3-3,true,708075,157,32,32,644,0
1774965757361,643,GET Articles,200,Cenario 3 - Pico de Requisicoes 3-8,true,708075,157,32,32,642,0
1774965757366,706,GET Articles,200,Cenario 3 - Pico de Requisicoes 3-20,true,708074,157,34,34,706,0
1774965757398,678,GET Articles,200,Cenario 3 - Pico de Requisicoes 3-5,true,708074,157,34,34,678,0
1774965757415,690,GET Articles,200,Cenario 3 - Pico de Requisicoes 3-21,true,708075,157,34,34,690,1
1774965757461,691,GET Articles,200,Cenario 3 - Pico de Requisicoes 3-14,true,708074,157,35,35,690,0
1774965757432,749,GET Articles,200,Cenario 3 - Pico de Requisicoes 3-13,true,708074,157,36,36,748,0
1774965757465,741,GET Articles,200,Cenario 3 - Pico de Requisicoes 3-22,true,708075,157,36,36,741,1
1774965757497,749,GET Articles,200,Cenario 3 - Pico de Requisicoes 3-1,true,708074,157,37,37,748,0
1774965757516,758,GET Articles,200,Cenario 3 - Pico de Requisicoes 3-23,true,708074,157,38,38,757,0
1774965757531,774,GET Articles,200,Cenario 3 - Pico de Requisicoes 3-9,true,708075,157,38,38,773,0
1774965757566,777,GET Articles,200,Cenario 3 - Pico de Requisicoes 3-24,true,708074,157,39,39,776,0
1774965757569,807,GET Articles,200,Cenario 3 - Pico de Requisicoes 3-6,true,708075,157,40,40,806,0
1774965757596,801,GET Articles,200,Cenario 3 - Pico de Requisicoes 3-15,true,708075,157,40,40,800,0
1774965757616,823,GET Articles,200,Cenario 3 - Pico de Requisicoes 3-25,true,708074,157,41,41,822,0
1774965757631,842,GET Articles,200,Cenario 3 - Pico de Requisicoes 3-4,true,708075,157,42,42,841,0
1774965757662,834,GET Articles,200,Cenario 3 - Pico de Requisicoes 3-16,true,708075,157,42,42,834,0
1774965757665,874,GET Articles,200,Cenario 3 - Pico de Requisicoes 3-26,true,708074,157,43,43,873,1
1774965757697,865,GET Articles,200,Cenario 3 - Pico de Requisicoes 3-10,true,708075,157,43,43,864,0
1774965757716,870,GET Articles,200,Cenario 3 - Pico de Requisicoes 3-27,true,708075,157,44,44,869,0
1774965757743,879,GET Articles,200,Cenario 3 - Pico de Requisicoes 3-2,true,708074,157,45,45,879,0
1774965757766,899,GET Articles,200,Cenario 3 - Pico de Requisicoes 3-28,true,708075,157,46,46,899,1
1774965757773,916,GET Articles,200,Cenario 3 - Pico de Requisicoes 3-17,true,708075,157,46,46,915,0
1774965757800,943,GET Articles,200,Cenario 3 - Pico de Requisicoes 3-11,true,708074,157,47,47,943,0
1774965757816,955,GET Articles,200,Cenario 3 - Pico de Requisicoes 3-29,true,708074,157,48,48,954,0
1774965757840,968,GET Articles,200,Cenario 3 - Pico de Requisicoes 3-18,true,708076,157,48,48,967,0
1774965757865,981,GET Articles,200,Cenario 3 - Pico de Requisicoes 3-30,true,708074,157,49,49,980,0
1774965757883,998,GET Articles,200,Cenario 3 - Pico de Requisicoes 3-7,true,708075,157,50,50,997,0
1774965757907,1002,GET Articles,200,Cenario 3 - Pico de Requisicoes 3-12,true,708075,157,50,50,1001,0
1774965757915,1026,GET Articles,200,Cenario 3 - Pico de Requisicoes 3-31,true,708074,157,51,51,1025,1
1774965757955,1020,GET Articles,200,Cenario 3 - Pico de Requisicoes 3-19,true,708075,157,52,52,1019,0
1774965757965,1033,GET Articles,200,Cenario 3 - Pico de Requisicoes 3-32,true,708075,157,52,52,1032,1
1774965757978,1058,GET Articles,200,Cenario 3 - Pico de Requisicoes 3-3,true,708074,157,53,53,1057,0
1774965758004,1073,GET Articles,200,Cenario 3 - Pico de Requisicoes 3-8,true,708075,157,54,54,1073,0
1774965758016,1096,GET Articles,200,Cenario 3 - Pico de Requisicoes 3-33,true,708075,157,54,54,1095,0
1774965758066,1080,GET Articles,200,Cenario 3 - Pico de Requisicoes 3-34,true,708074,157,55,55,1080,1
1774965758073,1099,GET Articles,200,Cenario 3 - Pico de Requisicoes 3-20,true,708075,157,56,56,1098,0
1774965758076,1119,GET Articles,200,Cenario 3 - Pico de Requisicoes 3-5,true,708075,157,56,56,1118,0
1774965758106,1126,GET Articles,200,Cenario 3 - Pico de Requisicoes 3-21,true,708074,157,57,57,1125,0
1774965758115,1141,GET Articles,200,Cenario 3 - Pico de Requisicoes 3-35,true,708075,157,57,57,1141,1
1774965758165,1125,GET Articles,200,Cenario 3 - Pico de Requisicoes 3-36,true,708075,157,58,58,1125,1
1774965758152,1174,GET Articles,200,Cenario 3 - Pico de Requisicoes 3-14,true,708074,157,59,59,1173,0
1774965758181,1178,GET Articles,200,Cenario 3 - Pico de Requisicoes 3-13,true,708075,157,59,59,1177,0
1774965758207,1183,GET Articles,200,Cenario 3 - Pico de Requisicoes 3-22,true,708075,157,60,60,1182,0
1774965758216,1210,GET Articles,200,Cenario 3 - Pico de Requisicoes 3-37,true,708074,157,61,61,1209,0
1774965758266,1189,GET Articles,200,Cenario 3 - Pico de Requisicoes 3-38,true,708075,157,61,61,1188,0
1774965758246,1246,GET Articles,200,Cenario 3 - Pico de Requisicoes 3-1,true,708075,157,62,62,1245,0
1774965758274,1263,GET Articles,200,Cenario 3 - Pico de Requisicoes 3-23,true,708074,157,63,63,1262,0
1774965758305,1265,GET Articles,200,Cenario 3 - Pico de Requisicoes 3-9,true,708075,157,64,64,1264,0
1774965758316,1278,GET Articles,200,Cenario 3 - Pico de Requisicoes 3-39,true,708075,157,64,64,1277,1
1774965758343,1291,GET Articles,200,Cenario 3 - Pico de Requisicoes 3-24,true,708074,157,65,65,1291,0
1774965758365,1297,GET Articles,200,Cenario 3 - Pico de Requisicoes 3-40,true,708075,157,65,65,1296,1
1774965758376,1324,GET Articles,200,Cenario 3 - Pico de Requisicoes 3-6,true,708075,157,66,66,1323,0
1774965758397,1350,GET Articles,200,Cenario 3 - Pico de Requisicoes 3-15,true,708074,157,67,67,1349,0
1774965758415,1357,GET Articles,200,Cenario 3 - Pico de Requisicoes 3-41,true,708075,157,68,68,1356,1
1774965758439,1355,GET Articles,200,Cenario 3 - Pico de Requisicoes 3-25,true,708075,157,68,68,1355,0
1774965758465,1368,GET Articles,200,Cenario 3 - Pico de Requisicoes 3-42,true,708074,157,69,69,1367,0
1774965758473,1387,GET Articles,200,Cenario 3 - Pico de Requisicoes 3-4,true,708075,157,69,69,1387,0
1774965758497,1390,GET Articles,200,Cenario 3 - Pico de Requisicoes 3-16,true,708075,157,70,70,1390,0
1774965758516,1410,GET Articles,200,Cenario 3 - Pico de Requisicoes 3-43,true,708074,157,71,71,1409,0
1774965758539,1417,GET Articles,200,Cenario 3 - Pico de Requisicoes 3-26,true,708075,157,71,71,1416,0
1774965758562,1419,GET Articles,200,Cenario 3 - Pico de Requisicoes 3-10,true,708075,157,72,72,1418,0
1774965758566,1452,GET Articles,200,Cenario 3 - Pico de Requisicoes 3-44,true,708074,157,73,73,1451,1
1774965758586,1463,GET Articles,200,Cenario 3 - Pico de Requisicoes 3-27,true,708075,157,73,73,1462,0
1774965758615,1460,GET Articles,200,Cenario 3 - Pico de Requisicoes 3-45,true,708075,157,74,74,1459,1
1774965758622,1489,GET Articles,200,Cenario 3 - Pico de Requisicoes 3-2,true,708074,157,74,74,1489,0
1774965758666,1476,GET Articles,200,Cenario 3 - Pico de Requisicoes 3-46,true,708075,157,75,75,1475,0
1774965758666,1502,GET Articles,200,Cenario 3 - Pico de Requisicoes 3-28,true,708075,157,76,76,1501,0
1774965758689,1520,GET Articles,200,Cenario 3 - Pico de Requisicoes 3-17,true,708074,157,76,76,1520,0
1774965758716,1517,GET Articles,200,Cenario 3 - Pico de Requisicoes 3-47,true,708075,157,77,77,1516,0
1774965758744,1511,GET Articles,200,Cenario 3 - Pico de Requisicoes 3-11,true,708075,157,77,77,1510,0
1774965758766,1548,GET Articles,200,Cenario 3 - Pico de Requisicoes 3-48,true,708074,157,78,78,1545,0
1774965758771,1581,GET Articles,200,Cenario 3 - Pico de Requisicoes 3-29,true,708074,157,79,79,1580,0
1774965758808,1548,GET Articles,200,Cenario 3 - Pico de Requisicoes 3-18,true,708074,157,79,79,1547,0
1774965758816,1581,GET Articles,200,Cenario 3 - Pico de Requisicoes 3-49,true,708074,157,80,80,1580,0
1774965758846,1592,GET Articles,200,Cenario 3 - Pico de Requisicoes 3-30,true,708074,157,81,81,1591,0
1774965758865,1599,GET Articles,200,Cenario 3 - Pico de Requisicoes 3-50,true,708075,157,81,81,1598,1
1774965758881,1631,GET Articles,200,Cenario 3 - Pico de Requisicoes 3-7,true,708074,157,82,82,1630,0
1774965758909,1641,GET Articles,200,Cenario 3 - Pico de Requisicoes 3-12,true,708075,157,83,83,1640,0
1774965758915,1664,GET Articles,200,Cenario 3 - Pico de Requisicoes 3-51,true,708075,157,84,84,1663,1
1774965758941,1675,GET Articles,200,Cenario 3 - Pico de Requisicoes 3-31,true,708074,157,85,85,1674,0
1774965758966,1679,GET Articles,200,Cenario 3 - Pico de Requisicoes 3-52,true,708075,157,85,85,1678,0
1774965758975,1699,GET Articles,200,Cenario 3 - Pico de Requisicoes 3-19,true,708075,157,86,86,1698,0
1774965758998,1709,GET Articles,200,Cenario 3 - Pico de Requisicoes 3-32,true,708074,157,86,86,1708,0
1774965759016,1728,GET Articles,200,Cenario 3 - Pico de Requisicoes 3-53,true,708075,157,87,87,1728,0
1774965759036,1734,GET Articles,200,Cenario 3 - Pico de Requisicoes 3-3,true,708075,157,88,88,1733,0
1774965759066,1751,GET Articles,200,Cenario 3 - Pico de Requisicoes 3-54,true,708074,157,89,89,1751,0
1774965759112,1731,GET Articles,200,Cenario 3 - Pico de Requisicoes 3-33,true,708075,157,89,89,1730,0
1774965759078,1789,GET Articles,200,Cenario 3 - Pico de Requisicoes 3-8,true,708075,157,90,90,1789,0
1774965759115,1791,GET Articles,200,Cenario 3 - Pico de Requisicoes 3-55,true,708074,157,90,90,1791,1
1774965759147,1789,GET Articles,200,Cenario 3 - Pico de Requisicoes 3-34,true,708075,157,91,91,1788,0
1774965759165,1799,GET Articles,200,Cenario 3 - Pico de Requisicoes 3-56,true,708075,157,91,91,1798,1
1774965759172,1825,GET Articles,200,Cenario 3 - Pico de Requisicoes 3-20,true,708074,157,92,92,1824,0
1774965759195,1838,GET Articles,200,Cenario 3 - Pico de Requisicoes 3-5,true,708075,157,93,93,1837,0
1774965759215,1855,GET Articles,200,Cenario 3 - Pico de Requisicoes 3-57,true,708075,157,94,94,1854,0
1774965759232,1879,GET Articles,200,Cenario 3 - Pico de Requisicoes 3-21,true,708074,157,94,94,1878,0
1774965759257,1888,GET Articles,200,Cenario 3 - Pico de Requisicoes 3-35,true,708075,157,95,95,1887,0
1774965759266,1910,GET Articles,200,Cenario 3 - Pico de Requisicoes 3-58,true,708075,157,96,96,1909,0
1774965759290,1925,GET Articles,200,Cenario 3 - Pico de Requisicoes 3-36,true,708074,157,96,96,1924,0
1774965759316,1932,GET Articles,200,Cenario 3 - Pico de Requisicoes 3-59,true,708075,157,97,97,1931,0
1774965759326,1956,GET Articles,200,Cenario 3 - Pico de Requisicoes 3-14,true,708075,157,98,98,1955,0
1774965759359,1965,GET Articles,200,Cenario 3 - Pico de Requisicoes 3-13,true,708074,157,99,99,1964,0
1774965759365,1986,GET Articles,200,Cenario 3 - Pico de Requisicoes 3-60,true,708075,157,99,99,1985,1
1774965759390,1987,GET Articles,200,Cenario 3 - Pico de Requisicoes 3-22,true,708075,157,100,100,1986,0
1774965759416,2016,GET Articles,200,Cenario 3 - Pico de Requisicoes 3-61,true,708074,157,100,100,2016,0
1774965759426,2010,GET Articles,200,Cenario 3 - Pico de Requisicoes 3-37,true,708074,157,100,100,2010,0
1774965759455,2025,GET Articles,200,Cenario 3 - Pico de Requisicoes 3-38,true,708075,157,100,100,2024,0
1774965759492,2022,GET Articles,200,Cenario 3 - Pico de Requisicoes 3-1,true,708074,157,100,100,2021,0
1774965759466,2071,GET Articles,200,Cenario 3 - Pico de Requisicoes 3-62,true,708074,157,100,100,2070,0
1774965759516,2043,GET Articles,200,Cenario 3 - Pico de Requisicoes 3-63,true,708075,157,100,100,2043,1
1774965759537,2059,GET Articles,200,Cenario 3 - Pico de Requisicoes 3-23,true,708074,157,100,100,2058,0
1774965759565,2058,GET Articles,200,Cenario 3 - Pico de Requisicoes 3-64,true,708074,157,100,100,2057,1
1774965759570,2074,GET Articles,200,Cenario 3 - Pico de Requisicoes 3-9,true,708075,157,100,100,2073,0
1774965759593,2102,GET Articles,200,Cenario 3 - Pico de Requisicoes 3-39,true,708074,157,100,100,2101,0
1774965759614,2088,GET Articles,200,Cenario 3 - Pico de Requisicoes 3-65,true,708074,157,100,100,2087,1
1774965759634,2097,GET Articles,200,Cenario 3 - Pico de Requisicoes 3-24,true,708075,157,100,100,2096,0
1774965759661,2104,GET Articles,200,Cenario 3 - Pico de Requisicoes 3-40,true,708074,157,100,100,2103,0
1774965759665,2136,GET Articles,200,Cenario 3 - Pico de Requisicoes 3-66,true,708075,157,100,100,2135,0
1774965759699,2131,GET Articles,200,Cenario 3 - Pico de Requisicoes 3-6,true,708075,157,100,100,2130,0
1774965759715,2156,GET Articles,200,Cenario 3 - Pico de Requisicoes 3-67,true,708074,157,100,100,2156,0
1774965759746,2148,GET Articles,200,Cenario 3 - Pico de Requisicoes 3-15,true,708074,157,100,100,2148,0
1774965759765,2158,GET Articles,200,Cenario 3 - Pico de Requisicoes 3-68,true,708075,157,100,100,2157,1
1774965759793,2173,GET Articles,200,Cenario 3 - Pico de Requisicoes 3-25,true,708074,157,100,100,2172,0
1774965759771,2225,GET Articles,200,Cenario 3 - Pico de Requisicoes 3-41,true,708075,157,100,100,2224,0
1774965759814,2208,GET Articles,200,Cenario 3 - Pico de Requisicoes 3-69,true,708075,157,100,100,2207,1
1774965759832,2237,GET Articles,200,Cenario 3 - Pico de Requisicoes 3-42,true,708074,157,100,100,2237,0
1774965759859,2233,GET Articles,200,Cenario 3 - Pico de Requisicoes 3-4,true,708074,157,100,100,2233,0
1774965759864,2264,GET Articles,200,Cenario 3 - Pico de Requisicoes 3-70,true,708075,157,100,100,2264,1
1774965759886,2291,GET Articles,200,Cenario 3 - Pico de Requisicoes 3-16,true,708074,157,100,100,2290,0
1774965759915,2286,GET Articles,200,Cenario 3 - Pico de Requisicoes 3-71,true,708074,157,100,100,2285,0
1774965759925,2315,GET Articles,200,Cenario 3 - Pico de Requisicoes 3-43,true,708075,157,100,100,2314,0
1774965759955,2315,GET Articles,200,Cenario 3 - Pico de Requisicoes 3-26,true,708074,157,100,100,2315,0
1774965759980,2320,GET Articles,200,Cenario 3 - Pico de Requisicoes 3-10,true,708075,157,100,100,2319,0
1774965759965,2370,GET Articles,200,Cenario 3 - Pico de Requisicoes 3-72,true,708075,157,100,100,2369,0
1774965760014,2360,GET Articles,200,Cenario 3 - Pico de Requisicoes 3-73,true,708074,157,100,100,2359,1
1774965760017,2385,GET Articles,200,Cenario 3 - Pico de Requisicoes 3-44,true,708075,157,100,100,2384,0
1774965760048,2390,GET Articles,200,Cenario 3 - Pico de Requisicoes 3-27,true,708075,157,100,100,2389,0
1774965760064,2430,GET Articles,200,Cenario 3 - Pico de Requisicoes 3-74,true,708074,157,100,100,2429,1
1774965760074,2449,GET Articles,200,Cenario 3 - Pico de Requisicoes 3-45,true,708075,157,100,100,2448,0
1774965760110,2450,GET Articles,200,Cenario 3 - Pico de Requisicoes 3-2,true,708076,157,100,100,2449,0
1774965760114,2479,GET Articles,200,Cenario 3 - Pico de Requisicoes 3-75,true,708074,157,100,100,2479,0
1774965760141,2475,GET Articles,200,Cenario 3 - Pico de Requisicoes 3-46,true,708075,157,100,100,2474,0
1774965760165,2473,GET Articles,200,Cenario 3 - Pico de Requisicoes 3-76,true,708075,157,100,100,2472,0
1774965760167,2509,GET Articles,200,Cenario 3 - Pico de Requisicoes 3-28,true,708074,157,100,100,2509,0
1774965760208,2496,GET Articles,200,Cenario 3 - Pico de Requisicoes 3-17,true,708075,157,100,100,2495,0
1774965760215,2525,GET Articles,200,Cenario 3 - Pico de Requisicoes 3-77,true,708075,157,100,100,2524,0
1774965760232,2539,GET Articles,200,Cenario 3 - Pico de Requisicoes 3-47,true,708074,157,100,100,2538,0
1774965760254,2549,GET Articles,200,Cenario 3 - Pico de Requisicoes 3-11,true,708075,157,100,100,2548,0
1774965760264,2582,GET Articles,200,Cenario 3 - Pico de Requisicoes 3-78,true,708075,157,100,100,2581,1
1774965760314,2568,GET Articles,200,Cenario 3 - Pico de Requisicoes 3-79,true,708074,157,100,100,2567,1
1774965760313,2591,GET Articles,200,Cenario 3 - Pico de Requisicoes 3-48,true,708075,157,100,100,2590,0
1774965760351,2583,GET Articles,200,Cenario 3 - Pico de Requisicoes 3-29,true,708075,157,100,100,2582,0
1774965760355,2616,GET Articles,200,Cenario 3 - Pico de Requisicoes 3-18,true,708074,157,100,100,2615,0
1774965760364,2643,GET Articles,200,Cenario 3 - Pico de Requisicoes 3-80,true,708075,157,100,100,2642,1
1774965760414,2621,GET Articles,200,Cenario 3 - Pico de Requisicoes 3-81,true,708075,157,100,100,2620,0
1774965760396,2679,GET Articles,200,Cenario 3 - Pico de Requisicoes 3-49,true,708074,157,100,100,2679,0
1774965760437,2668,GET Articles,200,Cenario 3 - Pico de Requisicoes 3-30,true,708075,157,100,100,2667,0
1774965760463,2668,GET Articles,200,Cenario 3 - Pico de Requisicoes 3-50,true,708075,157,100,100,2668,0
1774965760465,2701,GET Articles,200,Cenario 3 - Pico de Requisicoes 3-82,true,708074,157,100,100,2700,0
1774965760511,2684,GET Articles,200,Cenario 3 - Pico de Requisicoes 3-7,true,708075,157,100,100,2683,0
1774965760515,2705,GET Articles,200,Cenario 3 - Pico de Requisicoes 3-83,true,708075,157,100,100,2704,0
1774965760549,2709,GET Articles,200,Cenario 3 - Pico de Requisicoes 3-12,true,708074,157,100,100,2709,0
1774965760564,2721,GET Articles,200,Cenario 3 - Pico de Requisicoes 3-84,true,708075,157,100,100,2720,1
1774965760578,2739,GET Articles,200,Cenario 3 - Pico de Requisicoes 3-51,true,708075,157,100,100,2739,0
1774965760614,2740,GET Articles,200,Cenario 3 - Pico de Requisicoes 3-85,true,708074,157,100,100,2739,1
1774965760615,2781,GET Articles,200,Cenario 3 - Pico de Requisicoes 3-31,true,708075,157,100,100,2780,0
1774965760644,2775,GET Articles,200,Cenario 3 - Pico de Requisicoes 3-52,true,708075,157,100,100,2774,0
1774965760665,2790,GET Articles,200,Cenario 3 - Pico de Requisicoes 3-86,true,708074,157,100,100,2787,0
1774965760673,2825,GET Articles,200,Cenario 3 - Pico de Requisicoes 3-19,true,708075,157,100,100,2824,0
1774965760706,2813,GET Articles,200,Cenario 3 - Pico de Requisicoes 3-32,true,708075,157,100,100,2813,0
1774965760714,2849,GET Articles,200,Cenario 3 - Pico de Requisicoes 3-87,true,708074,157,100,100,2848,0
1774965760744,2843,GET Articles,200,Cenario 3 - Pico de Requisicoes 3-53,true,708075,157,100,100,2843,0
1774965760765,2863,GET Articles,200,Cenario 3 - Pico de Requisicoes 3-88,true,708075,157,100,100,2862,1
1774965760769,2903,GET Articles,200,Cenario 3 - Pico de Requisicoes 3-3,true,708074,157,100,100,2902,0
1774965760816,2888,GET Articles,200,Cenario 3 - Pico de Requisicoes 3-54,true,708075,157,100,100,2888,0
1774965760815,2927,GET Articles,200,Cenario 3 - Pico de Requisicoes 3-89,true,708075,157,100,100,2926,4
1774965760842,2943,GET Articles,200,Cenario 3 - Pico de Requisicoes 3-33,true,708074,157,100,100,2942,0
1774965760864,2944,GET Articles,200,Cenario 3 - Pico de Requisicoes 3-90,true,708075,157,100,100,2944,1
1774965760867,2970,GET Articles,200,Cenario 3 - Pico de Requisicoes 3-8,true,708075,157,100,100,2969,0
1774965760905,2972,GET Articles,200,Cenario 3 - Pico de Requisicoes 3-55,true,708074,157,100,100,2971,0
1774965760914,2987,GET Articles,200,Cenario 3 - Pico de Requisicoes 3-91,true,708075,157,100,100,2986,1
1774965760935,2990,GET Articles,200,Cenario 3 - Pico de Requisicoes 3-34,true,708075,157,100,100,2989,0
1774965760964,3014,GET Articles,200,Cenario 3 - Pico de Requisicoes 3-92,true,708074,157,100,100,3013,1
1774965760963,3019,GET Articles,200,Cenario 3 - Pico de Requisicoes 3-56,true,708074,157,100,100,3018,0
1774965760996,3020,GET Articles,200,Cenario 3 - Pico de Requisicoes 3-20,true,708075,157,100,100,3019,0
1774965761014,3038,GET Articles,200,Cenario 3 - Pico de Requisicoes 3-93,true,708074,157,100,100,3037,0
1774965761032,3065,GET Articles,200,Cenario 3 - Pico de Requisicoes 3-5,true,708074,157,100,100,3065,0
1774965761065,3038,GET Articles,200,Cenario 3 - Pico de Requisicoes 3-94,true,708075,157,100,100,3037,0
1774965761069,3098,GET Articles,200,Cenario 3 - Pico de Requisicoes 3-57,true,708074,157,100,100,3097,0
1774965761110,3061,GET Articles,200,Cenario 3 - Pico de Requisicoes 3-21,true,708074,157,100,100,3060,0
1774965761114,3087,GET Articles,200,Cenario 3 - Pico de Requisicoes 3-95,true,708075,157,100,100,3086,1
1774965761144,3090,GET Articles,200,Cenario 3 - Pico de Requisicoes 3-35,true,708074,157,100,100,3090,0
1774965761164,3096,GET Articles,200,Cenario 3 - Pico de Requisicoes 3-96,true,708075,157,100,100,3095,1
1774965761175,3110,GET Articles,200,Cenario 3 - Pico de Requisicoes 3-58,true,708075,157,100,100,3109,0
1774965761214,3112,GET Articles,200,Cenario 3 - Pico de Requisicoes 3-36,true,708074,157,100,100,3111,0
1774965761214,3138,GET Articles,200,Cenario 3 - Pico de Requisicoes 3-97,true,708075,157,100,100,3137,1
1774965761247,3142,GET Articles,200,Cenario 3 - Pico de Requisicoes 3-59,true,708075,157,100,100,3141,0
1774965761264,3182,GET Articles,200,Cenario 3 - Pico de Requisicoes 3-98,true,708074,157,100,100,3181,0
1774965761281,3170,GET Articles,200,Cenario 3 - Pico de Requisicoes 3-14,true,708074,157,100,100,3170,0
1774965761315,3157,GET Articles,200,Cenario 3 - Pico de Requisicoes 3-99,true,708074,157,100,100,3156,0
1774965761323,3182,GET Articles,200,Cenario 3 - Pico de Requisicoes 3-13,true,708074,157,100,100,3181,0
1774965761350,3192,GET Articles,200,Cenario 3 - Pico de Requisicoes 3-60,true,708075,157,100,100,3191,0
1774965761365,3199,GET Articles,200,Cenario 3 - Pico de Requisicoes 3-100,true,708075,157,100,100,3199,1
1774965761376,3225,GET Articles,200,Cenario 3 - Pico de Requisicoes 3-22,true,708074,157,100,100,3225,0
1774965761432,3191,GET Articles,200,Cenario 3 - Pico de Requisicoes 3-61,true,708075,157,100,100,3191,0
1774965761435,3216,GET Articles,200,Cenario 3 - Pico de Requisicoes 3-37,true,708075,157,100,100,3215,0
1774965761479,3207,GET Articles,200,Cenario 3 - Pico de Requisicoes 3-38,true,708074,157,100,100,3206,0
1774965761513,3201,GET Articles,200,Cenario 3 - Pico de Requisicoes 3-1,true,708075,157,100,100,3200,0
1774965761536,3222,GET Articles,200,Cenario 3 - Pico de Requisicoes 3-62,true,708075,157,100,100,3222,0
1774965761559,3238,GET Articles,200,Cenario 3 - Pico de Requisicoes 3-63,true,708074,157,100,100,3237,0
1774965761595,3225,GET Articles,200,Cenario 3 - Pico de Requisicoes 3-23,true,708075,157,100,100,3224,0
1774965761622,3220,GET Articles,200,Cenario 3 - Pico de Requisicoes 3-64,true,708075,157,100,100,3219,0
1774965761643,3236,GET Articles,200,Cenario 3 - Pico de Requisicoes 3-9,true,708074,157,100,100,3235,0
1774965761695,3210,GET Articles,200,Cenario 3 - Pico de Requisicoes 3-39,true,708075,157,100,100,3209,0
1774965761702,3229,GET Articles,200,Cenario 3 - Pico de Requisicoes 3-65,true,708075,157,100,100,3228,0
1774965761731,3235,GET Articles,200,Cenario 3 - Pico de Requisicoes 3-24,true,708074,157,100,100,3234,0
1774965761765,3230,GET Articles,200,Cenario 3 - Pico de Requisicoes 3-40,true,708075,157,100,100,3229,0
1774965761801,3235,GET Articles,200,Cenario 3 - Pico de Requisicoes 3-66,true,708075,157,100,100,3234,0
1774965761830,3238,GET Articles,200,Cenario 3 - Pico de Requisicoes 3-6,true,708074,157,100,100,3237,0
1774965761871,3218,GET Articles,200,Cenario 3 - Pico de Requisicoes 3-67,true,708075,157,100,100,3217,0
1774965761894,3217,GET Articles,200,Cenario 3 - Pico de Requisicoes 3-15,true,708075,157,100,100,3217,0
1774965761923,3225,GET Articles,200,Cenario 3 - Pico de Requisicoes 3-68,true,708074,157,100,100,3224,0
1774965761966,3207,GET Articles,200,Cenario 3 - Pico de Requisicoes 3-25,true,708075,157,100,100,3206,0
1774965761996,3206,GET Articles,200,Cenario 3 - Pico de Requisicoes 3-41,true,708075,157,100,100,3206,0
1774965762022,3225,GET Articles,200,Cenario 3 - Pico de Requisicoes 3-69,true,708074,157,100,100,3224,0
1774965762069,3207,GET Articles,200,Cenario 3 - Pico de Requisicoes 3-42,true,708075,157,100,100,3206,0
1774965762092,3206,GET Articles,200,Cenario 3 - Pico de Requisicoes 3-4,true,708075,157,100,100,3206,0
1774965762129,3209,GET Articles,200,Cenario 3 - Pico de Requisicoes 3-70,true,708074,157,100,100,3209,0
1774965762177,3194,GET Articles,200,Cenario 3 - Pico de Requisicoes 3-16,true,708075,157,100,100,3193,0
1774965762201,3196,GET Articles,200,Cenario 3 - Pico de Requisicoes 3-71,true,708075,157,100,100,3195,0
1774965762240,3193,GET Articles,200,Cenario 3 - Pico de Requisicoes 3-43,true,708074,157,100,100,3192,0
1774965762271,3187,GET Articles,200,Cenario 3 - Pico de Requisicoes 3-26,true,708075,157,100,100,3186,0
1774965762300,3178,GET Articles,200,Cenario 3 - Pico de Requisicoes 3-10,true,708075,157,100,100,3177,0
1774965762335,3177,GET Articles,200,Cenario 3 - Pico de Requisicoes 3-72,true,708074,157,100,100,3177,0
1774965762374,3170,GET Articles,200,Cenario 3 - Pico de Requisicoes 3-73,true,708074,157,100,100,3169,0
1774965762402,3175,GET Articles,200,Cenario 3 - Pico de Requisicoes 3-44,true,708075,157,100,100,3174,0
1774965762438,3192,GET Articles,200,Cenario 3 - Pico de Requisicoes 3-27,true,708074,157,100,100,3192,0
1774965762523,3137,GET Articles,200,Cenario 3 - Pico de Requisicoes 3-45,true,708075,157,100,100,3136,0
1774965762494,3187,GET Articles,200,Cenario 3 - Pico de Requisicoes 3-74,true,708075,157,100,100,3186,0
1774965762560,3156,GET Articles,200,Cenario 3 - Pico de Requisicoes 3-2,true,708074,157,100,100,3155,0
1774965762593,3154,GET Articles,200,Cenario 3 - Pico de Requisicoes 3-75,true,708075,157,100,100,3154,0
1774965762616,3154,GET Articles,200,Cenario 3 - Pico de Requisicoes 3-46,true,708075,157,100,100,3154,0
1774965762638,3176,GET Articles,200,Cenario 3 - Pico de Requisicoes 3-76,true,708074,157,100,100,3175,0
1774965762677,3160,GET Articles,200,Cenario 3 - Pico de Requisicoes 3-28,true,708074,157,100,100,3160,0
1774965762704,3161,GET Articles,200,Cenario 3 - Pico de Requisicoes 3-17,true,708075,157,100,100,3160,0
1774965762740,3168,GET Articles,200,Cenario 3 - Pico de Requisicoes 3-77,true,708074,157,100,100,3168,0
1774965762771,3184,GET Articles,200,Cenario 3 - Pico de Requisicoes 3-47,true,708074,157,100,100,3184,0
1774965762803,3157,GET Articles,200,Cenario 3 - Pico de Requisicoes 3-11,true,708075,157,100,100,3156,0
1774965762846,3151,GET Articles,200,Cenario 3 - Pico de Requisicoes 3-78,true,708074,157,100,100,3151,0
1774965762882,3137,GET Articles,200,Cenario 3 - Pico de Requisicoes 3-79,true,708075,157,100,100,3137,0
1774965762904,3144,GET Articles,200,Cenario 3 - Pico de Requisicoes 3-48,true,708075,157,100,100,3143,0
1774965762934,3172,GET Articles,200,Cenario 3 - Pico de Requisicoes 3-29,true,708074,157,100,100,3171,0
1774965762971,3140,GET Articles,200,Cenario 3 - Pico de Requisicoes 3-18,true,708074,157,100,100,3139,0
1774965763007,3125,GET Articles,200,Cenario 3 - Pico de Requisicoes 3-80,true,708074,157,100,100,3124,0
1774965763035,3135,GET Articles,200,Cenario 3 - Pico de Requisicoes 3-81,true,708074,157,100,100,3132,0
1774965763075,3116,GET Articles,200,Cenario 3 - Pico de Requisicoes 3-49,true,708075,157,100,100,3115,0
1774965763105,3110,GET Articles,200,Cenario 3 - Pico de Requisicoes 3-30,true,708075,157,100,100,3109,0
1774965763131,3119,GET Articles,200,Cenario 3 - Pico de Requisicoes 3-50,true,708074,157,100,100,3118,0
1774965763166,3109,GET Articles,200,Cenario 3 - Pico de Requisicoes 3-82,true,708075,157,100,100,3108,0
1774965763195,3104,GET Articles,200,Cenario 3 - Pico de Requisicoes 3-7,true,708075,157,100,100,3103,0
1774965763220,3120,GET Articles,200,Cenario 3 - Pico de Requisicoes 3-83,true,708074,157,100,100,3119,0
1774965763258,3107,GET Articles,200,Cenario 3 - Pico de Requisicoes 3-12,true,708075,157,100,100,3107,0
1774965763285,3112,GET Articles,200,Cenario 3 - Pico de Requisicoes 3-84,true,708075,157,100,100,3111,0
1774965763317,3123,GET Articles,200,Cenario 3 - Pico de Requisicoes 3-51,true,708074,157,100,100,3122,0
1774965763354,3119,GET Articles,200,Cenario 3 - Pico de Requisicoes 3-85,true,708075,157,100,100,3118,0
1774965763396,3099,GET Articles,200,Cenario 3 - Pico de Requisicoes 3-31,true,708075,157,100,100,3098,0
1774965763419,3118,GET Articles,200,Cenario 3 - Pico de Requisicoes 3-52,true,708074,157,100,100,3117,0
1774965763455,3109,GET Articles,200,Cenario 3 - Pico de Requisicoes 3-86,true,708075,157,100,100,3108,0
1774965763498,3110,GET Articles,200,Cenario 3 - Pico de Requisicoes 3-19,true,708075,157,100,100,3109,0
1774965763520,3119,GET Articles,200,Cenario 3 - Pico de Requisicoes 3-32,true,708074,157,100,100,3119,0
1774965763563,3103,GET Articles,200,Cenario 3 - Pico de Requisicoes 3-87,true,708075,157,100,100,3103,0
1774965763588,3118,GET Articles,200,Cenario 3 - Pico de Requisicoes 3-53,true,708075,157,100,100,3118,0
1774965763628,3109,GET Articles,200,Cenario 3 - Pico de Requisicoes 3-88,true,708074,157,100,100,3108,0
1774965763672,3092,GET Articles,200,Cenario 3 - Pico de Requisicoes 3-3,true,708075,157,100,100,3091,0
1774965763705,3089,GET Articles,200,Cenario 3 - Pico de Requisicoes 3-54,true,708075,157,100,100,3088,0
1774965763742,3090,GET Articles,200,Cenario 3 - Pico de Requisicoes 3-89,true,708074,157,100,100,3089,0
1774965763785,3072,GET Articles,200,Cenario 3 - Pico de Requisicoes 3-33,true,708075,157,100,100,3071,0
1774965763809,3072,GET Articles,200,Cenario 3 - Pico de Requisicoes 3-90,true,708075,157,100,100,3072,0
1774965763837,3086,GET Articles,200,Cenario 3 - Pico de Requisicoes 3-8,true,708074,157,100,100,3086,0
1774965763877,3071,GET Articles,200,Cenario 3 - Pico de Requisicoes 3-55,true,708075,157,100,100,3071,0
1774965763901,3074,GET Articles,200,Cenario 3 - Pico de Requisicoes 3-91,true,708075,157,100,100,3073,0
1774965763925,3093,GET Articles,200,Cenario 3 - Pico de Requisicoes 3-34,true,708074,157,100,100,3092,0
1774965763978,3061,GET Articles,200,Cenario 3 - Pico de Requisicoes 3-92,true,708075,157,100,100,3060,0
1774965763982,3084,GET Articles,200,Cenario 3 - Pico de Requisicoes 3-56,true,708075,157,100,100,3083,0
1774965764016,3090,GET Articles,200,Cenario 3 - Pico de Requisicoes 3-20,true,708074,157,100,100,3089,0
1774965764052,3084,GET Articles,200,Cenario 3 - Pico de Requisicoes 3-93,true,708075,157,100,100,3083,0
1774965764098,3066,GET Articles,200,Cenario 3 - Pico de Requisicoes 3-5,true,708075,157,100,100,3065,0
1774965764103,3096,GET Articles,200,Cenario 3 - Pico de Requisicoes 3-94,true,708074,157,100,100,3095,0
1774965764167,3057,GET Articles,200,Cenario 3 - Pico de Requisicoes 3-57,true,708075,157,100,100,3056,0
1774965764171,3081,GET Articles,200,Cenario 3 - Pico de Requisicoes 3-21,true,708075,157,100,100,3081,0
1774965764201,3093,GET Articles,200,Cenario 3 - Pico de Requisicoes 3-95,true,708074,157,100,100,3092,0
1774965764235,3086,GET Articles,200,Cenario 3 - Pico de Requisicoes 3-35,true,708075,157,100,100,3086,0
1774965764260,3089,GET Articles,200,Cenario 3 - Pico de Requisicoes 3-96,true,708075,157,100,100,3088,0
1774965764285,3103,GET Articles,200,Cenario 3 - Pico de Requisicoes 3-58,true,708074,157,100,100,3102,0
1774965764326,3087,GET Articles,200,Cenario 3 - Pico de Requisicoes 3-36,true,708075,157,100,100,3087,0
1774965764352,3085,GET Articles,200,Cenario 3 - Pico de Requisicoes 3-97,true,708075,157,100,100,3085,0
1774965764389,3089,GET Articles,200,Cenario 3 - Pico de Requisicoes 3-59,true,708074,157,100,100,3089,0
1774965764446,3062,GET Articles,200,Cenario 3 - Pico de Requisicoes 3-98,true,708075,157,100,100,3061,0
1774965764452,3091,GET Articles,200,Cenario 3 - Pico de Requisicoes 3-14,true,708075,157,100,100,3090,0
1774965764472,3109,GET Articles,200,Cenario 3 - Pico de Requisicoes 3-99,true,708074,157,100,100,3108,0
1774965764505,3096,GET Articles,200,Cenario 3 - Pico de Requisicoes 3-13,true,708074,157,100,100,3095,0
1774965764542,3084,GET Articles,200,Cenario 3 - Pico de Requisicoes 3-60,true,708075,157,100,100,3083,0
1774965764565,3098,GET Articles,200,Cenario 3 - Pico de Requisicoes 3-100,true,708074,157,100,100,3098,0
1774965764602,3081,GET Articles,200,Cenario 3 - Pico de Requisicoes 3-22,true,708074,157,100,100,3080,0
1774965764624,3080,GET Articles,200,Cenario 3 - Pico de Requisicoes 3-61,true,708075,157,100,100,3079,0
1774965764686,3053,GET Articles,200,Cenario 3 - Pico de Requisicoes 3-38,true,708074,157,100,100,3053,0
1774965764651,3119,GET Articles,200,Cenario 3 - Pico de Requisicoes 3-37,true,708075,157,100,100,3119,0
1774965764714,3079,GET Articles,200,Cenario 3 - Pico de Requisicoes 3-1,true,708075,157,100,100,3079,0
1774965764759,3078,GET Articles,200,Cenario 3 - Pico de Requisicoes 3-62,true,708074,157,100,100,3078,0
1774965764797,3069,GET Articles,200,Cenario 3 - Pico de Requisicoes 3-63,true,708075,157,100,100,3069,0
1774965764820,3078,GET Articles,200,Cenario 3 - Pico de Requisicoes 3-23,true,708075,157,100,100,3078,0
1774965764842,3096,GET Articles,200,Cenario 3 - Pico de Requisicoes 3-64,true,708074,157,100,100,3096,0
1774965764879,3090,GET Articles,200,Cenario 3 - Pico de Requisicoes 3-9,true,708075,157,100,100,3089,0
1774965764905,3089,GET Articles,200,Cenario 3 - Pico de Requisicoes 3-39,true,708075,157,100,100,3088,0
1774965764931,3101,GET Articles,200,Cenario 3 - Pico de Requisicoes 3-65,true,708074,157,100,100,3100,0
1774965764966,3091,GET Articles,200,Cenario 3 - Pico de Requisicoes 3-24,true,708075,157,100,100,3090,0
1774965764995,3088,GET Articles,200,Cenario 3 - Pico de Requisicoes 3-40,true,708075,157,100,100,3087,0
1774965765068,3049,GET Articles,200,Cenario 3 - Pico de Requisicoes 3-6,true,708074,157,100,100,3048,0
1774965765036,3110,GET Articles,200,Cenario 3 - Pico de Requisicoes 3-66,true,708074,157,100,100,3109,0
1774965765089,3078,GET Articles,200,Cenario 3 - Pico de Requisicoes 3-67,true,708075,157,100,100,3078,0
1774965765111,3089,GET Articles,200,Cenario 3 - Pico de Requisicoes 3-15,true,708074,157,100,100,3088,0
1774965765148,3082,GET Articles,200,Cenario 3 - Pico de Requisicoes 3-68,true,708075,157,100,100,3081,0
1774965765173,3085,GET Articles,200,Cenario 3 - Pico de Requisicoes 3-25,true,708075,157,100,100,3084,0
1774965765202,3092,GET Articles,200,Cenario 3 - Pico de Requisicoes 3-41,true,708074,157,100,100,3092,0
1774965765247,3083,GET Articles,200,Cenario 3 - Pico de Requisicoes 3-69,true,708075,157,100,100,3083,0
1774965765276,3083,GET Articles,200,Cenario 3 - Pico de Requisicoes 3-42,true,708075,157,100,100,3082,0
1774965765298,3099,GET Articles,200,Cenario 3 - Pico de Requisicoes 3-4,true,708074,157,100,100,3099,0
1774965765371,3055,GET Articles,200,Cenario 3 - Pico de Requisicoes 3-16,true,708075,157,100,100,3054,0
1774965765338,3139,GET Articles,200,Cenario 3 - Pico de Requisicoes 3-70,true,708076,157,100,100,3138,0
1774965765397,3117,GET Articles,200,Cenario 3 - Pico de Requisicoes 3-71,true,708074,157,100,100,3117,0
1774965765433,3107,GET Articles,200,Cenario 3 - Pico de Requisicoes 3-43,true,708075,157,100,100,3107,0
1774965765458,3112,GET Articles,200,Cenario 3 - Pico de Requisicoes 3-26,true,708075,157,100,100,3112,0
1774965765478,3129,GET Articles,200,Cenario 3 - Pico de Requisicoes 3-10,true,708074,157,100,100,3128,0
1774965765512,3118,GET Articles,200,Cenario 3 - Pico de Requisicoes 3-72,true,708075,157,100,100,3118,0
1774965765544,3120,GET Articles,200,Cenario 3 - Pico de Requisicoes 3-73,true,708075,157,100,100,3120,0
1774965765577,3121,GET Articles,200,Cenario 3 - Pico de Requisicoes 3-44,true,708074,157,100,100,3120,0
1774965765631,3099,GET Articles,200,Cenario 3 - Pico de Requisicoes 3-27,true,708075,157,100,100,3098,0
1774965765660,3118,GET Articles,200,Cenario 3 - Pico de Requisicoes 3-45,true,708075,157,100,100,3115,0
1774965765681,3141,GET Articles,200,Cenario 3 - Pico de Requisicoes 3-74,true,708074,157,100,100,3140,0
1774965765716,3131,GET Articles,200,Cenario 3 - Pico de Requisicoes 3-2,true,708075,157,100,100,3130,0
1774965765747,3132,GET Articles,200,Cenario 3 - Pico de Requisicoes 3-75,true,708075,157,100,100,3131,0
1774965765770,3146,GET Articles,200,Cenario 3 - Pico de Requisicoes 3-46,true,708074,157,100,100,3146,0
1774965765814,3135,GET Articles,200,Cenario 3 - Pico de Requisicoes 3-76,true,708075,157,100,100,3134,0
1774965765837,3137,GET Articles,200,Cenario 3 - Pico de Requisicoes 3-28,true,708075,157,100,100,3137,0
1774965765865,3143,GET Articles,200,Cenario 3 - Pico de Requisicoes 3-17,true,708074,157,100,100,3142,0
1774965765909,3142,GET Articles,200,Cenario 3 - Pico de Requisicoes 3-77,true,708075,157,100,100,3142,0
1774965765956,3123,GET Articles,200,Cenario 3 - Pico de Requisicoes 3-47,true,708075,157,100,100,3123,0
1774965765960,3160,GET Articles,200,Cenario 3 - Pico de Requisicoes 3-11,true,708074,157,100,100,3159,0
1774965765998,3148,GET Articles,200,Cenario 3 - Pico de Requisicoes 3-78,true,708075,157,100,100,3147,0
1774965766019,3151,GET Articles,200,Cenario 3 - Pico de Requisicoes 3-79,true,708075,157,100,100,3150,0
1774965766048,3155,GET Articles,200,Cenario 3 - Pico de Requisicoes 3-48,true,708074,157,100,100,3155,0
1774965766106,3125,GET Articles,200,Cenario 3 - Pico de Requisicoes 3-29,true,708075,157,100,100,3125,0
1774965766111,3149,GET Articles,200,Cenario 3 - Pico de Requisicoes 3-18,true,708075,157,100,100,3148,0
1774965766132,3166,GET Articles,200,Cenario 3 - Pico de Requisicoes 3-80,true,708074,157,100,100,3165,0
1774965766170,3150,GET Articles,200,Cenario 3 - Pico de Requisicoes 3-81,true,708075,157,100,100,3150,0
1774965766191,3154,GET Articles,200,Cenario 3 - Pico de Requisicoes 3-49,true,708075,157,100,100,3154,0
1774965766250,3129,GET Articles,200,Cenario 3 - Pico de Requisicoes 3-50,true,708074,157,100,100,3128,0
1774965766215,3192,GET Articles,200,Cenario 3 - Pico de Requisicoes 3-30,true,708075,157,100,100,3191,0
1774965766275,3161,GET Articles,200,Cenario 3 - Pico de Requisicoes 3-82,true,708075,157,100,100,3161,0
1774965766299,3171,GET Articles,200,Cenario 3 - Pico de Requisicoes 3-7,true,708074,157,100,100,3170,0
1774965766340,3158,GET Articles,200,Cenario 3 - Pico de Requisicoes 3-83,true,708075,157,100,100,3158,0
1774965766365,3174,GET Articles,200,Cenario 3 - Pico de Requisicoes 3-12,true,708075,157,100,100,3173,0
1774965766397,3175,GET Articles,200,Cenario 3 - Pico de Requisicoes 3-84,true,708074,157,100,100,3174,0
1774965766440,3153,GET Articles,200,Cenario 3 - Pico de Requisicoes 3-51,true,708075,157,100,100,3153,0
1774965766473,3150,GET Articles,200,Cenario 3 - Pico de Requisicoes 3-85,true,708075,157,100,100,3149,0
1774965766495,3168,GET Articles,200,Cenario 3 - Pico de Requisicoes 3-31,true,708074,157,100,100,3167,0
1774965766537,3152,GET Articles,200,Cenario 3 - Pico de Requisicoes 3-52,true,708075,157,100,100,3151,0
1774965766564,3158,GET Articles,200,Cenario 3 - Pico de Requisicoes 3-86,true,708075,157,100,100,3158,0
1774965766608,3160,GET Articles,200,Cenario 3 - Pico de Requisicoes 3-19,true,708074,157,100,100,3159,0
1774965766639,3152,GET Articles,200,Cenario 3 - Pico de Requisicoes 3-32,true,708075,157,100,100,3151,0
1774965766666,3152,GET Articles,200,Cenario 3 - Pico de Requisicoes 3-87,true,708075,157,100,100,3151,0
1774965766706,3183,GET Articles,200,Cenario 3 - Pico de Requisicoes 3-53,true,708074,157,100,100,3182,0
1774965766737,3158,GET Articles,200,Cenario 3 - Pico de Requisicoes 3-88,true,708074,157,100,100,3157,0
1774965766764,3135,GET Articles,200,Cenario 3 - Pico de Requisicoes 3-3,true,708074,157,100,100,3134,0
1774965766794,3137,GET Articles,200,Cenario 3 - Pico de Requisicoes 3-54,true,708074,157,100,100,3136,0
1774965766857,3118,GET Articles,200,Cenario 3 - Pico de Requisicoes 3-33,true,708075,157,100,100,3118,0
1774965766832,3147,GET Articles,200,Cenario 3 - Pico de Requisicoes 3-89,true,708075,157,100,100,3147,0
1774965766882,3133,GET Articles,200,Cenario 3 - Pico de Requisicoes 3-90,true,708074,157,100,100,3132,0
1774965766924,3112,GET Articles,200,Cenario 3 - Pico de Requisicoes 3-8,true,708074,157,100,100,3111,0
1774965766948,3112,GET Articles,200,Cenario 3 - Pico de Requisicoes 3-55,true,708075,157,100,100,3112,0
1774965766975,3119,GET Articles,200,Cenario 3 - Pico de Requisicoes 3-91,true,708074,157,100,100,3118,0
1774965767018,3111,GET Articles,200,Cenario 3 - Pico de Requisicoes 3-34,true,708075,157,100,100,3110,0
1774965767039,3125,GET Articles,200,Cenario 3 - Pico de Requisicoes 3-92,true,708075,157,100,100,3125,0
1774965767066,3137,GET Articles,200,Cenario 3 - Pico de Requisicoes 3-56,true,708074,157,100,100,3137,0
1774965767106,3122,GET Articles,200,Cenario 3 - Pico de Requisicoes 3-20,true,708075,157,100,100,3121,0
1774965767136,3118,GET Articles,200,Cenario 3 - Pico de Requisicoes 3-93,true,708075,157,100,100,3117,0
1774965767164,3126,GET Articles,200,Cenario 3 - Pico de Requisicoes 3-5,true,708074,157,100,100,3125,0
1774965767199,3112,GET Articles,200,Cenario 3 - Pico de Requisicoes 3-94,true,708075,157,100,100,3111,0
1774965767224,3117,GET Articles,200,Cenario 3 - Pico de Requisicoes 3-57,true,708075,157,100,100,3116,0
1774965767253,3121,GET Articles,200,Cenario 3 - Pico de Requisicoes 3-21,true,708074,157,100,100,3121,0
1774965767294,3105,GET Articles,200,Cenario 3 - Pico de Requisicoes 3-95,true,708075,157,100,100,3105,0
1774965767322,3104,GET Articles,200,Cenario 3 - Pico de Requisicoes 3-35,true,708075,157,100,100,3103,0
1774965767349,3124,GET Articles,200,Cenario 3 - Pico de Requisicoes 3-96,true,708074,157,100,100,3123,0
1774965767388,3106,GET Articles,200,Cenario 3 - Pico de Requisicoes 3-58,true,708075,157,100,100,3106,0
1774965767414,3115,GET Articles,200,Cenario 3 - Pico de Requisicoes 3-36,true,708075,157,100,100,3114,0
1774965767437,3129,GET Articles,200,Cenario 3 - Pico de Requisicoes 3-97,true,708074,157,100,100,3128,0
1774965767479,3115,GET Articles,200,Cenario 3 - Pico de Requisicoes 3-59,true,708075,157,100,100,3114,0
1774965767508,3121,GET Articles,200,Cenario 3 - Pico de Requisicoes 3-98,true,708075,157,100,100,3121,0
1774965767543,3119,GET Articles,200,Cenario 3 - Pico de Requisicoes 3-14,true,708074,157,100,100,3118,0
1774965767581,3103,GET Articles,200,Cenario 3 - Pico de Requisicoes 3-99,true,708075,157,100,100,3103,0
1774965767601,3107,GET Articles,200,Cenario 3 - Pico de Requisicoes 3-13,true,708075,157,100,100,3106,0
1774965767626,3116,GET Articles,200,Cenario 3 - Pico de Requisicoes 3-60,true,708074,157,100,100,3115,0
1774965767663,3101,GET Articles,200,Cenario 3 - Pico de Requisicoes 3-100,true,708075,157,100,100,3100,0
1774965767683,3108,GET Articles,200,Cenario 3 - Pico de Requisicoes 3-22,true,708075,157,100,100,3107,0
1774965767704,3195,GET Articles,200,Cenario 3 - Pico de Requisicoes 3-61,true,708074,157,100,100,3194,0
1774965767740,3164,GET Articles,200,Cenario 3 - Pico de Requisicoes 3-38,true,708074,157,100,100,3163,0
1774965767771,3137,GET Articles,200,Cenario 3 - Pico de Requisicoes 3-37,true,708074,157,100,100,3136,0
1774965767794,3166,GET Articles,200,Cenario 3 - Pico de Requisicoes 3-1,true,708074,157,100,100,3166,0
1774965767866,3099,GET Articles,200,Cenario 3 - Pico de Requisicoes 3-63,true,708074,157,100,100,3098,0
1774965767838,3149,GET Articles,200,Cenario 3 - Pico de Requisicoes 3-62,true,708075,157,100,100,3148,0
1774965767898,3144,GET Articles,200,Cenario 3 - Pico de Requisicoes 3-23,true,708074,157,100,100,3143,0
1774965767938,3107,GET Articles,200,Cenario 3 - Pico de Requisicoes 3-64,true,708074,157,100,100,3107,0
1774965767969,3100,GET Articles,200,Cenario 3 - Pico de Requisicoes 3-9,true,708074,157,100,100,3099,0
1774965768032,3074,GET Articles,200,Cenario 3 - Pico de Requisicoes 3-65,true,708074,157,100,100,3074,0
1774965767994,3139,GET Articles,200,Cenario 3 - Pico de Requisicoes 3-39,true,708075,157,100,100,3138,0
1774965768057,3104,GET Articles,200,Cenario 3 - Pico de Requisicoes 3-24,true,708075,157,100,100,3103,0
1774965768083,3109,GET Articles,200,Cenario 3 - Pico de Requisicoes 3-40,true,708074,157,100,100,3108,0
1774965768117,3115,GET Articles,200,Cenario 3 - Pico de Requisicoes 3-6,true,708075,157,100,100,3114,0
1774965768146,3108,GET Articles,200,Cenario 3 - Pico de Requisicoes 3-66,true,708075,157,100,100,3108,0
1774965768167,3118,GET Articles,200,Cenario 3 - Pico de Requisicoes 3-67,true,708074,157,100,100,3118,0
1774965768200,3114,GET Articles,200,Cenario 3 - Pico de Requisicoes 3-15,true,708075,157,100,100,3111,0
1774965768230,3121,GET Articles,200,Cenario 3 - Pico de Requisicoes 3-68,true,708075,157,100,100,3120,0
1774965768258,3128,GET Articles,200,Cenario 3 - Pico de Requisicoes 3-25,true,708074,157,100,100,3127,0
1774965768294,3129,GET Articles,200,Cenario 3 - Pico de Requisicoes 3-41,true,708075,157,100,100,3128,0
1774965768330,3124,GET Articles,200,Cenario 3 - Pico de Requisicoes 3-69,true,708075,157,100,100,3124,0
1774965768359,3134,GET Articles,200,Cenario 3 - Pico de Requisicoes 3-42,true,708074,157,100,100,3134,0
1774965768398,3141,GET Articles,200,Cenario 3 - Pico de Requisicoes 3-4,true,708075,157,100,100,3140,0
1774965768426,3150,GET Articles,200,Cenario 3 - Pico de Requisicoes 3-16,true,708076,157,100,100,3149,0
1774965768477,3138,GET Articles,200,Cenario 3 - Pico de Requisicoes 3-70,true,708074,157,100,100,3138,0
1774965768540,3103,GET Articles,200,Cenario 3 - Pico de Requisicoes 3-43,true,708075,157,100,100,3102,0
1774965768514,3160,GET Articles,200,Cenario 3 - Pico de Requisicoes 3-71,true,708075,157,100,100,3159,0
1774965768570,3137,GET Articles,200,Cenario 3 - Pico de Requisicoes 3-26,true,708074,157,100,100,3136,0
1774965768607,3127,GET Articles,200,Cenario 3 - Pico de Requisicoes 3-10,true,708075,157,100,100,3126,0
1774965768630,3134,GET Articles,200,Cenario 3 - Pico de Requisicoes 3-72,true,708075,157,100,100,3134,0
1774965768665,3142,GET Articles,200,Cenario 3 - Pico de Requisicoes 3-73,true,708074,157,100,100,3141,0
1774965768698,3132,GET Articles,200,Cenario 3 - Pico de Requisicoes 3-44,true,708075,157,100,100,3131,0
1774965768730,3136,GET Articles,200,Cenario 3 - Pico de Requisicoes 3-27,true,708075,157,100,100,3136,0
1774965768779,3121,GET Articles,200,Cenario 3 - Pico de Requisicoes 3-45,true,708074,157,100,100,3121,0
1774965768822,3107,GET Articles,200,Cenario 3 - Pico de Requisicoes 3-74,true,708075,157,100,100,3106,0
1774965768847,3113,GET Articles,200,Cenario 3 - Pico de Requisicoes 3-2,true,708075,157,100,100,3112,0
1774965768879,3114,GET Articles,200,Cenario 3 - Pico de Requisicoes 3-75,true,708074,157,100,100,3114,0
1774965768917,3113,GET Articles,200,Cenario 3 - Pico de Requisicoes 3-46,true,708075,157,100,100,3112,0
1774965768949,3112,GET Articles,200,Cenario 3 - Pico de Requisicoes 3-76,true,708075,157,100,100,3111,0
1774965768975,3122,GET Articles,200,Cenario 3 - Pico de Requisicoes 3-28,true,708074,157,100,100,3121,0
1774965769008,3117,GET Articles,200,Cenario 3 - Pico de Requisicoes 3-17,true,708075,157,100,100,3116,0
1774965769052,3098,GET Articles,200,Cenario 3 - Pico de Requisicoes 3-77,true,708075,157,100,100,3097,0
1774965769120,3078,GET Articles,200,Cenario 3 - Pico de Requisicoes 3-11,true,708074,157,100,100,3077,0
1774965769079,3139,GET Articles,200,Cenario 3 - Pico de Requisicoes 3-47,true,708074,157,100,100,3139,0
1774965769146,3099,GET Articles,200,Cenario 3 - Pico de Requisicoes 3-78,true,708075,157,100,100,3098,0
1774965769170,3155,GET Articles,200,Cenario 3 - Pico de Requisicoes 3-79,true,708074,157,100,100,3154,0
1774965769204,3127,GET Articles,200,Cenario 3 - Pico de Requisicoes 3-48,true,708074,157,100,100,3126,0
1774965769232,3125,GET Articles,200,Cenario 3 - Pico de Requisicoes 3-29,true,708075,157,100,100,3125,0
1774965769260,3130,GET Articles,200,Cenario 3 - Pico de Requisicoes 3-18,true,708074,157,100,100,3129,0
1774965769298,3120,GET Articles,200,Cenario 3 - Pico de Requisicoes 3-80,true,708075,157,100,100,3119,0
1774965769320,3123,GET Articles,200,Cenario 3 - Pico de Requisicoes 3-81,true,708075,157,100,100,3123,0
1774965769345,3136,GET Articles,200,Cenario 3 - Pico de Requisicoes 3-49,true,708074,157,100,100,3136,0
1774965769379,3126,GET Articles,200,Cenario 3 - Pico de Requisicoes 3-50,true,708075,157,100,100,3125,0
1774965769407,3130,GET Articles,200,Cenario 3 - Pico de Requisicoes 3-30,true,708075,157,100,100,3129,0
1774965769436,3138,GET Articles,200,Cenario 3 - Pico de Requisicoes 3-82,true,708074,157,100,100,3138,0
1774965769470,3129,GET Articles,200,Cenario 3 - Pico de Requisicoes 3-7,true,708074,157,100,100,3129,0
1774965769499,3127,GET Articles,200,Cenario 3 - Pico de Requisicoes 3-83,true,708075,157,100,100,3126,0
1774965769539,3126,GET Articles,200,Cenario 3 - Pico de Requisicoes 3-12,true,708074,157,100,100,3125,0
1774965769572,3151,GET Articles,200,Cenario 3 - Pico de Requisicoes 3-84,true,708075,157,100,100,3151,0
1774965769595,3135,GET Articles,200,Cenario 3 - Pico de Requisicoes 3-51,true,708075,157,100,100,3135,0
1774965769624,3143,GET Articles,200,Cenario 3 - Pico de Requisicoes 3-85,true,708074,157,100,100,3142,0
1774965769664,3136,GET Articles,200,Cenario 3 - Pico de Requisicoes 3-31,true,708075,157,100,100,3136,0
1774965769690,3153,GET Articles,200,Cenario 3 - Pico de Requisicoes 3-52,true,708075,157,100,100,3152,0
1774965769724,3158,GET Articles,200,Cenario 3 - Pico de Requisicoes 3-86,true,708074,157,100,100,3157,0
1774965769769,3140,GET Articles,200,Cenario 3 - Pico de Requisicoes 3-19,true,708075,157,100,100,3140,0
1774965769792,3141,GET Articles,200,Cenario 3 - Pico de Requisicoes 3-32,true,708075,157,100,100,3140,0
1774965769819,3158,GET Articles,200,Cenario 3 - Pico de Requisicoes 3-87,true,708074,157,100,100,3158,0
1774965769896,3124,GET Articles,200,Cenario 3 - Pico de Requisicoes 3-88,true,708075,157,100,100,3123,0
1774965769890,3155,GET Articles,200,Cenario 3 - Pico de Requisicoes 3-53,true,708075,157,100,100,3154,0
1774965769900,3178,GET Articles,200,Cenario 3 - Pico de Requisicoes 3-3,true,708074,157,100,100,3178,0
1774965769932,3180,GET Articles,200,Cenario 3 - Pico de Requisicoes 3-54,true,708075,157,100,100,3179,0
1774965769977,3160,GET Articles,200,Cenario 3 - Pico de Requisicoes 3-33,true,708075,157,100,100,3159,0
1774965769980,3195,GET Articles,200,Cenario 3 - Pico de Requisicoes 3-89,true,708074,157,100,100,3194,0
1774965770016,3183,GET Articles,200,Cenario 3 - Pico de Requisicoes 3-90,true,708075,157,100,100,3183,0
1774965770037,3193,GET Articles,200,Cenario 3 - Pico de Requisicoes 3-8,true,708075,157,100,100,3192,0
1774965770095,3172,GET Articles,200,Cenario 3 - Pico de Requisicoes 3-91,true,708074,157,100,100,3172,0
1774965770062,3228,GET Articles,200,Cenario 3 - Pico de Requisicoes 3-55,true,708074,157,100,100,3227,0
1774965770130,3184,GET Articles,200,Cenario 3 - Pico de Requisicoes 3-34,true,708075,157,100,100,3184,0
1774965770165,3183,GET Articles,200,Cenario 3 - Pico de Requisicoes 3-92,true,708074,157,100,100,3182,0
1774965770205,3164,GET Articles,200,Cenario 3 - Pico de Requisicoes 3-56,true,708075,157,100,100,3163,0
1774965770229,3176,GET Articles,200,Cenario 3 - Pico de Requisicoes 3-20,true,708075,157,100,100,3175,0
1774965770255,3191,GET Articles,200,Cenario 3 - Pico de Requisicoes 3-93,true,708074,157,100,100,3191,0
1774965770291,3198,GET Articles,200,Cenario 3 - Pico de Requisicoes 3-5,true,708075,157,100,100,3197,0
1774965770312,3210,GET Articles,200,Cenario 3 - Pico de Requisicoes 3-94,true,708075,157,100,100,3209,0
1774965770342,3215,GET Articles,200,Cenario 3 - Pico de Requisicoes 3-57,true,708074,157,100,100,3214,0
1774965770376,3205,GET Articles,200,Cenario 3 - Pico de Requisicoes 3-21,true,708075,157,100,100,3204,0
1774965770400,3212,GET Articles,200,Cenario 3 - Pico de Requisicoes 3-95,true,708075,157,100,100,3211,0
1774965770427,3226,GET Articles,200,Cenario 3 - Pico de Requisicoes 3-35,true,708074,157,100,100,3226,0
1774965770474,3207,GET Articles,200,Cenario 3 - Pico de Requisicoes 3-96,true,708075,157,100,100,3206,0
1774965770495,3223,GET Articles,200,Cenario 3 - Pico de Requisicoes 3-58,true,708075,157,100,100,3223,0
1774965770530,3238,GET Articles,200,Cenario 3 - Pico de Requisicoes 3-36,true,708074,157,100,100,3237,0
1774965770567,3223,GET Articles,200,Cenario 3 - Pico de Requisicoes 3-97,true,708075,157,100,100,3223,0
1774965770595,3219,GET Articles,200,Cenario 3 - Pico de Requisicoes 3-59,true,708075,157,100,100,3219,0
1774965770630,3251,GET Articles,200,Cenario 3 - Pico de Requisicoes 3-98,true,708074,157,100,100,3251,0
1774965770685,3202,GET Articles,200,Cenario 3 - Pico de Requisicoes 3-99,true,708074,157,100,100,3202,0
1774965770663,3250,GET Articles,200,Cenario 3 - Pico de Requisicoes 3-14,true,708075,157,100,100,3250,0
1774965770709,3240,GET Articles,200,Cenario 3 - Pico de Requisicoes 3-13,true,708074,157,100,100,3239,0
1774965770743,3231,GET Articles,200,Cenario 3 - Pico de Requisicoes 3-60,true,708075,157,100,100,3230,0
1774965770765,3243,GET Articles,200,Cenario 3 - Pico de Requisicoes 3-100,true,708075,157,100,100,3242,0
1774965770792,3253,GET Articles,200,Cenario 3 - Pico de Requisicoes 3-22,true,708074,157,100,100,3250,0
1774965770900,3164,GET Articles,200,Cenario 3 - Pico de Requisicoes 3-61,true,708075,157,100,100,3164,0
1774965770905,3190,GET Articles,200,Cenario 3 - Pico de Requisicoes 3-38,true,708075,157,100,100,3189,0
1774965770909,3224,GET Articles,200,Cenario 3 - Pico de Requisicoes 3-37,true,708074,157,100,100,3224,0
1774965770962,3197,GET Articles,200,Cenario 3 - Pico de Requisicoes 3-1,true,708075,157,100,100,3196,0
1774965770966,3226,GET Articles,200,Cenario 3 - Pico de Requisicoes 3-63,true,708075,157,100,100,3225,0
1774965770988,3244,GET Articles,200,Cenario 3 - Pico de Requisicoes 3-62,true,708074,157,100,100,3244,0
1774965771043,3213,GET Articles,200,Cenario 3 - Pico de Requisicoes 3-23,true,708075,157,100,100,3212,0
1774965771046,3238,GET Articles,200,Cenario 3 - Pico de Requisicoes 3-64,true,708075,157,100,100,3237,0
1774965771070,3251,GET Articles,200,Cenario 3 - Pico de Requisicoes 3-9,true,708074,157,100,100,3251,0
1774965771107,3235,GET Articles,200,Cenario 3 - Pico de Requisicoes 3-65,true,708075,157,100,100,3234,0
1774965771134,3236,GET Articles,200,Cenario 3 - Pico de Requisicoes 3-39,true,708075,157,100,100,3235,0
1774965771162,3245,GET Articles,200,Cenario 3 - Pico de Requisicoes 3-24,true,708074,157,100,100,3245,0
1774965771193,3251,GET Articles,200,Cenario 3 - Pico de Requisicoes 3-40,true,708075,157,100,100,3251,0
1774965771233,3243,GET Articles,200,Cenario 3 - Pico de Requisicoes 3-6,true,708075,157,100,100,3242,0
1774965771255,3298,GET Articles,200,Cenario 3 - Pico de Requisicoes 3-66,true,708074,157,100,100,3297,0
1774965771286,3271,GET Articles,200,Cenario 3 - Pico de Requisicoes 3-67,true,708074,157,100,100,3271,0
1774965771315,3274,GET Articles,200,Cenario 3 - Pico de Requisicoes 3-15,true,708075,157,100,100,3273,0
1774965771352,3278,GET Articles,200,Cenario 3 - Pico de Requisicoes 3-68,true,708074,157,100,100,3278,0
1774965771387,3265,GET Articles,200,Cenario 3 - Pico de Requisicoes 3-25,true,708074,157,100,100,3264,0
1774965771424,3271,GET Articles,200,Cenario 3 - Pico de Requisicoes 3-41,true,708075,157,100,100,3270,0
1774965771455,3279,GET Articles,200,Cenario 3 - Pico de Requisicoes 3-69,true,708074,157,100,100,3279,0
1774965771495,3261,GET Articles,200,Cenario 3 - Pico de Requisicoes 3-42,true,708074,157,100,100,3261,0
1774965771540,3241,GET Articles,200,Cenario 3 - Pico de Requisicoes 3-4,true,708075,157,100,100,3241,0
1774965771577,3238,GET Articles,200,Cenario 3 - Pico de Requisicoes 3-16,true,708074,157,100,100,3237,0
1774965771617,3226,GET Articles,200,Cenario 3 - Pico de Requisicoes 3-70,true,708075,157,100,100,3225,0
1774965771644,3231,GET Articles,200,Cenario 3 - Pico de Requisicoes 3-43,true,708075,157,100,100,3231,0
1774965771675,3240,GET Articles,200,Cenario 3 - Pico de Requisicoes 3-71,true,708074,157,100,100,3239,0
1774965771708,3242,GET Articles,200,Cenario 3 - Pico de Requisicoes 3-26,true,708075,157,100,100,3241,0
1774965771735,3243,GET Articles,200,Cenario 3 - Pico de Requisicoes 3-10,true,708075,157,100,100,3243,0
1774965771765,3252,GET Articles,200,Cenario 3 - Pico de Requisicoes 3-72,true,708074,157,100,100,3252,0
1774965771808,3244,GET Articles,200,Cenario 3 - Pico de Requisicoes 3-73,true,708075,157,100,100,3243,0
1774965771831,3263,GET Articles,200,Cenario 3 - Pico de Requisicoes 3-44,true,708076,157,100,100,3263,0
1774965771868,3272,GET Articles,200,Cenario 3 - Pico de Requisicoes 3-27,true,708074,157,100,100,3271,0
1774965771901,3266,GET Articles,200,Cenario 3 - Pico de Requisicoes 3-45,true,708074,157,100,100,3265,0
1774965771930,3272,GET Articles,200,Cenario 3 - Pico de Requisicoes 3-74,true,708075,157,100,100,3272,0
1774965771961,3275,GET Articles,200,Cenario 3 - Pico de Requisicoes 3-2,true,708074,157,100,100,3275,0
1774965771994,3272,GET Articles,200,Cenario 3 - Pico de Requisicoes 3-75,true,708075,157,100,100,3271,0
1774965772031,3257,GET Articles,200,Cenario 3 - Pico de Requisicoes 3-46,true,708075,157,100,100,3256,0
1774965772062,3259,GET Articles,200,Cenario 3 - Pico de Requisicoes 3-76,true,708074,157,100,100,3258,0
1774965772098,3244,GET Articles,200,Cenario 3 - Pico de Requisicoes 3-28,true,708075,157,100,100,3243,0
1774965772126,3240,GET Articles,200,Cenario 3 - Pico de Requisicoes 3-17,true,708075,157,100,100,3239,0
1774965772151,3273,GET Articles,200,Cenario 3 - Pico de Requisicoes 3-77,true,708074,157,100,100,3272,0
1774965772199,3230,GET Articles,200,Cenario 3 - Pico de Requisicoes 3-11,true,708074,157,100,100,3229,0
1774965772219,3232,GET Articles,200,Cenario 3 - Pico de Requisicoes 3-47,true,708075,157,100,100,3232,0
1774965772246,3296,GET Articles,200,Cenario 3 - Pico de Requisicoes 3-78,true,708074,157,100,100,3295,0
1774965772326,3222,GET Articles,200,Cenario 3 - Pico de Requisicoes 3-79,true,708074,157,100,100,3221,0
1774965772332,3245,GET Articles,200,Cenario 3 - Pico de Requisicoes 3-48,true,708076,157,100,100,3245,0
1774965772358,3263,GET Articles,200,Cenario 3 - Pico de Requisicoes 3-29,true,708074,157,100,100,3262,0
1774965772391,3258,GET Articles,200,Cenario 3 - Pico de Requisicoes 3-18,true,708075,157,100,100,3257,0
1774965772419,3258,GET Articles,200,Cenario 3 - Pico de Requisicoes 3-80,true,708075,157,100,100,3258,0
1774965772444,3270,GET Articles,200,Cenario 3 - Pico de Requisicoes 3-81,true,708074,157,100,100,3269,0
1774965772482,3258,GET Articles,200,Cenario 3 - Pico de Requisicoes 3-49,true,708075,157,100,100,3258,0
1774965772506,3271,GET Articles,200,Cenario 3 - Pico de Requisicoes 3-50,true,708075,157,100,100,3270,0
1774965772538,3272,GET Articles,200,Cenario 3 - Pico de Requisicoes 3-30,true,708074,157,100,100,3271,0
1774965772576,3263,GET Articles,200,Cenario 3 - Pico de Requisicoes 3-82,true,708075,157,100,100,3262,0
1774965772601,3265,GET Articles,200,Cenario 3 - Pico de Requisicoes 3-7,true,708075,157,100,100,3265,0
1774965772627,3287,GET Articles,200,Cenario 3 - Pico de Requisicoes 3-83,true,708074,157,100,100,3287,0
1774965772666,3272,GET Articles,200,Cenario 3 - Pico de Requisicoes 3-12,true,708075,157,100,100,3271,0
1774965772725,3235,GET Articles,200,Cenario 3 - Pico de Requisicoes 3-84,true,708075,157,100,100,3235,0
1774965772800,3218,GET Articles,200,Cenario 3 - Pico de Requisicoes 3-31,true,708074,157,100,100,3218,0
1774965772730,3295,GET Articles,200,Cenario 3 - Pico de Requisicoes 3-51,true,708074,157,100,100,3294,0
1774965772767,3281,GET Articles,200,Cenario 3 - Pico de Requisicoes 3-85,true,708075,157,100,100,3280,0
1774965772843,3243,GET Articles,200,Cenario 3 - Pico de Requisicoes 3-52,true,708074,157,100,100,3242,0
1774965772882,3256,GET Articles,200,Cenario 3 - Pico de Requisicoes 3-86,true,708074,157,100,100,3255,0
1774965772909,3234,GET Articles,200,Cenario 3 - Pico de Requisicoes 3-19,true,708075,157,100,100,3234,0
1774965772933,3244,GET Articles,200,Cenario 3 - Pico de Requisicoes 3-32,true,708074,157,100,100,3243,0
1774965772977,3235,GET Articles,200,Cenario 3 - Pico de Requisicoes 3-87,true,708075,157,100,100,3234,0
1774965773020,3229,GET Articles,200,Cenario 3 - Pico de Requisicoes 3-88,true,708075,157,100,100,3228,0
1774965773045,3264,GET Articles,200,Cenario 3 - Pico de Requisicoes 3-53,true,708074,157,100,100,3263,0
1774965773112,3203,GET Articles,200,Cenario 3 - Pico de Requisicoes 3-54,true,708074,157,100,100,3202,0
1774965773078,3271,GET Articles,200,Cenario 3 - Pico de Requisicoes 3-3,true,708075,157,100,100,3270,0
1774965773175,3232,GET Articles,200,Cenario 3 - Pico de Requisicoes 3-89,true,708074,157,100,100,3231,0
1774965773199,3211,GET Articles,200,Cenario 3 - Pico de Requisicoes 3-90,true,708074,157,100,100,3211,0
1774965773137,3306,GET Articles,200,Cenario 3 - Pico de Requisicoes 3-33,true,708075,157,100,100,3305,0
1774965773230,3275,GET Articles,200,Cenario 3 - Pico de Requisicoes 3-8,true,708074,157,100,100,3274,0
1774965773290,3221,GET Articles,200,Cenario 3 - Pico de Requisicoes 3-55,true,708074,157,100,100,3221,0
1774965773268,3275,GET Articles,200,Cenario 3 - Pico de Requisicoes 3-91,true,708075,157,100,100,3274,0
1774965773314,3264,GET Articles,200,Cenario 3 - Pico de Requisicoes 3-34,true,708074,157,100,100,3263,0
1774965773348,3264,GET Articles,200,Cenario 3 - Pico de Requisicoes 3-92,true,708074,157,100,100,3263,0
1774965773369,3268,GET Articles,200,Cenario 3 - Pico de Requisicoes 3-56,true,708075,157,100,100,3268,0
1774965773405,3268,GET Articles,200,Cenario 3 - Pico de Requisicoes 3-20,true,708074,157,100,100,3267,0
1774965773447,3247,GET Articles,200,Cenario 3 - Pico de Requisicoes 3-93,true,708075,157,100,100,3247,0
1774965773489,3249,GET Articles,200,Cenario 3 - Pico de Requisicoes 3-5,true,708075,157,100,100,3246,0
1774965773522,3250,GET Articles,200,Cenario 3 - Pico de Requisicoes 3-94,true,708074,157,100,100,3250,0
1774965773557,3245,GET Articles,200,Cenario 3 - Pico de Requisicoes 3-57,true,708075,157,100,100,3244,0
1774965773581,3246,GET Articles,200,Cenario 3 - Pico de Requisicoes 3-21,true,708075,157,100,100,3245,0
1774965773612,3251,GET Articles,200,Cenario 3 - Pico de Requisicoes 3-95,true,708074,157,100,100,3251,0
1774965773653,3238,GET Articles,200,Cenario 3 - Pico de Requisicoes 3-35,true,708075,157,100,100,3237,0
1774965773681,3238,GET Articles,200,Cenario 3 - Pico de Requisicoes 3-96,true,708075,157,100,100,3238,0
1774965773718,3237,GET Articles,200,Cenario 3 - Pico de Requisicoes 3-58,true,708074,157,100,100,3237,0
1774965773768,3222,GET Articles,200,Cenario 3 - Pico de Requisicoes 3-36,true,708075,157,100,100,3221,0
1774965773791,3226,GET Articles,200,Cenario 3 - Pico de Requisicoes 3-97,true,708075,157,100,100,3226,0
1774965773814,3239,GET Articles,200,Cenario 3 - Pico de Requisicoes 3-59,true,708074,157,100,100,3239,0
1774965773882,3202,GET Articles,200,Cenario 3 - Pico de Requisicoes 3-98,true,708075,157,100,100,3202,0
1774965773887,3223,GET Articles,200,Cenario 3 - Pico de Requisicoes 3-99,true,708075,157,100,100,3222,0
1774965773913,3230,GET Articles,200,Cenario 3 - Pico de Requisicoes 3-14,true,708074,157,100,100,3229,0
1774965773949,3220,GET Articles,200,Cenario 3 - Pico de Requisicoes 3-13,true,708075,157,100,100,3219,0
1774965773974,3233,GET Articles,200,Cenario 3 - Pico de Requisicoes 3-60,true,708075,157,100,100,3233,0
1774965774008,3233,GET Articles,200,Cenario 3 - Pico de Requisicoes 3-100,true,708074,157,100,100,3232,0
1774965774045,3226,GET Articles,200,Cenario 3 - Pico de Requisicoes 3-22,true,708075,157,100,100,3225,0
1774965774065,3232,GET Articles,200,Cenario 3 - Pico de Requisicoes 3-61,true,708075,157,100,100,3232,0
1774965774095,3258,GET Articles,200,Cenario 3 - Pico de Requisicoes 3-38,true,708074,157,100,100,3257,0
1774965774134,3223,GET Articles,200,Cenario 3 - Pico de Requisicoes 3-37,true,708074,157,100,100,3222,0
1774965774159,3231,GET Articles,200,Cenario 3 - Pico de Requisicoes 3-1,true,708075,157,100,100,3231,0
1774965774232,3200,GET Articles,200,Cenario 3 - Pico de Requisicoes 3-62,true,708074,157,100,100,3199,0
1774965774192,3268,GET Articles,200,Cenario 3 - Pico de Requisicoes 3-63,true,708074,157,100,100,3267,0
1774965774256,3233,GET Articles,200,Cenario 3 - Pico de Requisicoes 3-23,true,708075,157,100,100,3232,0
1774965774284,3236,GET Articles,200,Cenario 3 - Pico de Requisicoes 3-64,true,708074,157,100,100,3236,0
1774965774321,3245,GET Articles,200,Cenario 3 - Pico de Requisicoes 3-9,true,708075,157,100,100,3244,0
1774965774342,3259,GET Articles,200,Cenario 3 - Pico de Requisicoes 3-65,true,708075,157,100,100,3258,0
1774965774370,3266,GET Articles,200,Cenario 3 - Pico de Requisicoes 3-39,true,708074,157,100,100,3265,0
1774965774408,3257,GET Articles,200,Cenario 3 - Pico de Requisicoes 3-24,true,708075,157,100,100,3256,0
1774965774444,3245,GET Articles,200,Cenario 3 - Pico de Requisicoes 3-40,true,708075,157,100,100,3244,0
1774965774476,3252,GET Articles,200,Cenario 3 - Pico de Requisicoes 3-6,true,708074,157,100,100,3251,0
1774965774553,3204,GET Articles,200,Cenario 3 - Pico de Requisicoes 3-66,true,708075,157,100,100,3203,0
1774965774557,3227,GET Articles,200,Cenario 3 - Pico de Requisicoes 3-67,true,708075,157,100,100,3227,0
1774965774589,3226,GET Articles,200,Cenario 3 - Pico de Requisicoes 3-15,true,708074,157,100,100,3226,0
1774965774630,3215,GET Articles,200,Cenario 3 - Pico de Requisicoes 3-68,true,708075,157,100,100,3214,0
1774965774652,3216,GET Articles,200,Cenario 3 - Pico de Requisicoes 3-25,true,708075,157,100,100,3215,0
1774965774695,3208,GET Articles,200,Cenario 3 - Pico de Requisicoes 3-41,true,708074,157,100,100,3208,0
1774965774734,3202,GET Articles,200,Cenario 3 - Pico de Requisicoes 3-69,true,708075,157,100,100,3201,0
1774965774756,3204,GET Articles,200,Cenario 3 - Pico de Requisicoes 3-42,true,708075,157,100,100,3204,0
1774965774781,3213,GET Articles,200,Cenario 3 - Pico de Requisicoes 3-4,true,708074,157,100,100,3212,0
1774965774815,3204,GET Articles,200,Cenario 3 - Pico de Requisicoes 3-16,true,708075,157,100,100,3203,0
1774965774843,3212,GET Articles,200,Cenario 3 - Pico de Requisicoes 3-70,true,708075,157,100,100,3212,0
1774965774876,3226,GET Articles,200,Cenario 3 - Pico de Requisicoes 3-43,true,708074,157,100,100,3226,0
1774965774915,3211,GET Articles,200,Cenario 3 - Pico de Requisicoes 3-71,true,708075,157,100,100,3211,0
1774965774950,3213,GET Articles,200,Cenario 3 - Pico de Requisicoes 3-26,true,708075,157,100,100,3212,0
1774965774978,3239,GET Articles,200,Cenario 3 - Pico de Requisicoes 3-10,true,708074,157,100,100,3238,0
1774965775017,3247,GET Articles,200,Cenario 3 - Pico de Requisicoes 3-72,true,708075,157,100,100,3246,0
1774965775052,3258,GET Articles,200,Cenario 3 - Pico de Requisicoes 3-73,true,708076,157,100,100,3257,0
1774965775094,3264,GET Articles,200,Cenario 3 - Pico de Requisicoes 3-44,true,708074,157,100,100,3264,0
1774965775140,3242,GET Articles,200,Cenario 3 - Pico de Requisicoes 3-27,true,708075,157,100,100,3242,0
1774965775167,3254,GET Articles,200,Cenario 3 - Pico de Requisicoes 3-45,true,708075,157,100,100,3253,0
1774965775236,3226,GET Articles,200,Cenario 3 - Pico de Requisicoes 3-2,true,708074,157,100,100,3225,0
1774965775202,3299,GET Articles,200,Cenario 3 - Pico de Requisicoes 3-74,true,708074,157,100,100,3298,0
1774965775266,3266,GET Articles,200,Cenario 3 - Pico de Requisicoes 3-75,true,708075,157,100,100,3265,0
1774965775288,3279,GET Articles,200,Cenario 3 - Pico de Requisicoes 3-46,true,708074,157,100,100,3278,0
1774965775321,3280,GET Articles,200,Cenario 3 - Pico de Requisicoes 3-76,true,708075,157,100,100,3279,0
1774965775342,3287,GET Articles,200,Cenario 3 - Pico de Requisicoes 3-28,true,708075,157,100,100,3286,0
1774965775366,3307,GET Articles,200,Cenario 3 - Pico de Requisicoes 3-17,true,708074,157,100,100,3306,0
1774965775424,3285,GET Articles,200,Cenario 3 - Pico de Requisicoes 3-77,true,708075,157,100,100,3285,0
1774965775429,3310,GET Articles,200,Cenario 3 - Pico de Requisicoes 3-11,true,708075,157,100,100,3309,0
1774965775452,3341,GET Articles,200,Cenario 3 - Pico de Requisicoes 3-47,true,708074,157,100,100,3340,0
1774965775542,3255,GET Articles,200,Cenario 3 - Pico de Requisicoes 3-78,true,708074,157,100,100,3254,0
1774965775548,3288,GET Articles,200,Cenario 3 - Pico de Requisicoes 3-79,true,708075,157,100,100,3287,0
1774965775577,3295,GET Articles,200,Cenario 3 - Pico de Requisicoes 3-48,true,708074,157,100,100,3295,0
1774965775649,3270,GET Articles,200,Cenario 3 - Pico de Requisicoes 3-18,true,708074,157,100,100,3270,0
1774965775621,3304,GET Articles,200,Cenario 3 - Pico de Requisicoes 3-29,true,708075,157,100,100,3304,0
1774965775678,3296,GET Articles,200,Cenario 3 - Pico de Requisicoes 3-80,true,708074,157,100,100,3296,0
1774965775741,3257,GET Articles,200,Cenario 3 - Pico de Requisicoes 3-49,true,708075,157,100,100,3256,0
1774965775714,3314,GET Articles,200,Cenario 3 - Pico de Requisicoes 3-81,true,708075,157,100,100,3314,0
1774965775810,3249,GET Articles,200,Cenario 3 - Pico de Requisicoes 3-30,true,708074,157,100,100,3249,0
1774965775777,3315,GET Articles,200,Cenario 3 - Pico de Requisicoes 3-50,true,708075,157,100,100,3314,0
1774965775839,3276,GET Articles,200,Cenario 3 - Pico de Requisicoes 3-82,true,708075,157,100,100,3276,0
1774965775867,3290,GET Articles,200,Cenario 3 - Pico de Requisicoes 3-7,true,708074,157,100,100,3289,0
1774965775938,3242,GET Articles,200,Cenario 3 - Pico de Requisicoes 3-12,true,708074,157,100,100,3242,0
1774965775914,3287,GET Articles,200,Cenario 3 - Pico de Requisicoes 3-83,true,708075,157,100,100,3287,0
1774965776018,3248,GET Articles,200,Cenario 3 - Pico de Requisicoes 3-31,true,708074,157,100,100,3247,0
1774965775960,3313,GET Articles,200,Cenario 3 - Pico de Requisicoes 3-84,true,708074,157,100,100,3312,0
1774965776025,3268,GET Articles,200,Cenario 3 - Pico de Requisicoes 3-51,true,708075,157,100,100,3268,0
1774965776048,3277,GET Articles,200,Cenario 3 - Pico de Requisicoes 3-85,true,708074,157,100,100,3277,0
1774965776086,3271,GET Articles,200,Cenario 3 - Pico de Requisicoes 3-52,true,708075,157,100,100,3270,0
1774965776138,3243,GET Articles,200,Cenario 3 - Pico de Requisicoes 3-86,true,708075,157,100,100,3242,0
1774965776144,3267,GET Articles,200,Cenario 3 - Pico de Requisicoes 3-19,true,708074,157,100,100,3267,0
1774965776177,3262,GET Articles,200,Cenario 3 - Pico de Requisicoes 3-32,true,708075,157,100,100,3259,0
1774965776212,3262,GET Articles,200,Cenario 3 - Pico de Requisicoes 3-87,true,708075,157,100,100,3261,0
1774965776249,3259,GET Articles,200,Cenario 3 - Pico de Requisicoes 3-88,true,708074,157,100,100,3259,0
1774965776309,3226,GET Articles,200,Cenario 3 - Pico de Requisicoes 3-53,true,708075,157,100,100,3225,0
1774965776315,3245,GET Articles,200,Cenario 3 - Pico de Requisicoes 3-54,true,708075,157,100,100,3245,0
1774965776349,3244,GET Articles,200,Cenario 3 - Pico de Requisicoes 3-3,true,708074,157,100,100,3243,0
1774965776407,3230,GET Articles,200,Cenario 3 - Pico de Requisicoes 3-89,true,708075,157,100,100,3230,0
1774965776411,3256,GET Articles,200,Cenario 3 - Pico de Requisicoes 3-90,true,708075,157,100,100,3255,0
1774965776443,3270,GET Articles,200,Cenario 3 - Pico de Requisicoes 3-33,true,708074,157,100,100,3270,0
1774965776505,3234,GET Articles,200,Cenario 3 - Pico de Requisicoes 3-8,true,708075,157,100,100,3233,0
1774965776511,3255,GET Articles,200,Cenario 3 - Pico de Requisicoes 3-55,true,708075,157,100,100,3255,0
1774965776543,3262,GET Articles,200,Cenario 3 - Pico de Requisicoes 3-91,true,708074,157,100,100,3262,0
1774965776578,3256,GET Articles,200,Cenario 3 - Pico de Requisicoes 3-34,true,708075,157,100,100,3256,0
1774965776612,3255,GET Articles,200,Cenario 3 - Pico de Requisicoes 3-92,true,708075,157,100,100,3254,0
1774965776638,3269,GET Articles,200,Cenario 3 - Pico de Requisicoes 3-56,true,708074,157,100,100,3269,0
1774965776673,3266,GET Articles,200,Cenario 3 - Pico de Requisicoes 3-20,true,708075,157,100,100,3266,0
1774965776695,3264,GET Articles,200,Cenario 3 - Pico de Requisicoes 3-93,true,708075,157,100,100,3264,0
1774965776738,3260,GET Articles,200,Cenario 3 - Pico de Requisicoes 3-5,true,708074,157,100,100,3260,0
1774965776772,3249,GET Articles,200,Cenario 3 - Pico de Requisicoes 3-94,true,708075,157,100,100,3248,0
1774965776802,3247,GET Articles,200,Cenario 3 - Pico de Requisicoes 3-57,true,708075,157,100,100,3247,0
1774965776827,3255,GET Articles,200,Cenario 3 - Pico de Requisicoes 3-21,true,708074,157,100,100,3254,0
1774965776863,3255,GET Articles,200,Cenario 3 - Pico de Requisicoes 3-95,true,708075,157,100,100,3254,0
1774965776891,3252,GET Articles,200,Cenario 3 - Pico de Requisicoes 3-35,true,708075,157,100,100,3252,0
1774965776920,3297,GET Articles,200,Cenario 3 - Pico de Requisicoes 3-96,true,708074,157,100,100,3297,0
1774965776955,3268,GET Articles,200,Cenario 3 - Pico de Requisicoes 3-58,true,708074,157,100,100,3267,0
1774965776990,3262,GET Articles,200,Cenario 3 - Pico de Requisicoes 3-36,true,708075,157,100,100,3261,0
1774965777053,3231,GET Articles,200,Cenario 3 - Pico de Requisicoes 3-59,true,708074,157,100,100,3231,0
1774965777017,3293,GET Articles,200,Cenario 3 - Pico de Requisicoes 3-97,true,708075,157,100,100,3292,0
1774965777085,3250,GET Articles,200,Cenario 3 - Pico de Requisicoes 3-98,true,708075,157,100,100,3250,0
1774965777110,3258,GET Articles,200,Cenario 3 - Pico de Requisicoes 3-99,true,708074,157,100,100,3258,0
1774965777143,3263,GET Articles,200,Cenario 3 - Pico de Requisicoes 3-14,true,708075,157,100,100,3262,0
1774965777169,3278,GET Articles,200,Cenario 3 - Pico de Requisicoes 3-13,true,708075,157,100,100,3277,0
1774965777208,3294,GET Articles,200,Cenario 3 - Pico de Requisicoes 3-60,true,708074,157,100,100,3293,0
1774965777241,3265,GET Articles,200,Cenario 3 - Pico de Requisicoes 3-100,true,708074,157,100,100,3264,0
1774965777271,3259,GET Articles,200,Cenario 3 - Pico de Requisicoes 3-22,true,708075,157,100,100,3258,0
1774965777353,3217,GET Articles,200,Cenario 3 - Pico de Requisicoes 3-38,true,708074,157,100,100,3216,0
1774965777298,3296,GET Articles,200,Cenario 3 - Pico de Requisicoes 3-61,true,708074,157,100,100,3295,0
1774965777357,3273,GET Articles,200,Cenario 3 - Pico de Requisicoes 3-37,true,708075,157,100,100,3273,0
1774965777391,3271,GET Articles,200,Cenario 3 - Pico de Requisicoes 3-1,true,708074,157,100,100,3270,0
1774965777432,3272,GET Articles,200,Cenario 3 - Pico de Requisicoes 3-62,true,708075,157,100,100,3272,0
1774965777460,3269,GET Articles,200,Cenario 3 - Pico de Requisicoes 3-63,true,708075,157,100,100,3268,0
1774965777489,3273,GET Articles,200,Cenario 3 - Pico de Requisicoes 3-23,true,708074,157,100,100,3272,0
1774965777520,3272,GET Articles,200,Cenario 3 - Pico de Requisicoes 3-64,true,708075,157,100,100,3271,0
1774965777566,3251,GET Articles,200,Cenario 3 - Pico de Requisicoes 3-9,true,708075,157,100,100,3251,0
1774965777601,3276,GET Articles,200,Cenario 3 - Pico de Requisicoes 3-65,true,708074,157,100,100,3276,0
1774965777636,3288,GET Articles,200,Cenario 3 - Pico de Requisicoes 3-39,true,708075,157,100,100,3287,0
1774965777665,3288,GET Articles,200,Cenario 3 - Pico de Requisicoes 3-24,true,708076,157,100,100,3287,0
1774965777757,3231,GET Articles,200,Cenario 3 - Pico de Requisicoes 3-66,true,708074,157,100,100,3230,0
1774965777689,3341,GET Articles,200,Cenario 3 - Pico de Requisicoes 3-40,true,708074,157,100,100,3340,0
1774965777728,3325,GET Articles,200,Cenario 3 - Pico de Requisicoes 3-6,true,708075,157,100,100,3325,0
1774965777784,3304,GET Articles,200,Cenario 3 - Pico de Requisicoes 3-67,true,708074,157,100,100,3303,0
1774965777816,3300,GET Articles,200,Cenario 3 - Pico de Requisicoes 3-15,true,708075,157,100,100,3300,0
1774965777845,3311,GET Articles,200,Cenario 3 - Pico de Requisicoes 3-68,true,708075,157,100,100,3310,0
1774965777868,3335,GET Articles,200,Cenario 3 - Pico de Requisicoes 3-25,true,708074,157,100,100,3335,0
1774965777904,3327,GET Articles,200,Cenario 3 - Pico de Requisicoes 3-41,true,708074,157,100,100,3327,0
1774965777936,3316,GET Articles,200,Cenario 3 - Pico de Requisicoes 3-69,true,708075,157,100,100,3316,0
1774965777960,3327,GET Articles,200,Cenario 3 - Pico de Requisicoes 3-42,true,708074,157,100,100,3326,0
1774965777994,3336,GET Articles,200,Cenario 3 - Pico de Requisicoes 3-4,true,708075,157,100,100,3335,0
1774965778019,3333,GET Articles,200,Cenario 3 - Pico de Requisicoes 3-16,true,708075,157,100,100,3333,0
1774965778055,3337,GET Articles,200,Cenario 3 - Pico de Requisicoes 3-70,true,708074,157,100,100,3336,0
1774965778103,3311,GET Articles,200,Cenario 3 - Pico de Requisicoes 3-43,true,708075,157,100,100,3310,0
1774965778127,3307,GET Articles,200,Cenario 3 - Pico de Requisicoes 3-71,true,708075,157,100,100,3307,0
1774965778163,3313,GET Articles,200,Cenario 3 - Pico de Requisicoes 3-26,true,708074,157,100,100,3313,0
1774965778217,3297,GET Articles,200,Cenario 3 - Pico de Requisicoes 3-10,true,708074,157,100,100,3296,0
1774965778264,3273,GET Articles,200,Cenario 3 - Pico de Requisicoes 3-72,true,708075,157,100,100,3273,0
1774965778310,3285,GET Articles,200,Cenario 3 - Pico de Requisicoes 3-73,true,708074,157,100,100,3285,0
1774965778358,3243,GET Articles,200,Cenario 3 - Pico de Requisicoes 3-44,true,708074,157,100,100,3242,0
1774965778383,3241,GET Articles,200,Cenario 3 - Pico de Requisicoes 3-27,true,708074,157,100,100,3240,0
1774965778421,3240,GET Articles,200,Cenario 3 - Pico de Requisicoes 3-45,true,708074,157,100,100,3239,0
1774965778501,3187,GET Articles,200,Cenario 3 - Pico de Requisicoes 3-74,true,708075,157,100,100,3186,0
1774965778462,3248,GET Articles,200,Cenario 3 - Pico de Requisicoes 3-2,true,708075,157,100,100,3247,0
1774965778532,3225,GET Articles,200,Cenario 3 - Pico de Requisicoes 3-75,true,708074,157,100,100,3224,0
1774965778567,3229,GET Articles,200,Cenario 3 - Pico de Requisicoes 3-46,true,708074,157,100,100,3229,0
1774965778601,3200,GET Articles,200,Cenario 3 - Pico de Requisicoes 3-76,true,708075,157,100,100,3199,0
1774965778629,3210,GET Articles,200,Cenario 3 - Pico de Requisicoes 3-28,true,708074,157,100,100,3209,0
1774965778709,3170,GET Articles,200,Cenario 3 - Pico de Requisicoes 3-77,true,708075,157,100,100,3169,0
1774965778673,3211,GET Articles,200,Cenario 3 - Pico de Requisicoes 3-17,true,708075,157,100,100,3210,0
1774965778739,3183,GET Articles,200,Cenario 3 - Pico de Requisicoes 3-11,true,708074,157,100,100,3182,0
1774965778797,3166,GET Articles,200,Cenario 3 - Pico de Requisicoes 3-78,true,708075,157,100,100,3165,0
1774965778793,3174,GET Articles,200,Cenario 3 - Pico de Requisicoes 3-47,true,708075,157,100,100,3173,0
1774965778836,3167,GET Articles,200,Cenario 3 - Pico de Requisicoes 3-79,true,708074,157,100,100,3166,0
1774965778872,3165,GET Articles,200,Cenario 3 - Pico de Requisicoes 3-48,true,708075,157,100,100,3165,0
1774965778919,3147,GET Articles,200,Cenario 3 - Pico de Requisicoes 3-18,true,708075,157,100,100,3146,0
1774965778925,3186,GET Articles,200,Cenario 3 - Pico de Requisicoes 3-29,true,708074,157,100,100,3181,0
1774965778974,3161,GET Articles,200,Cenario 3 - Pico de Requisicoes 3-80,true,708075,157,100,100,3160,0
1774965778998,3158,GET Articles,200,Cenario 3 - Pico de Requisicoes 3-49,true,708075,157,100,100,3157,0
1774965779028,3175,GET Articles,200,Cenario 3 - Pico de Requisicoes 3-81,true,708074,157,100,100,3175,0
1774965779060,3164,GET Articles,200,Cenario 3 - Pico de Requisicoes 3-30,true,708075,157,100,100,3164,0
1774965779092,3161,GET Articles,200,Cenario 3 - Pico de Requisicoes 3-50,true,708075,157,100,100,3160,0
1774965779115,3198,GET Articles,200,Cenario 3 - Pico de Requisicoes 3-82,true,708074,157,100,100,3197,0
1774965779157,3161,GET Articles,200,Cenario 3 - Pico de Requisicoes 3-7,true,708074,157,100,100,3160,0
1774965779181,3159,GET Articles,200,Cenario 3 - Pico de Requisicoes 3-12,true,708075,157,100,100,3158,0
1774965779202,3174,GET Articles,200,Cenario 3 - Pico de Requisicoes 3-83,true,708074,157,100,100,3173,0
1774965779266,3136,GET Articles,200,Cenario 3 - Pico de Requisicoes 3-31,true,708075,157,100,100,3136,0
1774965779273,3155,GET Articles,200,Cenario 3 - Pico de Requisicoes 3-84,true,708075,157,100,100,3154,0
1774965779294,3173,GET Articles,200,Cenario 3 - Pico de Requisicoes 3-51,true,708074,157,100,100,3172,0
1774965779326,3164,GET Articles,200,Cenario 3 - Pico de Requisicoes 3-85,true,708074,157,100,100,3164,0
1774965779357,3157,GET Articles,200,Cenario 3 - Pico de Requisicoes 3-52,true,708075,157,100,100,3157,0
1774965779381,3171,GET Articles,200,Cenario 3 - Pico de Requisicoes 3-86,true,708074,157,100,100,3170,0
1774965779412,3167,GET Articles,200,Cenario 3 - Pico de Requisicoes 3-19,true,708075,157,100,100,3167,0
1774965779440,3167,GET Articles,200,Cenario 3 - Pico de Requisicoes 3-32,true,708075,157,100,100,3166,0
1774965779474,3190,GET Articles,200,Cenario 3 - Pico de Requisicoes 3-87,true,708074,157,100,100,3189,0
1774965779508,3178,GET Articles,200,Cenario 3 - Pico de Requisicoes 3-88,true,708075,157,100,100,3178,0
1774965779535,3176,GET Articles,200,Cenario 3 - Pico de Requisicoes 3-53,true,708075,157,100,100,3176,0
1774965779560,3218,GET Articles,200,Cenario 3 - Pico de Requisicoes 3-54,true,708074,157,100,100,3217,0
1774965779593,3189,GET Articles,200,Cenario 3 - Pico de Requisicoes 3-3,true,708074,157,100,100,3189,0
1774965779638,3170,GET Articles,200,Cenario 3 - Pico de Requisicoes 3-89,true,708075,157,100,100,3169,0
1774965779713,3138,GET Articles,200,Cenario 3 - Pico de Requisicoes 3-33,true,708074,157,100,100,3137,0
1774965779667,3213,GET Articles,200,Cenario 3 - Pico de Requisicoes 3-90,true,708075,157,100,100,3212,0
1774965779739,3165,GET Articles,200,Cenario 3 - Pico de Requisicoes 3-8,true,708075,157,100,100,3164,0
1774965779767,3183,GET Articles,200,Cenario 3 - Pico de Requisicoes 3-55,true,708074,157,100,100,3183,0
1774965779805,3166,GET Articles,200,Cenario 3 - Pico de Requisicoes 3-91,true,708074,157,100,100,3165,0
1774965779834,3162,GET Articles,200,Cenario 3 - Pico de Requisicoes 3-34,true,708075,157,100,100,3162,0
1774965779867,3171,GET Articles,200,Cenario 3 - Pico de Requisicoes 3-92,true,708074,157,100,100,3171,0
1774965779908,3151,GET Articles,200,Cenario 3 - Pico de Requisicoes 3-56,true,708075,157,100,100,3151,0
1774965779939,3142,GET Articles,200,Cenario 3 - Pico de Requisicoes 3-20,true,708075,157,100,100,3142,0
1774965779960,3154,GET Articles,200,Cenario 3 - Pico de Requisicoes 3-93,true,708074,157,100,100,3154,0
1774965779999,3138,GET Articles,200,Cenario 3 - Pico de Requisicoes 3-5,true,708075,157,100,100,3137,0
1774965780022,3143,GET Articles,200,Cenario 3 - Pico de Requisicoes 3-94,true,708075,157,100,100,3142,0
1774965780082,3117,GET Articles,200,Cenario 3 - Pico de Requisicoes 3-21,true,708074,157,100,100,3117,0
1774965780049,3178,GET Articles,200,Cenario 3 - Pico de Requisicoes 3-57,true,708074,157,100,100,3178,0
1774965780118,3134,GET Articles,200,Cenario 3 - Pico de Requisicoes 3-95,true,708075,157,100,100,3134,0
1774965780143,3158,GET Articles,200,Cenario 3 - Pico de Requisicoes 3-35,true,708074,157,100,100,3158,0
1774965780217,3109,GET Articles,200,Cenario 3 - Pico de Requisicoes 3-96,true,708075,157,100,100,3108,0
1774965780223,3123,GET Articles,200,Cenario 3 - Pico de Requisicoes 3-58,true,708075,157,100,100,3123,0
1774965780252,3135,GET Articles,200,Cenario 3 - Pico de Requisicoes 3-36,true,708074,157,100,100,3134,0
1774965780284,3137,GET Articles,200,Cenario 3 - Pico de Requisicoes 3-59,true,708075,157,100,100,3136,0
1774965780310,3134,GET Articles,200,Cenario 3 - Pico de Requisicoes 3-97,true,708075,157,100,100,3134,0
1774965780336,3145,GET Articles,200,Cenario 3 - Pico de Requisicoes 3-98,true,708074,157,100,100,3145,0
1774965780368,3147,GET Articles,200,Cenario 3 - Pico de Requisicoes 3-99,true,708075,157,100,100,3147,0
1774965780406,3144,GET Articles,200,Cenario 3 - Pico de Requisicoes 3-14,true,708075,157,100,100,3144,0
1774965780447,3150,GET Articles,200,Cenario 3 - Pico de Requisicoes 3-13,true,708074,157,100,100,3149,0
1774965780502,3121,GET Articles,200,Cenario 3 - Pico de Requisicoes 3-60,true,708075,157,100,100,3120,0
1774965780506,3143,GET Articles,200,Cenario 3 - Pico de Requisicoes 3-100,true,708075,157,100,100,3142,0
1774965780530,3154,GET Articles,200,Cenario 3 - Pico de Requisicoes 3-22,true,708074,157,100,100,3153,0
1774965780570,3156,GET Articles,200,Cenario 3 - Pico de Requisicoes 3-38,true,708075,157,100,100,3155,0
1774965780594,3157,GET Articles,200,Cenario 3 - Pico de Requisicoes 3-61,true,708075,157,100,100,3156,0
1774965780631,3157,GET Articles,200,Cenario 3 - Pico de Requisicoes 3-37,true,708074,157,100,100,3156,0
1774965780662,3151,GET Articles,200,Cenario 3 - Pico de Requisicoes 3-1,true,708075,157,100,100,3150,0
1774965780705,3137,GET Articles,200,Cenario 3 - Pico de Requisicoes 3-62,true,708075,157,100,100,3137,0
1774965780729,3157,GET Articles,200,Cenario 3 - Pico de Requisicoes 3-63,true,708074,157,100,100,3156,0
1774965780762,3157,GET Articles,200,Cenario 3 - Pico de Requisicoes 3-23,true,708075,157,100,100,3156,0
1774965780792,3150,GET Articles,200,Cenario 3 - Pico de Requisicoes 3-64,true,708075,157,100,100,3149,0
1774965780818,3173,GET Articles,200,Cenario 3 - Pico de Requisicoes 3-9,true,708074,157,100,100,3172,0
1774965780877,3136,GET Articles,200,Cenario 3 - Pico de Requisicoes 3-65,true,708075,157,100,100,3136,0
1774965780924,3116,GET Articles,200,Cenario 3 - Pico de Requisicoes 3-39,true,708075,157,100,100,3116,0
1774965780953,3130,GET Articles,200,Cenario 3 - Pico de Requisicoes 3-24,true,708074,157,100,100,3129,0
1774965780988,3119,GET Articles,200,Cenario 3 - Pico de Requisicoes 3-66,true,708075,157,100,100,3118,0
1774965781030,3103,GET Articles,200,Cenario 3 - Pico de Requisicoes 3-40,true,708075,157,100,100,3102,0
1774965781054,3117,GET Articles,200,Cenario 3 - Pico de Requisicoes 3-6,true,708074,157,100,100,3116,0
1774965781088,3110,GET Articles,200,Cenario 3 - Pico de Requisicoes 3-67,true,708075,157,100,100,3110,0
1774965781116,3111,GET Articles,200,Cenario 3 - Pico de Requisicoes 3-15,true,708075,157,100,100,3110,0
1774965781156,3106,GET Articles,200,Cenario 3 - Pico de Requisicoes 3-68,true,708074,157,100,100,3105,0
1774965781203,3082,GET Articles,200,Cenario 3 - Pico de Requisicoes 3-25,true,708075,157,100,100,3081,0
1774965781231,3083,GET Articles,200,Cenario 3 - Pico de Requisicoes 3-41,true,708075,157,100,100,3083,0
1774965781252,3108,GET Articles,200,Cenario 3 - Pico de Requisicoes 3-69,true,708074,157,100,100,3107,0
1774965781288,3100,GET Articles,200,Cenario 3 - Pico de Requisicoes 3-42,true,708075,157,100,100,3100,0
1774965781330,3087,GET Articles,200,Cenario 3 - Pico de Requisicoes 3-4,true,708075,157,100,100,3086,0
1774965781353,3107,GET Articles,200,Cenario 3 - Pico de Requisicoes 3-16,true,708074,157,100,100,3106,0
1774965781392,3090,GET Articles,200,Cenario 3 - Pico de Requisicoes 3-70,true,708075,157,100,100,3089,0
1774965781414,3092,GET Articles,200,Cenario 3 - Pico de Requisicoes 3-43,true,708075,157,100,100,3091,0
1774965781435,3110,GET Articles,200,Cenario 3 - Pico de Requisicoes 3-71,true,708074,157,100,100,3109,0
1774965781476,3098,GET Articles,200,Cenario 3 - Pico de Requisicoes 3-26,true,708075,157,100,100,3097,0
1774965781514,3094,GET Articles,200,Cenario 3 - Pico de Requisicoes 3-10,true,708075,157,100,100,3094,0
1774965781537,3113,GET Articles,200,Cenario 3 - Pico de Requisicoes 3-72,true,708074,157,100,100,3112,0
1774965781595,3077,GET Articles,200,Cenario 3 - Pico de Requisicoes 3-73,true,708075,157,100,100,3076,0
1774965781601,3100,GET Articles,200,Cenario 3 - Pico de Requisicoes 3-44,true,708075,157,100,100,3097,0
1774965781624,3124,GET Articles,200,Cenario 3 - Pico de Requisicoes 3-27,true,708074,157,100,100,3123,0
1774965781661,3141,GET Articles,200,Cenario 3 - Pico de Requisicoes 3-45,true,708075,157,100,100,3140,0
1774965781688,3118,GET Articles,200,Cenario 3 - Pico de Requisicoes 3-74,true,708075,157,100,100,3118,0
1774965781710,3132,GET Articles,200,Cenario 3 - Pico de Requisicoes 3-2,true,708074,157,100,100,3132,0
1774965781757,3110,GET Articles,200,Cenario 3 - Pico de Requisicoes 3-75,true,708075,157,100,100,3110,0
1774965781797,3100,GET Articles,200,Cenario 3 - Pico de Requisicoes 3-46,true,708075,157,100,100,3099,0
1774965781801,3138,GET Articles,200,Cenario 3 - Pico de Requisicoes 3-76,true,708074,157,100,100,3137,0
1774965781839,3130,GET Articles,200,Cenario 3 - Pico de Requisicoes 3-28,true,708075,157,100,100,3130,0
1774965781879,3123,GET Articles,200,Cenario 3 - Pico de Requisicoes 3-77,true,708075,157,100,100,3123,0
1774965781884,3160,GET Articles,200,Cenario 3 - Pico de Requisicoes 3-17,true,708074,157,100,100,3160,0
1774965781922,3151,GET Articles,200,Cenario 3 - Pico de Requisicoes 3-11,true,708075,157,100,100,3150,0
1774965781963,3131,GET Articles,200,Cenario 3 - Pico de Requisicoes 3-78,true,708075,157,100,100,3130,0
1774965781967,3165,GET Articles,200,Cenario 3 - Pico de Requisicoes 3-47,true,708074,157,100,100,3164,0
1774965782003,3151,GET Articles,200,Cenario 3 - Pico de Requisicoes 3-79,true,708075,157,100,100,3151,0
1774965782038,3142,GET Articles,200,Cenario 3 - Pico de Requisicoes 3-48,true,708075,157,100,100,3142,0
1774965782111,3104,GET Articles,200,Cenario 3 - Pico de Requisicoes 3-29,true,708074,157,100,100,3103,0
1774965782066,3171,GET Articles,200,Cenario 3 - Pico de Requisicoes 3-18,true,708075,157,100,100,3170,0
1774965782135,3129,GET Articles,200,Cenario 3 - Pico de Requisicoes 3-80,true,708075,157,100,100,3129,0
1774965782156,3148,GET Articles,200,Cenario 3 - Pico de Requisicoes 3-49,true,708074,157,100,100,3148,0
1774965782203,3121,GET Articles,200,Cenario 3 - Pico de Requisicoes 3-81,true,708074,157,100,100,3121,0
1774965782225,3134,GET Articles,200,Cenario 3 - Pico de Requisicoes 3-30,true,708075,157,100,100,3133,0
1774965782253,3143,GET Articles,200,Cenario 3 - Pico de Requisicoes 3-50,true,708074,157,100,100,3142,0
1774965782313,3107,GET Articles,200,Cenario 3 - Pico de Requisicoes 3-82,true,708074,157,100,100,3107,0
1774965782318,3126,GET Articles,200,Cenario 3 - Pico de Requisicoes 3-7,true,708075,157,100,100,3125,0
1774965782340,3161,GET Articles,200,Cenario 3 - Pico de Requisicoes 3-12,true,708074,157,100,100,3160,0
1774965782376,3131,GET Articles,200,Cenario 3 - Pico de Requisicoes 3-83,true,708074,157,100,100,3130,0
1774965782403,3124,GET Articles,200,Cenario 3 - Pico de Requisicoes 3-31,true,708074,157,100,100,3123,0
1774965782428,3137,GET Articles,200,Cenario 3 - Pico de Requisicoes 3-84,true,708074,157,100,100,3136,0
1774965782490,3101,GET Articles,200,Cenario 3 - Pico de Requisicoes 3-85,true,708074,157,100,100,3100,0
1774965782467,3155,GET Articles,200,Cenario 3 - Pico de Requisicoes 3-51,true,708075,157,100,100,3154,0
1774965782515,3169,GET Articles,200,Cenario 3 - Pico de Requisicoes 3-52,true,708074,157,100,100,3168,0
1774965782552,3138,GET Articles,200,Cenario 3 - Pico de Requisicoes 3-86,true,708074,157,100,100,3137,0
1774965782579,3145,GET Articles,200,Cenario 3 - Pico de Requisicoes 3-19,true,708075,157,100,100,3144,0
1774965782607,3155,GET Articles,200,Cenario 3 - Pico de Requisicoes 3-32,true,708074,157,100,100,3154,0
1774965782664,3133,GET Articles,200,Cenario 3 - Pico de Requisicoes 3-87,true,708075,157,100,100,3132,0
1774965782686,3146,GET Articles,200,Cenario 3 - Pico de Requisicoes 3-88,true,708075,157,100,100,3146,0
1774965782711,3197,GET Articles,200,Cenario 3 - Pico de Requisicoes 3-53,true,708074,157,100,100,3197,0
1774965782778,3134,GET Articles,200,Cenario 3 - Pico de Requisicoes 3-54,true,708074,157,100,100,3133,0
1774965782783,3154,GET Articles,200,Cenario 3 - Pico de Requisicoes 3-3,true,708074,157,100,100,3153,0
1774965782808,3211,GET Articles,200,Cenario 3 - Pico de Requisicoes 3-89,true,708074,157,100,100,3210,0
1774965782880,3144,GET Articles,200,Cenario 3 - Pico de Requisicoes 3-90,true,708074,157,100,100,3144,0
1774965782851,3177,GET Articles,200,Cenario 3 - Pico de Requisicoes 3-33,true,708074,157,100,100,3177,0
1774965782904,3156,GET Articles,200,Cenario 3 - Pico de Requisicoes 3-8,true,708074,157,100,100,3156,0
1774965782950,3137,GET Articles,200,Cenario 3 - Pico de Requisicoes 3-55,true,708075,157,100,100,3137,0
1774965782971,3153,GET Articles,200,Cenario 3 - Pico de Requisicoes 3-91,true,708075,157,100,100,3153,0
1774965782996,3166,GET Articles,200,Cenario 3 - Pico de Requisicoes 3-34,true,708074,157,100,100,3165,0
1774965783038,3144,GET Articles,200,Cenario 3 - Pico de Requisicoes 3-92,true,708075,157,100,100,3143,0
1774965783059,3150,GET Articles,200,Cenario 3 - Pico de Requisicoes 3-56,true,708075,157,100,100,3149,0
1774965783082,3162,GET Articles,200,Cenario 3 - Pico de Requisicoes 3-20,true,708074,157,100,100,3161,0
1774965783115,3151,GET Articles,200,Cenario 3 - Pico de Requisicoes 3-93,true,708075,157,100,100,3150,0
1774965783137,3156,GET Articles,200,Cenario 3 - Pico de Requisicoes 3-5,true,708075,157,100,100,3155,0
1774965783165,3170,GET Articles,200,Cenario 3 - Pico de Requisicoes 3-94,true,708074,157,100,100,3170,0
1774965783199,3159,GET Articles,200,Cenario 3 - Pico de Requisicoes 3-21,true,708075,157,100,100,3158,0
1774965783227,3159,GET Articles,200,Cenario 3 - Pico de Requisicoes 3-57,true,708075,157,100,100,3159,0
1774965783253,3174,GET Articles,200,Cenario 3 - Pico de Requisicoes 3-95,true,708074,157,100,100,3173,0
1774965783302,3147,GET Articles,200,Cenario 3 - Pico de Requisicoes 3-35,true,708074,157,100,100,3146,0
1774965783326,3146,GET Articles,200,Cenario 3 - Pico de Requisicoes 3-96,true,708075,157,99,99,3146,0
1774965783346,3163,GET Articles,200,Cenario 3 - Pico de Requisicoes 3-58,true,708074,157,98,98,3162,0
1774965783387,3149,GET Articles,200,Cenario 3 - Pico de Requisicoes 3-36,true,708075,157,97,97,3149,0
1774965783421,3149,GET Articles,200,Cenario 3 - Pico de Requisicoes 3-59,true,708075,157,96,96,3149,0
1774965783444,3161,GET Articles,200,Cenario 3 - Pico de Requisicoes 3-97,true,708074,157,95,95,3161,0
1774965783481,3167,GET Articles,200,Cenario 3 - Pico de Requisicoes 3-98,true,708075,157,94,94,3166,0
1774965783515,3156,GET Articles,200,Cenario 3 - Pico de Requisicoes 3-99,true,708075,157,93,93,3155,0
1774965783551,3177,GET Articles,200,Cenario 3 - Pico de Requisicoes 3-14,true,708074,157,92,92,3176,0
1774965783597,3161,GET Articles,200,Cenario 3 - Pico de Requisicoes 3-13,true,708075,157,91,91,3160,0
1774965783623,3160,GET Articles,200,Cenario 3 - Pico de Requisicoes 3-60,true,708075,157,90,90,3159,0
1774965783649,3168,GET Articles,200,Cenario 3 - Pico de Requisicoes 3-100,true,708074,157,89,89,3168,0
1774965783684,3157,GET Articles,200,Cenario 3 - Pico de Requisicoes 3-22,true,708075,157,88,88,3157,0
1774965783726,3165,GET Articles,200,Cenario 3 - Pico de Requisicoes 3-38,true,708075,157,87,87,3165,0
1774965783751,3183,GET Articles,200,Cenario 3 - Pico de Requisicoes 3-61,true,708074,157,86,86,3182,0
1774965783788,3174,GET Articles,200,Cenario 3 - Pico de Requisicoes 3-37,true,708075,157,85,85,3173,0
1774965783813,3174,GET Articles,200,Cenario 3 - Pico de Requisicoes 3-1,true,708075,157,84,84,3173,0
1774965783842,3193,GET Articles,200,Cenario 3 - Pico de Requisicoes 3-62,true,708074,157,83,83,3192,0
1774965783886,3171,GET Articles,200,Cenario 3 - Pico de Requisicoes 3-63,true,708074,157,82,82,3170,0
1774965783919,3162,GET Articles,200,Cenario 3 - Pico de Requisicoes 3-23,true,708075,157,81,81,3161,0
1774965783942,3174,GET Articles,200,Cenario 3 - Pico de Requisicoes 3-64,true,708074,157,80,80,3173,0
1774965783991,3149,GET Articles,200,Cenario 3 - Pico de Requisicoes 3-9,true,708074,157,79,79,3149,0
1774965784013,3162,GET Articles,200,Cenario 3 - Pico de Requisicoes 3-65,true,708075,157,78,78,3161,0
1774965784083,3124,GET Articles,200,Cenario 3 - Pico de Requisicoes 3-24,true,708074,157,77,77,3123,0
1774965784040,3197,GET Articles,200,Cenario 3 - Pico de Requisicoes 3-39,true,708075,157,76,76,3196,0
1774965784107,3158,GET Articles,200,Cenario 3 - Pico de Requisicoes 3-66,true,708075,157,75,75,3157,0
1774965784133,3174,GET Articles,200,Cenario 3 - Pico de Requisicoes 3-40,true,708074,157,74,74,3173,0
1774965784171,3178,GET Articles,200,Cenario 3 - Pico de Requisicoes 3-6,true,708075,157,73,73,3175,0
1774965784199,3154,GET Articles,200,Cenario 3 - Pico de Requisicoes 3-67,true,708075,157,72,72,3153,0
1774965784227,3160,GET Articles,200,Cenario 3 - Pico de Requisicoes 3-15,true,708074,157,71,71,3159,0
1774965784285,3138,GET Articles,200,Cenario 3 - Pico de Requisicoes 3-25,true,708075,157,70,70,3137,0
1774965784262,3191,GET Articles,200,Cenario 3 - Pico de Requisicoes 3-68,true,708075,157,69,69,3190,0
1774965784315,3178,GET Articles,200,Cenario 3 - Pico de Requisicoes 3-41,true,708074,157,68,68,3177,0
1774965784360,3163,GET Articles,200,Cenario 3 - Pico de Requisicoes 3-69,true,708075,157,67,67,3162,0
1774965784388,3162,GET Articles,200,Cenario 3 - Pico de Requisicoes 3-42,true,708075,157,66,66,3161,0
1774965784417,3166,GET Articles,200,Cenario 3 - Pico de Requisicoes 3-4,true,708074,157,65,65,3165,0
1774965784460,3150,GET Articles,200,Cenario 3 - Pico de Requisicoes 3-16,true,708075,157,64,64,3150,0
1774965784482,3159,GET Articles,200,Cenario 3 - Pico de Requisicoes 3-70,true,708075,157,63,63,3158,0
1774965784506,3188,GET Articles,200,Cenario 3 - Pico de Requisicoes 3-43,true,708074,157,62,62,3187,0
1774965784545,3154,GET Articles,200,Cenario 3 - Pico de Requisicoes 3-71,true,708074,157,61,61,3153,0
1774965784574,3148,GET Articles,200,Cenario 3 - Pico de Requisicoes 3-26,true,708075,157,60,60,3147,0
1774965784608,3157,GET Articles,200,Cenario 3 - Pico de Requisicoes 3-10,true,708074,157,59,59,3157,0
1774965784650,3137,GET Articles,200,Cenario 3 - Pico de Requisicoes 3-72,true,708075,157,58,58,3136,0
1774965784672,3146,GET Articles,200,Cenario 3 - Pico de Requisicoes 3-73,true,708075,157,57,57,3145,0
1774965784748,3108,GET Articles,200,Cenario 3 - Pico de Requisicoes 3-27,true,708074,157,56,56,3108,0
1774965784701,3177,GET Articles,200,Cenario 3 - Pico de Requisicoes 3-44,true,708074,157,55,55,3176,0
1774965784802,3101,GET Articles,200,Cenario 3 - Pico de Requisicoes 3-45,true,708075,157,54,54,3101,0
1774965784807,3132,GET Articles,200,Cenario 3 - Pico de Requisicoes 3-74,true,708074,157,53,53,3131,0
1774965784842,3121,GET Articles,200,Cenario 3 - Pico de Requisicoes 3-2,true,708074,157,52,52,3120,0
1774965784868,3123,GET Articles,200,Cenario 3 - Pico de Requisicoes 3-75,true,708075,157,51,51,3123,0
1774965784939,3094,GET Articles,200,Cenario 3 - Pico de Requisicoes 3-76,true,708074,157,50,50,3093,0
1774965784897,3165,GET Articles,200,Cenario 3 - Pico de Requisicoes 3-46,true,708075,157,49,49,3164,0
1774965784970,3119,GET Articles,200,Cenario 3 - Pico de Requisicoes 3-28,true,708075,157,48,48,3118,0
1774965785045,3077,GET Articles,200,Cenario 3 - Pico de Requisicoes 3-17,true,708074,157,47,47,3076,0
1774965785003,3147,GET Articles,200,Cenario 3 - Pico de Requisicoes 3-77,true,708075,157,46,46,3146,0
1774965785073,3107,GET Articles,200,Cenario 3 - Pico de Requisicoes 3-11,true,708075,157,45,45,3106,0
1774965785094,3119,GET Articles,200,Cenario 3 - Pico de Requisicoes 3-78,true,708074,157,44,44,3118,0
1774965785132,3116,GET Articles,200,Cenario 3 - Pico de Requisicoes 3-47,true,708075,157,43,43,3116,0
1774965785154,3124,GET Articles,200,Cenario 3 - Pico de Requisicoes 3-79,true,708075,157,42,42,3123,0
1774965785180,3138,GET Articles,200,Cenario 3 - Pico de Requisicoes 3-48,true,708074,157,41,41,3138,0
1774965785215,3130,GET Articles,200,Cenario 3 - Pico de Requisicoes 3-29,true,708074,157,40,40,3129,0
1774965785237,3146,GET Articles,200,Cenario 3 - Pico de Requisicoes 3-18,true,708075,157,39,39,3146,0
1774965785304,3138,GET Articles,200,Cenario 3 - Pico de Requisicoes 3-49,true,708074,157,38,38,3137,0
1774965785324,3122,GET Articles,200,Cenario 3 - Pico de Requisicoes 3-81,true,708074,157,37,37,3121,0
1774965785264,3209,GET Articles,200,Cenario 3 - Pico de Requisicoes 3-80,true,708075,157,36,36,3208,0
1774965785359,3189,GET Articles,200,Cenario 3 - Pico de Requisicoes 3-30,true,708074,157,35,35,3188,0
1774965785396,3157,GET Articles,200,Cenario 3 - Pico de Requisicoes 3-50,true,708074,157,34,34,3156,0
1774965785420,3156,GET Articles,200,Cenario 3 - Pico de Requisicoes 3-82,true,708075,157,33,33,3155,0
1774965785444,3211,GET Articles,200,Cenario 3 - Pico de Requisicoes 3-7,true,708074,157,32,32,3210,0
1774965785501,3160,GET Articles,200,Cenario 3 - Pico de Requisicoes 3-12,true,708074,157,31,31,3159,0
1774965785507,3176,GET Articles,200,Cenario 3 - Pico de Requisicoes 3-83,true,708074,157,30,30,3175,0
1774965785527,3234,GET Articles,200,Cenario 3 - Pico de Requisicoes 3-31,true,708074,157,29,29,3233,0
1774965785591,3175,GET Articles,200,Cenario 3 - Pico de Requisicoes 3-85,true,708074,157,28,28,3174,0
1774965785565,3205,GET Articles,200,Cenario 3 - Pico de Requisicoes 3-84,true,708074,157,27,27,3204,0
1774965785684,3118,GET Articles,200,Cenario 3 - Pico de Requisicoes 3-52,true,708074,157,26,26,3117,0
1774965785622,3204,GET Articles,200,Cenario 3 - Pico de Requisicoes 3-51,true,708075,157,25,25,3204,0
1774965785690,3174,GET Articles,200,Cenario 3 - Pico de Requisicoes 3-86,true,708075,157,24,24,3174,0
1774965785724,3204,GET Articles,200,Cenario 3 - Pico de Requisicoes 3-19,true,708074,157,23,23,3203,0
1774965785762,3171,GET Articles,200,Cenario 3 - Pico de Requisicoes 3-32,true,708074,157,22,22,3170,0
1774965785797,3166,GET Articles,200,Cenario 3 - Pico de Requisicoes 3-87,true,708075,157,21,21,3166,0
1774965785908,3092,GET Articles,200,Cenario 3 - Pico de Requisicoes 3-53,true,708074,157,20,20,3091,0
1774965785832,3199,GET Articles,200,Cenario 3 - Pico de Requisicoes 3-88,true,708074,157,19,19,3198,0
1774965785912,3145,GET Articles,200,Cenario 3 - Pico de Requisicoes 3-54,true,708075,157,18,18,3145,0
1774965785937,3160,GET Articles,200,Cenario 3 - Pico de Requisicoes 3-3,true,708074,157,17,17,3160,0
1774965786019,3106,GET Articles,200,Cenario 3 - Pico de Requisicoes 3-89,true,708075,157,16,16,3105,0
1774965786024,3131,GET Articles,200,Cenario 3 - Pico de Requisicoes 3-90,true,708075,157,15,15,3131,0
1774965786028,3164,GET Articles,200,Cenario 3 - Pico de Requisicoes 3-33,true,708074,157,14,14,3163,0
1774965786061,3159,GET Articles,200,Cenario 3 - Pico de Requisicoes 3-8,true,708075,157,13,13,3157,0
1774965786088,3162,GET Articles,200,Cenario 3 - Pico de Requisicoes 3-55,true,708075,157,12,12,3161,0
1774965786124,3194,GET Articles,200,Cenario 3 - Pico de Requisicoes 3-91,true,708074,157,11,11,3194,0
1774965786162,3164,GET Articles,200,Cenario 3 - Pico de Requisicoes 3-34,true,708074,157,10,10,3163,0
1774965786182,3170,GET Articles,200,Cenario 3 - Pico de Requisicoes 3-92,true,708075,157,9,9,3169,0
1774965786209,3186,GET Articles,200,Cenario 3 - Pico de Requisicoes 3-56,true,708074,157,8,8,3185,0
1774965786244,3172,GET Articles,200,Cenario 3 - Pico de Requisicoes 3-20,true,708075,157,7,7,3171,0
1774965786266,3181,GET Articles,200,Cenario 3 - Pico de Requisicoes 3-93,true,708075,157,6,6,3181,0
1774965786336,3152,GET Articles,200,Cenario 3 - Pico de Requisicoes 3-94,true,708074,157,5,5,3151,0
1774965786293,3214,GET Articles,200,Cenario 3 - Pico de Requisicoes 3-5,true,708074,157,4,4,3214,0
1774965786358,3173,GET Articles,200,Cenario 3 - Pico de Requisicoes 3-21,true,708075,157,3,3,3172,0
1774965786386,3174,GET Articles,200,Cenario 3 - Pico de Requisicoes 3-57,true,708074,157,2,2,3173,0
1774965786427,3167,GET Articles,200,Cenario 3 - Pico de Requisicoes 3-95,true,708075,157,1,1,3167,0
